label,id,status,weight,declaration
GP,HMMU1000008,in_yard,27.1,100000000008
GP,HMMU1000016,in_yard,5.5,100000000016
GP,HMMU1000024,in_yard,6.6,100000000024
GP,HMMU1000032,in_yard,29.4,100000000032
GP,HMMU1000040,in_yard,24.3,100000000040
GP,HMMU1000048,in_yard,3,100000000048
DANGER,HMMU1000056,in_yard,13.1,100000000056
GP,HMMU1000064,in_yard,31.5,100000000064
DANGER,HMMU1000072,in_yard,5.3,100000000072
GP,HMMU1000080,in_yard,10.3,100000000080
RF,HMMU1000088,in_yard,16.7,100000000088
RF,HMMU1000096,in_yard,23.2,100000000096
GP,HMMU1000104,in_yard,24,100000000104
GP,HMMU1000112,in_yard,30.5,100000000112
GP,HMMU1000120,in_yard,21.6,100000000120
GP,HMMU1000128,in_yard,22.1,100000000128
GP,HMMU1000136,in_yard,8.9,100000000136
GP,HMMU1000144,in_yard,19.2,100000000144
GP,HMMU1000152,in_yard,14.9,100000000152
RF,HMMU1000160,in_yard,16.5,100000000160
GP,HMMU1000168,in_yard,17.9,100000000168
GP,HMMU1000176,in_yard,9.7,100000000176
GP,HMMU1000184,in_yard,5,100000000184
DANGER,HMMU1000192,in_yard,20.1,100000000192
GP,HMMU1000200,in_yard,27.5,100000000200
GP,HMMU1000208,in_yard,22,100000000208
DANGER,HMMU1000216,in_yard,17.2,100000000216
GP,HMMU1000224,in_yard,29.3,100000000224
GP,HMMU1000232,in_yard,13.6,100000000232
RF,HMMU1000240,in_yard,20.9,100000000240
RF,HMMU1000248,in_yard,17.4,100000000248
GP,HMMU1000256,in_yard,19.4,100000000256
DANGER,HMMU1000264,in_yard,16.8,100000000264
GP,HMMU1000272,in_yard,30.4,100000000272
DANGER,HMMU1000280,in_yard,5.1,100000000280
GP,HMMU1000288,in_yard,17,100000000288
GP,HMMU1000296,in_yard,5,100000000296
RF,HMMU1000304,in_yard,15.4,100000000304
GP,HMMU1000312,in_yard,14.4,100000000312
DANGER,HMMU1000320,in_yard,27.5,100000000320
GP,HMMU1000328,in_yard,22.8,100000000328
RF,HMMU1000336,in_yard,4.1,100000000336
GP,HMMU1000344,in_yard,2.5,100000000344
GP,HMMU1000352,in_yard,25.6,100000000352
GP,HMMU1000360,in_yard,7.8,100000000360
RF,HMMU1000368,in_yard,17.4,100000000368
GP,HMMU1000376,in_yard,7.7,100000000376
RF,HMMU1000384,in_yard,12.5,100000000384
RF,HMMU1000392,in_yard,31,100000000392
GP,HMMU1000400,in_yard,19.1,100000000400
GP,HMMU1000408,in_yard,25.4,100000000408
GP,HMMU1000416,in_yard,14.8,100000000416
GP,HMMU1000424,in_yard,7.9,100000000424
RF,HMMU1000432,in_yard,12.4,100000000432
GP,HMMU1000440,in_yard,25.5,100000000440
GP,HMMU1000448,in_yard,12,100000000448
GP,HMMU1000456,in_yard,5.4,100000000456
GP,HMMU1000464,in_yard,5,100000000464
RF,HMMU1000472,in_yard,29.3,100000000472
RF,HMMU1000480,in_yard,30.6,100000000480
GP,HMMU1000488,in_yard,25.1,100000000488
GP,HMMU1000496,in_yard,12.3,100000000496
RF,HMMU1000504,in_yard,15,100000000504
RF,HMMU1000512,in_yard,19.9,100000000512
GP,HMMU1000520,in_yard,21.8,100000000520
DANGER,HMMU1000528,in_yard,11.9,100000000528
GP,HMMU1000536,in_yard,29.9,100000000536
GP,HMMU1000544,in_yard,32.5,100000000544
GP,HMMU1000552,in_yard,19.1,100000000552
GP,HMMU1000560,in_yard,10.8,100000000560
GP,HMMU1000568,in_yard,26.3,100000000568
GP,HMMU1000576,in_yard,17.8,100000000576
GP,HMMU1000584,in_yard,31.8,100000000584
GP,HMMU1000592,in_yard,21.2,100000000592
GP,HMMU1000600,in_yard,21.3,100000000600
GP,HMMU1000608,in_yard,32.3,100000000608
GP,HMMU1000616,in_yard,31.7,100000000616
DANGER,HMMU1000624,in_yard,19.8,100000000624
GP,HMMU1000632,in_yard,19.1,100000000632
GP,HMMU1000640,in_yard,29.6,100000000640
GP,HMMU1000648,in_yard,25.3,100000000648
GP,HMMU1000656,in_yard,22.8,100000000656
GP,HMMU1000664,in_yard,15.1,100000000664
RF,HMMU1000672,in_yard,24,100000000672
GP,HMMU1000680,in_yard,18.5,100000000680
GP,HMMU1000688,in_yard,2.9,100000000688
DANGER,HMMU1000696,in_yard,9.2,100000000696
GP,HMMU1000704,in_yard,7,100000000704
GP,HMMU1000712,in_yard,26.1,100000000712
GP,HMMU1000720,in_yard,6.5,100000000720
GP,HMMU1000728,in_yard,27,100000000728
GP,HMMU1000736,in_yard,23.2,100000000736
RF,HMMU1000744,in_yard,7.6,100000000744
GP,HMMU1000752,in_yard,6.2,100000000752
GP,HMMU1000760,in_yard,16.5,100000000760
RF,HMMU1000768,in_yard,30,100000000768
RF,HMMU1000776,in_yard,11.9,100000000776
RF,HMMU1000784,in_yard,14.1,100000000784
GP,HMMU1000792,in_yard,21,100000000792
RF,HMMU1000800,in_yard,15.7,100000000800
GP,HMMU1000808,in_yard,6.6,100000000808
GP,HMMU1000816,in_yard,11.2,100000000816
RF,HMMU1000824,in_yard,22.7,100000000824
GP,HMMU1000832,in_yard,24.1,100000000831
GP,HMMU1000840,in_yard,6.5,100000000840
GP,HMMU1000848,in_yard,9.4,100000000848
GP,HMMU1000856,in_yard,12.7,100000000856
GP,HMMU1000864,in_yard,21.4,100000000864
DANGER,HMMU1000872,in_yard,5.3,100000000872
GP,HMMU1000880,in_yard,11.7,100000000880
RF,HMMU1000888,in_yard,21.5,100000000888
GP,HMMU1000896,in_yard,9.1,100000000896
GP,HMMU1000904,in_yard,21.8,100000000904
RF,HMMU1000912,in_yard,4.1,100000000912
DANGER,HMMU1000920,in_yard,14,100000000920
GP,HMMU1000928,in_yard,22,100000000928
GP,HMMU1000936,in_yard,23.6,100000000936
GP,HMMU1000944,in_yard,19.6,100000000944
RF,HMMU1000952,in_yard,24.7,100000000952
GP,HMMU1000960,in_yard,5.1,100000000960
RF,HMMU1000968,in_yard,21.4,100000000968
GP,HMMU1000976,in_yard,18.1,100000000976
RF,HMMU1000984,in_yard,18.7,100000000984
RF,HMMU1000992,in_yard,11.2,100000000992
GP,HMMU1001000,in_yard,12.9,100000001000
GP,HMMU1001008,in_yard,28.6,100000001008
GP,HMMU1001016,in_yard,26.2,100000001016
GP,HMMU1001024,in_yard,23.7,100000001024
GP,HMMU1001032,in_yard,17.1,100000001032
RF,HMMU1001040,in_yard,11.1,100000001040
GP,HMMU1001048,in_yard,8.3,100000001048
DANGER,HMMU1001056,in_yard,30.9,100000001056
GP,HMMU1001064,in_yard,27.5,100000001064
RF,HMMU1001072,in_yard,20.5,100000001072
GP,HMMU1001080,in_yard,3.5,100000001080
DANGER,HMMU1001088,in_yard,20.5,100000001088
GP,HMMU1001096,in_yard,2.9,100000001096
GP,HMMU1001104,in_yard,24.9,100000001104
GP,HMMU1001112,in_yard,7,100000001112
GP,HMMU1001120,in_yard,14.9,100000001120
DANGER,HMMU1001128,in_yard,22.9,100000001128
RF,HMMU1001136,in_yard,19.1,100000001136
GP,HMMU1001144,in_yard,14.8,100000001144
GP,HMMU1001152,in_yard,19.5,100000001152
GP,HMMU1001160,in_yard,16.3,100000001160
RF,HMMU1001168,in_yard,19.2,100000001168
GP,HMMU1001176,in_yard,26.4,100000001176
RF,HMMU1001184,in_yard,4.8,100000001184
DANGER,HMMU1001192,in_yard,14.9,100000001192
GP,HMMU1001200,in_yard,32.2,100000001200
GP,HMMU1001208,in_yard,11.6,100000001208
GP,HMMU1001216,in_yard,6.3,100000001216
GP,HMMU1001224,in_yard,25.4,100000001224
DANGER,HMMU1001232,in_yard,13.9,100000001232
DANGER,HMMU1001240,in_yard,26.1,100000001240
GP,HMMU1001248,in_yard,20.6,100000001248
GP,HMMU1001256,in_yard,19.3,100000001256
GP,HMMU1001264,in_yard,27.5,100000001264
RF,HMMU1001272,in_yard,9.8,100000001272
RF,HMMU1001280,in_yard,27,100000001280
DANGER,HMMU1001288,in_yard,11.6,100000001288
GP,HMMU1001296,in_yard,24.8,100000001296
GP,HMMU1001304,in_yard,22.1,100000001304
DANGER,HMMU1001312,in_yard,17.9,100000001312
GP,HMMU1001320,in_yard,25.9,100000001320
GP,HMMU1001328,in_yard,12.8,100000001328
RF,HMMU1001336,in_yard,3.1,100000001336
GP,HMMU1001344,in_yard,7,100000001344
GP,HMMU1001352,in_yard,20.9,100000001352
GP,HMMU1001360,in_yard,7.5,100000001360
GP,HMMU1001368,in_yard,4.1,100000001368
RF,HMMU1001376,in_yard,16.7,100000001376
RF,HMMU1001384,in_yard,24.5,100000001384
GP,HMMU1001392,in_yard,11.9,100000001392
DANGER,HMMU1001400,in_yard,29.3,100000001400
RF,HMMU1001408,in_yard,26.4,100000001408
GP,HMMU1001416,in_yard,17.2,100000001416
DANGER,HMMU1001424,in_yard,12,100000001424
DANGER,HMMU1001432,in_yard,17.9,100000001432
GP,HMMU1001440,in_yard,2.5,100000001440
DANGER,HMMU1001448,in_yard,26.8,100000001448
GP,HMMU1001456,in_yard,10.7,100000001456
GP,HMMU1001464,in_yard,26.2,100000001464
RF,HMMU1001472,in_yard,10.7,100000001472
GP,HMMU1001480,in_yard,7.9,100000001480
GP,HMMU1001488,in_yard,24,100000001488
RF,HMMU1001496,in_yard,19.3,100000001496
GP,HMMU1001504,in_yard,21.3,100000000004
GP,HMMU1001512,in_yard,22.6,100000000012
GP,HMMU1001520,in_yard,24.8,100000000020
GP,HMMU1001528,in_yard,31.5,100000000028
RF,HMMU1001536,in_yard,9.8,100000000036
RF,HMMU1001544,in_yard,21.3,100000000044
GP,HMMU1001552,in_yard,29.2,100000000052
DANGER,HMMU1001560,in_yard,28.1,100000000060
GP,HMMU1001568,in_yard,2.8,100000000068
RF,HMMU1001576,in_yard,31.8,100000000076
GP,HMMU1001584,in_yard,14.1,100000000084
DANGER,HMMU1001592,in_yard,13.1,100000000092
RF,HMMU1001600,in_yard,9.6,100000000100
GP,HMMU1001608,in_yard,4.6,100000000108
RF,HMMU1001616,in_yard,21.5,100000000116
GP,HMMU1001624,in_yard,3.9,100000000124
DANGER,HMMU1001632,in_yard,26.9,100000000132
GP,HMMU1001640,in_yard,5.9,100000000140
GP,HMMU1001648,in_yard,24.3,100000000148
RF,HMMU1001656,in_yard,8.8,100000000156
GP,HMMU1001664,in_yard,29.9,100000000164
GP,HMMU1001672,in_yard,12,100000000172
RF,HMMU1001680,in_yard,8.5,100000000180
RF,HMMU1001688,in_yard,18.8,100000000188
GP,HMMU1001696,in_yard,15.1,100000000196
GP,HMMU1001704,in_yard,29,100000000204
GP,HMMU1001712,in_yard,11.2,100000000212
GP,HMMU1001720,in_yard,8.2,100000000220
GP,HMMU1001728,in_yard,22.2,100000000228
GP,HMMU1001736,in_yard,29.3,100000000236
GP,HMMU1001744,in_yard,14.2,100000000244
GP,HMMU1001752,in_yard,32.4,100000000252
GP,HMMU1001760,in_yard,17.4,100000000260
GP,HMMU1001768,in_yard,22.7,100000000268
GP,HMMU1001776,in_yard,24.7,100000000276
GP,HMMU1001784,in_yard,31.3,100000000284
GP,HMMU1001792,in_yard,6.3,100000000292
GP,HMMU1001800,in_yard,16,100000000300
GP,HMMU1001808,in_yard,28.4,100000000308
DANGER,HMMU1001816,in_yard,30.3,100000000316
RF,HMMU1001824,in_yard,19.6,100000000324
GP,HMMU1001832,in_yard,6.8,100000000332
GP,HMMU1001840,in_yard,24.4,100000000340
RF,HMMU1001848,in_yard,3.6,100000000348
GP,HMMU1001856,in_yard,32.4,100000000356
RF,HMMU1001864,in_yard,14.1,100000000364
DANGER,HMMU1001872,in_yard,28.6,100000000372
DANGER,HMMU1001880,in_yard,6.6,100000000380
GP,HMMU1001888,in_yard,11.3,100000000388
GP,HMMU1001896,in_yard,31.3,100000000396
GP,HMMU1001904,in_yard,22.2,100000000404
GP,HMMU1001912,in_yard,5.2,100000000412
GP,HMMU1001920,in_yard,25.9,100000000420
DANGER,HMMU1001928,in_yard,13.2,100000000428
RF,HMMU1001936,in_yard,12.8,100000000436
GP,HMMU1001944,in_yard,29,100000000444
GP,HMMU1001952,in_yard,12.5,100000000452
RF,HMMU1001960,in_yard,17.6,100000000460
GP,HMMU1001968,in_yard,7.7,100000000468
GP,HMMU1001976,in_yard,21.8,100000000476
GP,HMMU1001984,in_yard,6.7,100000000484
RF,HMMU1001992,in_yard,3.2,100000000492
GP,HMMU1002000,in_yard,22.8,100000000500
RF,HMMU1002008,in_yard,31.1,100000000508
GP,HMMU1002016,in_yard,4.9,100000000516
DANGER,HMMU1002024,in_yard,19.8,100000000524
DANGER,HMMU1002032,in_yard,27,100000000532
RF,HMMU1002040,in_yard,9.1,100000000540
RF,HMMU1002048,in_yard,16.6,100000000548
RF,HMMU1002056,in_yard,26,100000000556
GP,HMMU1002064,in_yard,14.2,100000000564
RF,HMMU1002072,in_yard,28.9,100000000572
GP,HMMU1002080,in_yard,4.1,100000000580
RF,HMMU1002088,in_yard,19.5,100000000588
GP,HMMU1002096,in_yard,13.6,100000000596
GP,HMMU1002104,in_yard,12.8,100000000604
RF,HMMU1002112,in_yard,15.2,100000000612
RF,HMMU1002120,in_yard,15.1,100000000620
GP,HMMU1002128,in_yard,6.9,100000000628
RF,HMMU1002136,in_yard,12.1,100000000636
RF,HMMU1002144,in_yard,8.2,100000000644
GP,HMMU1002152,in_yard,6.5,100000000652
RF,HMMU1002160,in_yard,5.4,100000000660
RF,HMMU1002168,in_yard,26.9,100000000668
GP,HMMU1002176,in_yard,22.6,100000000676
GP,HMMU1002184,in_yard,12.5,100000000684
DANGER,HMMU1002192,in_yard,20.8,100000000692
GP,HMMU1002200,in_yard,22.4,100000000700
RF,HMMU1002208,in_yard,24.8,100000000708
GP,HMMU1002216,in_yard,30.8,100000000716
GP,HMMU1002224,in_yard,26.2,100000000724
RF,HMMU1002232,in_yard,2.9,100000000732
GP,HMMU1002240,in_yard,20.3,100000000740
GP,HMMU1002248,in_yard,11.9,100000000748
DANGER,HMMU1002256,in_yard,11.5,100000000756
GP,HMMU1002264,in_yard,19.7,100000000764
GP,HMMU1002272,in_yard,13.7,100000000772
RF,HMMU1002280,in_yard,13.8,100000000780
DANGER,HMMU1002288,in_yard,31.8,100000000788
GP,HMMU1002296,in_yard,20.9,100000000796
DANGER,HMMU1002304,in_yard,6.3,100000000804
GP,HMMU1002312,in_yard,25.1,100000000812
RF,HMMU1002320,in_yard,20.8,100000000820
GP,HMMU1002328,in_yard,23.8,100000000828
GP,HMMU1002336,in_yard,20.6,100000000836
RF,HMMU1002344,in_yard,5.5,100000000844
DANGER,HMMU1002352,in_yard,11.8,100000000852
GP,HMMU1002360,in_yard,6.4,100000000860
DANGER,HMMU1002368,in_yard,14.2,100000000868
GP,HMMU1002376,in_yard,7.8,100000000876
RF,HMMU1002384,in_yard,16.6,100000000884
GP,HMMU1002392,in_yard,20.3,100000000892
RF,HMMU1002400,in_yard,9.4,100000000900
GP,HMMU1002408,in_yard,25.7,100000000908
DANGER,HMMU1002416,in_yard,8.2,100000000916
DANGER,HMMU1002424,in_yard,9.4,100000000924
GP,HMMU1002432,in_yard,11.8,100000000932
GP,HMMU1002440,in_yard,13.9,100000000940
GP,HMMU1002448,in_yard,6.6,100000000948
GP,HMMU1002456,in_yard,25.2,100000000956
RF,HMMU1002464,in_yard,22,100000000964
GP,HMMU1002472,in_yard,30.2,100000000972
GP,HMMU1002480,in_yard,10.6,100000000980
GP,HMMU1002488,in_yard,11.6,100000000988
GP,HMMU1002496,in_yard,15.1,100000000996
GP,HMMU1002504,in_yard,29.3,100000001004
GP,HMMU1002512,in_yard,14.6,100000001012
GP,HMMU1002520,in_yard,28.2,100000001020
GP,HMMU1002528,in_yard,13.8,100000001028
GP,HMMU1002536,in_yard,4.6,100000001036
RF,HMMU1002544,in_yard,9,100000001044
DANGER,HMMU1002552,in_yard,10.8,100000001052
DANGER,HMMU1002560,in_yard,5.6,100000001060
GP,HMMU1002568,in_yard,5.3,100000001068
RF,HMMU1002576,in_yard,22.3,100000001076
GP,HMMU1002584,in_yard,14.9,100000001084
RF,HMMU1002592,in_yard,8.9,100000001092
RF,HMMU1002600,in_yard,29,100000001100
RF,HMMU1002608,in_yard,19,100000001108
GP,HMMU1002616,in_yard,14.7,100000001116
RF,HMMU1002624,in_yard,3.2,100000001124
DANGER,HMMU1002632,in_yard,26.3,100000001132
GP,HMMU1002640,in_yard,19.5,100000001140
GP,HMMU1002648,in_yard,31.4,100000001148
DANGER,HMMU1002656,in_yard,19,100000001156
GP,HMMU1002664,in_yard,28.9,100000001164
GP,HMMU1002672,in_yard,26.5,100000001172
RF,HMMU1002680,in_yard,13.1,100000001180
DANGER,HMMU1002688,in_yard,31.8,100000001188
GP,HMMU1002696,in_yard,17.6,100000001196
GP,HMMU1002704,in_yard,26.1,100000001204
GP,HMMU1002712,in_yard,7.2,100000001212
GP,HMMU1002720,in_yard,3.9,100000001220
RF,HMMU1002728,in_yard,20.1,100000001228
GP,HMMU1002736,in_yard,21.2,100000001236
GP,HMMU1002744,in_yard,21.8,100000001244
GP,HMMU1002752,in_yard,8.9,100000001252
RF,HMMU1002760,in_yard,25.2,100000001260
GP,HMMU1002768,in_yard,27.8,100000001268
RF,HMMU1002776,in_yard,22.3,100000001276
GP,HMMU1002784,in_yard,9.3,100000001284
RF,HMMU1002792,in_yard,26.6,100000001292
DANGER,HMMU1002800,in_yard,18.8,100000001300
RF,HMMU1002808,in_yard,4.6,100000001308
GP,HMMU1002816,in_yard,18.6,100000001316
RF,HMMU1002824,in_yard,4.8,100000001324
GP,HMMU1002832,in_yard,10.3,100000001332
GP,HMMU1002840,in_yard,28.4,100000001340
GP,HMMU1002848,in_yard,25.1,100000001348
GP,HMMU1002856,in_yard,25.9,100000001356
GP,HMMU1002864,in_yard,5.2,100000001364
GP,HMMU1002872,in_yard,3.4,100000001372
GP,HMMU1002880,in_yard,12.4,100000001380
RF,HMMU1002888,in_yard,10.3,100000001388
GP,HMMU1002896,in_yard,23.6,100000001396
RF,HMMU1002904,in_yard,15.2,100000001404
RF,HMMU1002912,in_yard,7,100000001412
GP,HMMU1002920,in_yard,11.9,100000001420
GP,HMMU1002928,in_yard,4.2,100000001428
GP,HMMU1002936,in_yard,7.8,100000001436
RF,HMMU1002944,in_yard,14.3,100000001444
GP,HMMU1002952,in_yard,19.4,100000001452
GP,HMMU1002960,in_yard,23.3,100000001460
DANGER,HMMU1002968,in_yard,2.5,100000001468
GP,HMMU1002976,in_yard,30.8,100000001476
GP,HMMU1002984,in_yard,30.5,100000001484
GP,HMMU1002992,in_yard,23.6,100000001492
GP,HMMU1003000,in_yard,3.6,100000001500
GP,HMMU1003008,in_yard,5.8,100000000008
GP,HMMU1003016,in_yard,29.9,100000000016
RF,HMMU1003024,in_yard,25.2,100000000024
GP,HMMU1003032,in_yard,32.3,100000000032
RF,HMMU1003040,in_yard,26.2,100000000040
RF,HMMU1003048,in_yard,11.3,100000000048
DANGER,HMMU1003056,in_yard,31.1,100000000056
GP,HMMU1003064,in_yard,6.6,100000000064
GP,HMMU1003072,in_yard,11.1,100000000072
GP,HMMU1003080,in_yard,19.4,100000000080
GP,HMMU1003088,in_yard,23.2,100000000088
GP,HMMU1003096,in_yard,8.1,100000000096
RF,HMMU1003104,in_yard,13.1,100000000104
GP,HMMU1003112,in_yard,26.1,100000000112
GP,HMMU1003120,in_yard,4.4,100000000120
GP,HMMU1003128,in_yard,10.7,100000000128
RF,HMMU1003136,in_yard,11.7,100000000136
GP,HMMU1003144,in_yard,16.1,100000000144
RF,HMMU1003152,in_yard,24.9,100000000152
RF,HMMU1003160,in_yard,31.8,100000000160
GP,HMMU1003168,in_yard,3.3,100000000168
GP,HMMU1003176,in_yard,8.8,100000000176
GP,HMMU1003184,in_yard,27.5,100000000184
RF,HMMU1003192,in_yard,23.5,100000000192
RF,HMMU1003200,in_yard,23.4,100000000200
GP,HMMU1003208,in_yard,27.4,100000000208
GP,HMMU1003216,in_yard,24.2,100000000216
GP,HMMU1003224,in_yard,7.2,100000000224
GP,HMMU1003232,in_yard,12.4,100000000232
GP,HMMU1003240,in_yard,31.2,100000000240
GP,HMMU1003248,in_yard,22,100000000248
RF,HMMU1003256,in_yard,13,100000000256
GP,HMMU1003264,in_yard,9.9,100000000264
GP,HMMU1003272,in_yard,13.2,100000000272
GP,HMMU1003280,in_yard,6.8,100000000280
RF,HMMU1003288,in_yard,32,100000000288
RF,HMMU1003296,in_yard,8.4,100000000296
GP,HMMU1003304,in_yard,27,100000000304
GP,HMMU1003312,in_yard,11.7,100000000312
DANGER,HMMU1003320,in_yard,16.7,100000000320
DANGER,HMMU1003328,in_yard,13.2,100000000328
GP,HMMU1003336,in_yard,23.3,100000000336
GP,HMMU1003344,in_yard,22.7,100000000344
GP,HMMU1003352,in_yard,14.1,100000000352
DANGER,HMMU1003360,in_yard,29.1,100000000360
RF,HMMU1003368,in_yard,3.8,100000000368
GP,HMMU1003376,in_yard,12.6,100000000376
GP,HMMU1003384,in_yard,28.6,100000000384
GP,HMMU1003392,in_yard,27.1,100000000392
GP,HMMU1003400,in_yard,13.4,100000000400
GP,HMMU1003408,in_yard,23.4,100000000408
GP,HMMU1003416,in_yard,21.2,100000000416
DANGER,HMMU1003424,in_yard,3.9,100000000424
GP,HMMU1003432,in_yard,19.8,100000000432
GP,HMMU1003440,in_yard,6.1,100000000440
GP,HMMU1003448,in_yard,4.3,100000000448
RF,HMMU1003456,in_yard,3.1,100000000456
GP,HMMU1003464,in_yard,3.5,100000000464
RF,HMMU1003472,in_yard,2.8,100000000472
GP,HMMU1003480,in_yard,21.1,100000000480
GP,HMMU1003488,in_yard,13,100000000488
GP,HMMU1003496,in_yard,22.4,100000000496
GP,HMMU1003504,in_yard,16.4,100000000504
GP,HMMU1003512,in_yard,19.8,100000000512
DANGER,HMMU1003520,in_yard,17.2,100000000520
GP,HMMU1003528,in_yard,5.1,100000000528
RF,HMMU1003536,in_yard,2.7,100000000536
DANGER,HMMU1003544,in_yard,21.6,100000000544
GP,HMMU1003552,in_yard,12,100000000552
GP,HMMU1003560,in_yard,5.5,100000000560
GP,HMMU1003568,in_yard,29,100000000568
GP,HMMU1003576,in_yard,4.7,100000000576
RF,HMMU1003584,in_yard,3,100000000584
RF,HMMU1003592,in_yard,12.3,100000000592
GP,HMMU1003600,in_yard,12.9,100000000600
GP,HMMU1003608,in_yard,12.4,100000000608
RF,HMMU1003616,in_yard,16.8,100000000616
GP,HMMU1003624,in_yard,15,100000000624
GP,HMMU1003632,in_yard,25.7,100000000632
RF,HMMU1003640,in_yard,30.9,100000000640
RF,HMMU1003648,in_yard,2.5,100000000648
GP,HMMU1003656,in_yard,6.5,100000000656
GP,HMMU1003664,in_yard,23.2,100000000664
GP,HMMU1003672,in_yard,17.4,100000000672
GP,HMMU1003680,in_yard,12.9,100000000680
GP,HMMU1003688,in_yard,10.6,100000000688
GP,HMMU1003696,in_yard,4.4,100000000696
GP,HMMU1003704,in_yard,32.2,100000000704
DANGER,HMMU1003712,in_yard,5.4,100000000712
RF,HMMU1003720,in_yard,7.7,100000000720
RF,HMMU1003728,in_yard,15.2,100000000728
GP,HMMU1003736,in_yard,14.3,100000000736
RF,HMMU1003744,in_yard,24.4,100000000744
RF,HMMU1003752,in_yard,4,100000000752
RF,HMMU1003760,in_yard,2.7,100000000760
GP,HMMU1003768,in_yard,24.2,100000000768
RF,HMMU1003776,in_yard,27.5,100000000776
RF,HMMU1003784,in_yard,5.8,100000000784
GP,HMMU1003792,in_yard,12.9,100000000792
DANGER,HMMU1003800,in_yard,27,100000000800
GP,HMMU1003808,in_yard,7,100000000808
GP,HMMU1003816,in_yard,15,100000000816
GP,HMMU1003832,in_yard,26.9,100000000831
GP,HMMU1003840,in_yard,28.5,100000000840
DANGER,HMMU1003848,in_yard,12.3,100000000848
GP,HMMU1003856,in_yard,28,100000000856
RF,HMMU1003864,in_yard,11,100000000864
GP,HMMU1003872,in_yard,32.4,100000000872
DANGER,HMMU1003880,in_yard,3.5,100000000880
GP,HMMU1003888,in_yard,21.8,100000000888
DANGER,HMMU1003896,in_yard,17.8,100000000896
GP,HMMU1003904,in_yard,24.1,100000000904
GP,HMMU1003912,in_yard,21.3,100000000912
GP,HMMU1003920,in_yard,20.2,100000000920
GP,HMMU1003928,in_yard,12.4,100000000928
GP,HMMU1003936,in_yard,4.3,100000000936
DANGER,HMMU1003944,in_yard,11.2,100000000944
GP,HMMU1003952,in_yard,18.1,100000000952
GP,HMMU1003960,in_yard,25,100000000960
DANGER,HMMU1003968,in_yard,4.3,100000000968
RF,HMMU1003976,in_yard,18.3,100000000976
GP,HMMU1003984,in_yard,5.3,100000000984
GP,HMMU1003992,in_yard,20.9,100000000992
GP,HMMU1004000,in_yard,24.7,100000001000
GP,HMMU1004008,in_yard,32,100000001008
RF,HMMU1004016,in_yard,15.1,100000001016
RF,HMMU1004024,in_yard,30.1,100000001024
RF,HMMU1004032,in_yard,10.8,100000001032
GP,HMMU1004040,in_yard,15.2,100000001040
RF,HMMU1004048,in_yard,3.2,100000001048
GP,HMMU1004056,in_yard,22.1,100000001056
GP,HMMU1004064,in_yard,23.3,100000001064
GP,HMMU1004072,in_yard,21.5,100000001072
GP,HMMU1004080,in_yard,2.8,100000001080
RF,HMMU1004088,in_yard,23,100000001088
GP,HMMU1004096,in_yard,7.4,100000001096
RF,HMMU1004104,in_yard,5.7,100000001104
DANGER,HMMU1004112,in_yard,29.7,100000001112
GP,HMMU1004120,in_yard,32,100000001120
RF,HMMU1004128,in_yard,19.8,100000001128
GP,HMMU1004136,in_yard,21.5,100000001136
GP,HMMU1004144,in_yard,26.9,100000001144
DANGER,HMMU1004152,in_yard,23.4,100000001152
GP,HMMU1004160,in_yard,9.8,100000001160
GP,HMMU1004168,in_yard,31.7,100000001168
GP,HMMU1004176,in_yard,14.4,100000001176
GP,HMMU1004184,in_yard,10.2,100000001184
GP,HMMU1004192,in_yard,30.1,100000001192
GP,HMMU1004200,in_yard,25.9,100000001200
GP,HMMU1004208,in_yard,17.2,100000001208
RF,HMMU1004216,in_yard,8.9,100000001216
GP,HMMU1004224,in_yard,29.9,100000001224
GP,HMMU1004232,in_yard,27,100000001232
GP,HMMU1004240,in_yard,29.2,100000001240
DANGER,HMMU1004248,in_yard,6.6,100000001248
GP,HMMU1004256,in_yard,5.7,100000001256
GP,HMMU1004264,in_yard,20.4,100000001264
GP,HMMU1004272,in_yard,23.5,100000001272
GP,HMMU1004280,in_yard,7.6,100000001280
RF,HMMU1004288,in_yard,31.4,100000001288
GP,HMMU1004296,in_yard,3.1,100000001296
GP,HMMU1004304,in_yard,7.8,100000001304
DANGER,HMMU1004312,in_yard,3,100000001312
GP,HMMU1004320,in_yard,4.9,100000001320
GP,HMMU1004328,in_yard,24.9,100000001328
DANGER,HMMU1004336,in_yard,23.5,100000001336
GP,HMMU1004344,in_yard,31.2,100000001344
RF,HMMU1004352,in_yard,30.1,100000001352
RF,HMMU1004360,in_yard,10.2,100000001360
GP,HMMU1004368,in_yard,26.3,100000001368
DANGER,HMMU1004376,in_yard,19.2,100000001376
GP,HMMU1004384,in_yard,5,100000001384
RF,HMMU1004392,in_yard,16.9,100000001392
GP,HMMU1004400,in_yard,15,100000001400
RF,HMMU1004408,in_yard,9.3,100000001408
RF,HMMU1004416,in_yard,7.6,100000001416
GP,HMMU1004424,in_yard,3.7,100000001424
GP,HMMU1004432,in_yard,5.9,100000001432
GP,HMMU1004440,in_yard,14.8,100000001440
GP,HMMU1004448,in_yard,30.1,100000001448
GP,HMMU1004456,in_yard,24.5,100000001456
GP,HMMU1004464,in_yard,5.8,100000001464
GP,HMMU1004472,in_yard,13.9,100000001472
DANGER,HMMU1004480,in_yard,22,100000001480
DANGER,HMMU1004488,in_yard,3.6,100000001488
GP,HMMU1004496,in_yard,30.9,100000001496
GP,HMMU1004504,in_yard,31.8,100000000004
RF,HMMU1004512,in_yard,5.8,100000000012
RF,HMMU1004520,in_yard,3.2,100000000020
GP,HMMU1004528,in_yard,23.8,100000000028
RF,HMMU1004536,in_yard,12.7,100000000036
RF,HMMU1004544,in_yard,25,100000000044
GP,HMMU1004552,in_yard,29.9,100000000052
RF,HMMU1004560,in_yard,26.8,100000000060
GP,HMMU1004568,in_yard,3.8,100000000068
GP,HMMU1004576,in_yard,7.9,100000000076
GP,HMMU1004584,in_yard,25.1,100000000084
GP,HMMU1004592,in_yard,16.6,100000000092
GP,HMMU1004600,in_yard,13.4,100000000100
DANGER,HMMU1004608,in_yard,28.2,100000000108
GP,HMMU1004616,in_yard,29.8,100000000116
GP,HMMU1004624,in_yard,9.4,100000000124
GP,HMMU1004632,in_yard,2.6,100000000132
DANGER,HMMU1004640,in_yard,22.2,100000000140
GP,HMMU1004648,in_yard,19.7,100000000148
RF,HMMU1004656,in_yard,8.1,100000000156
GP,HMMU1004664,in_yard,9.9,100000000164
DANGER,HMMU1004672,in_yard,29.6,100000000172
DANGER,HMMU1004680,in_yard,31.6,100000000180
GP,HMMU1004688,in_yard,28.7,100000000188
GP,HMMU1004696,in_yard,18.2,100000000196
GP,HMMU1004704,in_yard,12.5,100000000204
GP,HMMU1004712,in_yard,6.9,100000000212
RF,HMMU1004720,in_yard,14,100000000220
GP,HMMU1004728,in_yard,13.9,100000000228
GP,HMMU1004736,in_yard,10.7,100000000236
GP,HMMU1004744,in_yard,16.7,100000000244
DANGER,HMMU1004752,in_yard,6.1,100000000252
GP,HMMU1004760,in_yard,10.2,100000000260
GP,HMMU1004768,in_yard,20.7,100000000268
GP,HMMU1004776,in_yard,2.5,100000000276
GP,HMMU1004784,in_yard,16.1,100000000284
GP,HMMU1004792,in_yard,15.2,100000000292
RF,HMMU1004800,in_yard,17.6,100000000300
RF,HMMU1004808,in_yard,5.1,100000000308
GP,HMMU1004816,in_yard,29.9,100000000316
GP,HMMU1004824,in_yard,20.3,100000000324
GP,HMMU1004832,in_yard,32.3,100000000332
RF,HMMU1004840,in_yard,22.3,100000000340
GP,HMMU1004848,in_yard,12.2,100000000348
GP,HMMU1004856,in_yard,3.6,100000000356
RF,HMMU1004864,in_yard,14,100000000364
RF,HMMU1004872,in_yard,8.6,100000000372
GP,HMMU1004880,in_yard,17.4,100000000380
GP,HMMU1004888,in_yard,12.5,100000000388
GP,HMMU1004896,in_yard,11.2,100000000396
RF,HMMU1004904,in_yard,26,100000000404
GP,HMMU1004912,in_yard,10.1,100000000412
GP,HMMU1004920,in_yard,21,100000000420
GP,HMMU1004928,in_yard,7.5,100000000428
GP,HMMU1004936,in_yard,20.9,100000000436
GP,HMMU1004944,in_yard,18.6,100000000444
GP,HMMU1004952,in_yard,28.5,100000000452
GP,HMMU1004960,in_yard,29.4,100000000460
GP,HMMU1004968,in_yard,29.4,100000000468
RF,HMMU1004976,in_yard,3.5,100000000476
GP,HMMU1004984,in_yard,31,100000000484
GP,HMMU1004992,in_yard,26.2,100000000492
GP,HMMU1005000,in_yard,27.9,100000000500
GP,HMMU1005008,in_yard,19.2,100000000508
DANGER,HMMU1005016,in_yard,27.9,100000000516
GP,HMMU1005024,in_yard,20.4,100000000524
DANGER,HMMU1005032,in_yard,18.2,100000000532
GP,HMMU1005040,in_yard,8.4,100000000540
GP,HMMU1005048,in_yard,19.4,100000000548
GP,HMMU1005056,in_yard,17.4,100000000556
RF,HMMU1005064,in_yard,15.1,100000000564
GP,HMMU1005072,in_yard,13.1,100000000572
RF,HMMU1005080,in_yard,26.7,100000000580
GP,HMMU1005088,in_yard,22,100000000588
RF,HMMU1005096,in_yard,16.4,100000000596
GP,HMMU1005104,in_yard,10.3,100000000604
GP,HMMU1005112,in_yard,28,100000000612
RF,HMMU1005120,in_yard,9.4,100000000620
GP,HMMU1005128,in_yard,2.5,100000000628
GP,HMMU1005136,in_yard,12,100000000636
GP,HMMU1005144,in_yard,14.6,100000000644
GP,HMMU1005152,in_yard,28.1,100000000652
RF,HMMU1005160,in_yard,5.6,100000000660
GP,HMMU1005168,in_yard,25.2,100000000668
GP,HMMU1005176,in_yard,20.6,100000000676
GP,HMMU1005184,in_yard,9.7,100000000684
GP,HMMU1005192,in_yard,6,100000000692
DANGER,HMMU1005200,in_yard,5.7,100000000700
GP,HMMU1005208,in_yard,7.3,100000000708
GP,HMMU1005216,in_yard,28.6,100000000716
RF,HMMU1005224,in_yard,5.6,100000000724
GP,HMMU1005232,in_yard,12.6,100000000732
RF,HMMU1005240,in_yard,13,100000000740
GP,HMMU1005248,in_yard,8.1,100000000748
GP,HMMU1005256,in_yard,11.1,100000000756
RF,HMMU1005264,in_yard,10,100000000764
GP,HMMU1005272,in_yard,24.9,100000000772
GP,HMMU1005280,in_yard,30.9,100000000780
GP,HMMU1005288,in_yard,28.3,100000000788
GP,HMMU1005296,in_yard,22.7,100000000796
GP,HMMU1005304,in_yard,21.1,100000000804
RF,HMMU1005312,in_yard,24.5,100000000812
RF,HMMU1005320,in_yard,7.8,100000000820
RF,HMMU1005328,in_yard,10.6,100000000828
GP,HMMU1005336,in_yard,18.8,100000000836
GP,HMMU1005344,in_yard,3,100000000844
GP,HMMU1005352,in_yard,7.3,100000000852
GP,HMMU1005360,in_yard,6.8,100000000860
RF,HMMU1005368,in_yard,30.4,100000000868
GP,HMMU1005376,in_yard,14.4,100000000876
GP,HMMU1005384,in_yard,11.7,100000000884
GP,HMMU1005392,in_yard,27.4,100000000892
GP,HMMU1005400,in_yard,12.9,100000000900
DANGER,HMMU1005408,in_yard,16.9,100000000908
GP,HMMU1005416,in_yard,18.6,100000000916
GP,HMMU1005424,in_yard,19.2,100000000924
GP,HMMU1005432,in_yard,4.8,100000000932
GP,HMMU1005440,in_yard,23.9,100000000940
GP,HMMU1005448,in_yard,12.7,100000000948
RF,HMMU1005456,in_yard,20.1,100000000956
GP,HMMU1005464,in_yard,23.2,100000000964
RF,HMMU1005472,in_yard,32.1,100000000972
GP,HMMU1005480,in_yard,21.9,100000000980
GP,HMMU1005488,in_yard,11.2,100000000988
GP,HMMU1005496,in_yard,16.2,100000000996
GP,HMMU1005504,in_yard,16.7,100000001004
GP,HMMU1005512,in_yard,26.7,100000001012
DANGER,HMMU1005520,in_yard,30.5,100000001020
DANGER,HMMU1005528,in_yard,31.2,100000001028
GP,HMMU1005536,in_yard,30.3,100000001036
GP,HMMU1005544,in_yard,28.9,100000001044
GP,HMMU1005552,in_yard,28.9,100000001052
GP,HMMU1005560,in_yard,20.2,100000001060
RF,HMMU1005568,in_yard,30.5,100000001068
GP,HMMU1005576,in_yard,9.1,100000001076
GP,HMMU1005584,in_yard,22.4,100000001084
RF,HMMU1005592,in_yard,30.7,100000001092
GP,HMMU1005600,in_yard,9.5,100000001100
DANGER,HMMU1005608,in_yard,29.4,100000001108
GP,HMMU1005616,in_yard,10,100000001116
GP,HMMU1005624,in_yard,10.7,100000001124
RF,HMMU1005632,in_yard,29,100000001132
RF,HMMU1005640,in_yard,10.1,100000001140
GP,HMMU1005648,in_yard,7.5,100000001148
GP,HMMU1005656,in_yard,7.6,100000001156
RF,HMMU1005664,in_yard,3.4,100000001164
GP,HMMU1005672,in_yard,9.1,100000001172
GP,HMMU1005680,in_yard,18.1,100000001180
GP,HMMU1005688,in_yard,29.6,100000001188
DANGER,HMMU1005696,in_yard,32.3,100000001196
GP,HMMU1005704,in_yard,15.2,100000001204
GP,HMMU1005712,in_yard,5.7,100000001212
GP,HMMU1005720,in_yard,7.7,100000001220
GP,HMMU1005728,in_yard,13.9,100000001228
RF,HMMU1005736,in_yard,22.1,100000001236
GP,HMMU1005744,in_yard,21.3,100000001244
GP,HMMU1005752,in_yard,10.4,100000001252
DANGER,HMMU1005760,in_yard,17.8,100000001260
GP,HMMU1005768,in_yard,10.3,100000001268
GP,HMMU1005776,in_yard,2.7,100000001276
GP,HMMU1005784,in_yard,20.7,100000001284
GP,HMMU1005792,in_yard,14.5,100000001292
GP,HMMU1005800,in_yard,15.8,100000001300
RF,HMMU1005808,in_yard,5.1,100000001308
GP,HMMU1005816,in_yard,21,100000001316
GP,HMMU1005824,in_yard,13.6,100000001324
RF,HMMU1005832,in_yard,19.2,100000001332
GP,HMMU1005840,in_yard,18.4,100000001340
RF,HMMU1005848,in_yard,32.5,100000001348
GP,HMMU1005856,in_yard,3.3,100000001356
GP,HMMU1005864,in_yard,14.2,100000001364
RF,HMMU1005872,in_yard,11.5,100000001372
GP,HMMU1005880,in_yard,29.3,100000001380
GP,HMMU1005888,in_yard,31.4,100000001388
RF,HMMU1005896,in_yard,23.6,100000001396
GP,HMMU1005904,in_yard,4.3,100000001404
GP,HMMU1005912,in_yard,28.6,100000001412
GP,HMMU1005920,in_yard,21.9,100000001420
GP,HMMU1005928,in_yard,7,100000001428
GP,HMMU1005936,in_yard,30.1,100000001436
GP,HMMU1005944,in_yard,12.8,100000001444
GP,HMMU1005952,in_yard,26.7,100000001452
GP,HMMU1005960,in_yard,9.3,100000001460
GP,HMMU1005968,in_yard,18.6,100000001468
GP,HMMU1005976,in_yard,29.1,100000001476
GP,HMMU1005984,in_yard,30.1,100000001484
GP,HMMU1005992,in_yard,32.1,100000001492
GP,HMMU1006000,in_yard,24.9,100000001500
RF,HMMU1006008,in_yard,25.6,100000000008
GP,HMMU1006016,in_yard,19.6,100000000016
GP,HMMU1006024,in_yard,26.1,100000000024
GP,HMMU1006032,in_yard,8.7,100000000032
GP,HMMU1006040,in_yard,19.6,100000000040
GP,HMMU1006048,in_yard,13.6,100000000048
DANGER,HMMU1006056,in_yard,23.1,100000000056
GP,HMMU1006064,in_yard,3.3,100000000064
GP,HMMU1006072,in_yard,23.4,100000000072
RF,HMMU1006080,in_yard,29.9,100000000080
GP,HMMU1006088,in_yard,7.9,100000000088
RF,HMMU1006096,in_yard,24.6,100000000096
RF,HMMU1006104,in_yard,19.9,100000000104
GP,HMMU1006112,in_yard,22.5,100000000112
GP,HMMU1006120,in_yard,30,100000000120
GP,HMMU1006128,in_yard,15.5,100000000128
GP,HMMU1006136,in_yard,21.8,100000000136
RF,HMMU1006144,in_yard,9.1,100000000144
RF,HMMU1006152,in_yard,18.2,100000000152
RF,HMMU1006160,in_yard,26,100000000160
RF,HMMU1006168,in_yard,15.9,100000000168
GP,HMMU1006176,in_yard,12.2,100000000176
GP,HMMU1006184,in_yard,4.3,100000000184
RF,HMMU1006192,in_yard,25.1,100000000192
GP,HMMU1006200,in_yard,6.6,100000000200
RF,HMMU1006208,in_yard,11.3,100000000208
GP,HMMU1006216,in_yard,29.1,100000000216
RF,HMMU1006224,in_yard,28.7,100000000224
RF,HMMU1006232,in_yard,23.3,100000000232
GP,HMMU1006240,in_yard,28.7,100000000240
GP,HMMU1006248,in_yard,26.1,100000000248
DANGER,HMMU1006256,in_yard,9.8,100000000256
GP,HMMU1006264,in_yard,31.9,100000000264
GP,HMMU1006272,in_yard,18,100000000272
GP,HMMU1006280,in_yard,14.1,100000000280
GP,HMMU1006288,in_yard,18.5,100000000288
GP,HMMU1006296,in_yard,27.7,100000000296
GP,HMMU1006304,in_yard,31.8,100000000304
GP,HMMU1006312,in_yard,25,100000000312
RF,HMMU1006320,in_yard,23.5,100000000320
GP,HMMU1006328,in_yard,19.1,100000000328
GP,HMMU1006336,in_yard,19.2,100000000336
RF,HMMU1006344,in_yard,31.2,100000000344
RF,HMMU1006352,in_yard,15.1,100000000352
GP,HMMU1006360,in_yard,23.2,100000000360
RF,HMMU1006368,in_yard,7,100000000368
RF,HMMU1006376,in_yard,12.7,100000000376
GP,HMMU1006384,in_yard,22,100000000384
DANGER,HMMU1006392,in_yard,18.2,100000000392
GP,HMMU1006400,in_yard,30.6,100000000400
RF,HMMU1006408,in_yard,6.1,100000000408
GP,HMMU1006416,in_yard,4.3,100000000416
RF,HMMU1006424,in_yard,25.5,100000000424
RF,HMMU1006432,in_yard,30.4,100000000432
RF,HMMU1006440,in_yard,9.1,100000000440
DANGER,HMMU1006448,in_yard,25,100000000448
GP,HMMU1006456,in_yard,19,100000000456
GP,HMMU1006464,in_yard,11.9,100000000464
RF,HMMU1006472,in_yard,10.5,100000000472
GP,HMMU1006480,in_yard,6,100000000480
RF,HMMU1006488,in_yard,16.1,100000000488
GP,HMMU1006496,in_yard,31.6,100000000496
DANGER,HMMU1006504,in_yard,4,100000000504
RF,HMMU1006512,in_yard,14.3,100000000512
RF,HMMU1006520,in_yard,3.2,100000000520
GP,HMMU1006528,in_yard,8.9,100000000528
GP,HMMU1006536,in_yard,4.2,100000000536
GP,HMMU1006544,in_yard,5.9,100000000544
GP,HMMU1006552,in_yard,19.2,100000000552
GP,HMMU1006560,in_yard,30.6,100000000560
GP,HMMU1006568,in_yard,9.1,100000000568
GP,HMMU1006576,in_yard,9.7,100000000576
GP,HMMU1006584,in_yard,16.5,100000000584
GP,HMMU1006592,in_yard,11.6,100000000592
GP,HMMU1006600,in_yard,7.2,100000000600
GP,HMMU1006608,in_yard,19.8,100000000608
RF,HMMU1006616,in_yard,20.4,100000000616
RF,HMMU1006624,in_yard,8.8,100000000624
GP,HMMU1006632,in_yard,22.3,100000000632
GP,HMMU1006640,in_yard,31,100000000640
GP,HMMU1006648,in_yard,26.9,100000000648
DANGER,HMMU1006656,in_yard,31.6,100000000656
GP,HMMU1006664,in_yard,5,100000000664
DANGER,HMMU1006672,in_yard,7.4,100000000672
RF,HMMU1006680,in_yard,31.3,100000000680
GP,HMMU1006688,in_yard,20.4,100000000688
GP,HMMU1006696,in_yard,17.2,100000000696
DANGER,HMMU1006704,in_yard,3.9,100000000704
RF,HMMU1006712,in_yard,11.9,100000000712
GP,HMMU1006720,in_yard,2.6,100000000720
RF,HMMU1006728,in_yard,13.6,100000000728
GP,HMMU1006736,in_yard,14.6,100000000736
GP,HMMU1006744,in_yard,15.9,100000000744
GP,HMMU1006752,in_yard,12.9,100000000752
GP,HMMU1006760,in_yard,21.8,100000000760
RF,HMMU1006768,in_yard,4.2,100000000768
GP,HMMU1006776,in_yard,21.5,100000000776
GP,HMMU1006784,in_yard,30.7,100000000784
GP,HMMU1006792,in_yard,22.6,100000000792
GP,HMMU1006800,in_yard,27.1,100000000800
GP,HMMU1006808,in_yard,20,100000000808
GP,HMMU1006816,in_yard,14.2,100000000816
GP,HMMU1006824,in_yard,17.7,100000000824
GP,HMMU1006832,in_yard,21.9,100000000831
GP,HMMU1006840,in_yard,15.4,100000000840
RF,HMMU1006848,in_yard,7.1,100000000848
RF,HMMU1006856,in_yard,21.9,100000000856
GP,HMMU1006864,in_yard,8.7,100000000864
DANGER,HMMU1006872,in_yard,29.2,100000000872
GP,HMMU1006880,in_yard,6,100000000880
RF,HMMU1006888,in_yard,24.8,100000000888
GP,HMMU1006896,in_yard,12.4,100000000896
GP,HMMU1006904,in_yard,9.5,100000000904
GP,HMMU1006912,in_yard,16.2,100000000912
GP,HMMU1006920,in_yard,19.2,100000000920
GP,HMMU1006928,in_yard,27.2,100000000928
GP,HMMU1006936,in_yard,3.4,100000000936
GP,HMMU1006944,in_yard,8.2,100000000944
GP,HMMU1006952,in_yard,2.8,100000000952
DANGER,HMMU1006960,in_yard,25.9,100000000960
GP,HMMU1006968,in_yard,19.4,100000000968
GP,HMMU1006976,in_yard,13.5,100000000976
GP,HMMU1006984,in_yard,12.3,100000000984
GP,HMMU1006992,in_yard,20.4,100000000992
GP,HMMU1007000,in_yard,18.5,100000001000
GP,HMMU1007008,in_yard,2.5,100000001008
GP,HMMU1007016,in_yard,23.6,100000001016
RF,HMMU1007024,in_yard,13.7,100000001024
GP,HMMU1007032,in_yard,4.9,100000001032
GP,HMMU1007040,in_yard,14.8,100000001040
GP,HMMU1007048,in_yard,13.1,100000001048
GP,HMMU1007056,in_yard,26,100000001056
GP,HMMU1007064,in_yard,30,100000001064
GP,HMMU1007072,in_yard,12.7,100000001072
GP,HMMU1007080,in_yard,16.8,100000001080
GP,HMMU1007088,in_yard,30.1,100000001088
GP,HMMU1007096,in_yard,11.9,100000001096
RF,HMMU1007104,in_yard,9.8,100000001104
GP,HMMU1007112,in_yard,11.2,100000001112
DANGER,HMMU1007120,in_yard,7.8,100000001120
GP,HMMU1007128,in_yard,27.9,100000001128
GP,HMMU1007136,in_yard,24.6,100000001136
GP,HMMU1007144,in_yard,28.3,100000001144
GP,HMMU1007152,in_yard,26.4,100000001152
RF,HMMU1007160,in_yard,30.2,100000001160
GP,HMMU1007168,in_yard,14.5,100000001168
GP,HMMU1007176,in_yard,22.6,100000001176
DANGER,HMMU1007184,in_yard,11.7,100000001184
DANGER,HMMU1007192,in_yard,32,100000001192
GP,HMMU1007200,in_yard,24,100000001200
GP,HMMU1007208,in_yard,21.9,100000001208
RF,HMMU1007216,in_yard,22.7,100000001216
GP,HMMU1007224,in_yard,11.3,100000001224
RF,HMMU1007232,in_yard,14.5,100000001232
DANGER,HMMU1007240,in_yard,6.8,100000001240
RF,HMMU1007248,in_yard,23.4,100000001248
RF,HMMU1007256,in_yard,23.8,100000001256
RF,HMMU1007264,in_yard,30.6,100000001264
RF,HMMU1007272,in_yard,5.1,100000001272
RF,HMMU1007280,in_yard,8.6,100000001280
GP,HMMU1007288,in_yard,9.4,100000001288
GP,HMMU1007296,in_yard,29.7,100000001296
GP,HMMU1007304,in_yard,5.7,100000001304
RF,HMMU1007312,in_yard,28.6,100000001312
GP,HMMU1007320,in_yard,23.4,100000001320
GP,HMMU1007328,in_yard,30.2,100000001328
RF,HMMU1007336,in_yard,32.2,100000001336
RF,HMMU1007344,in_yard,30.2,100000001344
GP,HMMU1007352,in_yard,5.9,100000001352
GP,HMMU1007360,in_yard,15.7,100000001360
GP,HMMU1007368,in_yard,13.3,100000001368
RF,HMMU1007376,in_yard,21.2,100000001376
RF,HMMU1007384,in_yard,16.4,100000001384
DANGER,HMMU1007392,in_yard,8.5,100000001392
GP,HMMU1007400,in_yard,2.6,100000001400
RF,HMMU1007408,in_yard,8.7,100000001408
GP,HMMU1007416,in_yard,24.9,100000001416
DANGER,HMMU1007424,in_yard,18.3,100000001424
GP,HMMU1007432,in_yard,11,100000001432
RF,HMMU1007440,in_yard,12.9,100000001440
GP,HMMU1007448,in_yard,22.6,100000001448
GP,HMMU1007456,in_yard,15.6,100000001456
RF,HMMU1007464,in_yard,14.2,100000001464
RF,HMMU1007472,in_yard,2.5,100000001472
GP,HMMU1007480,in_yard,17.9,100000001480
GP,HMMU1007488,in_yard,31.6,100000001488
RF,HMMU1007496,in_yard,23,100000001496
RF,HMMU1007504,in_yard,23.6,100000000004
RF,HMMU1007512,in_yard,32,100000000012
GP,HMMU1007520,in_yard,6.9,100000000020
GP,HMMU1007528,in_yard,30.8,100000000028
DANGER,HMMU1007536,in_yard,19.1,100000000036
GP,HMMU1007544,in_yard,4.8,100000000044
DANGER,HMMU1007552,in_yard,7,100000000052
GP,HMMU1007560,in_yard,30.7,100000000060
GP,HMMU1007568,in_yard,8.9,100000000068
GP,HMMU1007576,in_yard,22,100000000076
GP,HMMU1007584,in_yard,28.4,100000000084
GP,HMMU1007592,in_yard,12.1,100000000092
GP,HMMU1007600,in_yard,22.2,100000000100
GP,HMMU1007608,in_yard,31.5,100000000108
GP,HMMU1007616,in_yard,24.6,100000000116
RF,HMMU1007624,in_yard,19.9,100000000124
GP,HMMU1007632,in_yard,18.8,100000000132
GP,HMMU1007640,in_yard,20.6,100000000140
DANGER,HMMU1007648,in_yard,13.8,100000000148
GP,HMMU1007656,in_yard,30,100000000156
GP,HMMU1007664,in_yard,27.8,100000000164
GP,HMMU1007672,in_yard,27.6,100000000172
GP,HMMU1007680,in_yard,9.9,100000000180
GP,HMMU1007688,in_yard,18.8,100000000188
GP,HMMU1007696,in_yard,8.9,100000000196
DANGER,HMMU1007704,in_yard,9.6,100000000204
GP,HMMU1007712,in_yard,5,100000000212
GP,HMMU1007720,in_yard,14.1,100000000220
DANGER,HMMU1007728,in_yard,21.4,100000000228
GP,HMMU1007736,in_yard,9,100000000236
DANGER,HMMU1007744,in_yard,8.7,100000000244
DANGER,HMMU1007752,in_yard,30.7,100000000252
RF,HMMU1007760,in_yard,25.1,100000000260
RF,HMMU1007768,in_yard,8.8,100000000268
DANGER,HMMU1007776,in_yard,17.6,100000000276
GP,HMMU1007784,in_yard,10.3,100000000284
GP,HMMU1007792,in_yard,19,100000000292
GP,HMMU1007800,in_yard,21.4,100000000300
RF,HMMU1007808,in_yard,11,100000000308
GP,HMMU1007816,in_yard,23.7,100000000316
DANGER,HMMU1007824,in_yard,27.1,100000000324
GP,HMMU1007832,in_yard,3.8,100000000332
RF,HMMU1007840,in_yard,15.5,100000000340
GP,HMMU1007848,in_yard,8.4,100000000348
DANGER,HMMU1007856,in_yard,14.3,100000000356
DANGER,HMMU1007864,in_yard,24.6,100000000364
RF,HMMU1007872,in_yard,6.5,100000000372
GP,HMMU1007880,in_yard,9.3,100000000380
GP,HMMU1007888,in_yard,30.7,100000000388
GP,HMMU1007896,in_yard,14.7,100000000396
GP,HMMU1007904,in_yard,10.5,100000000404
GP,HMMU1007912,in_yard,24.2,100000000412
GP,HMMU1007920,in_yard,15.1,100000000420
GP,HMMU1007928,in_yard,8.4,100000000428
GP,HMMU1007936,in_yard,6.9,100000000436
DANGER,HMMU1007944,in_yard,7.5,100000000444
GP,HMMU1007952,in_yard,21.6,100000000452
RF,HMMU1007960,in_yard,27.1,100000000460
GP,HMMU1007968,in_yard,22.3,100000000468
GP,HMMU1007976,in_yard,17.3,100000000476
GP,HMMU1007984,in_yard,19.2,100000000484
GP,HMMU1007992,in_yard,14.6,100000000492
RF,HMMU1008000,in_yard,6,100000000500
GP,HMMU1008008,in_yard,4.1,100000000508
GP,YMLU1000007,in_yard,29.4,100000000007
GP,YMLU1000015,in_yard,25.8,100000000015
GP,YMLU1000023,in_yard,19.9,100000000023
GP,YMLU1000031,in_yard,3.3,100000000031
GP,YMLU1000039,in_yard,15.5,100000000039
GP,YMLU1000047,in_yard,15.9,100000000047
GP,YMLU1000055,in_yard,25.9,100000000055
GP,YMLU1000063,in_yard,15.6,100000000063
GP,YMLU1000071,in_yard,19.5,100000000071
GP,YMLU1000079,in_yard,5,100000000079
RF,YMLU1000087,in_yard,19.2,100000000087
GP,YMLU1000095,in_yard,10,100000000095
GP,YMLU1000103,in_yard,11.3,100000000103
GP,YMLU1000111,in_yard,24.8,100000000111
GP,YMLU1000119,in_yard,6.4,100000000119
GP,YMLU1000127,in_yard,28.6,100000000127
GP,YMLU1000135,in_yard,4.3,100000000135
DANGER,YMLU1000143,in_yard,3.4,100000000143
GP,YMLU1000151,in_yard,7.3,100000000151
RF,YMLU1000159,in_yard,6.2,100000000159
GP,YMLU1000167,in_yard,28.7,100000000167
RF,YMLU1000175,in_yard,6.5,100000000175
GP,YMLU1000183,in_yard,28.4,100000000183
RF,YMLU1000191,in_yard,14.9,100000000191
RF,YMLU1000199,in_yard,7.4,100000000199
GP,YMLU1000207,in_yard,18.5,100000000207
RF,YMLU1000215,in_yard,7.5,100000000215
GP,YMLU1000223,in_yard,19.5,100000000223
GP,YMLU1000231,in_yard,5,100000000231
GP,YMLU1000239,in_yard,18.8,100000000239
RF,YMLU1000247,in_yard,7.4,100000000247
RF,YMLU1000255,in_yard,32.1,100000000255
GP,YMLU1000263,in_yard,4.5,100000000263
RF,YMLU1000271,in_yard,17.7,100000000271
GP,YMLU1000279,in_yard,17.5,100000000279
GP,YMLU1000287,in_yard,17.3,100000000287
GP,YMLU1000295,in_yard,6.1,100000000295
RF,YMLU1000303,in_yard,28.9,100000000303
GP,YMLU1000311,in_yard,22.8,100000000311
GP,YMLU1000319,in_yard,13.3,100000000319
RF,YMLU1000327,in_yard,23,100000000327
GP,YMLU1000335,in_yard,2.6,100000000335
GP,YMLU1000343,in_yard,12.7,100000000343
GP,YMLU1000351,in_yard,27.3,100000000351
DANGER,YMLU1000359,in_yard,25.3,100000000359
RF,YMLU1000367,in_yard,4.4,100000000367
RF,YMLU1000375,in_yard,24.3,100000000375
DANGER,YMLU1000383,in_yard,28.7,100000000383
GP,YMLU1000391,in_yard,26.3,100000000391
RF,YMLU1000399,in_yard,26.8,100000000399
GP,YMLU1000407,in_yard,16.8,100000000407
GP,YMLU1000415,in_yard,16.7,100000000415
GP,YMLU1000423,in_yard,30.2,100000000423
RF,YMLU1000431,in_yard,11,100000000431
RF,YMLU1000439,in_yard,5.3,100000000439
DANGER,YMLU1000447,in_yard,7.3,100000000447
GP,YMLU1000455,in_yard,16,100000000455
GP,YMLU1000463,in_yard,5.7,100000000463
GP,YMLU1000471,in_yard,31.2,100000000471
GP,YMLU1000479,in_yard,17.3,100000000479
DANGER,YMLU1000487,in_yard,18.2,100000000487
GP,YMLU1000495,in_yard,12.1,100000000495
GP,YMLU1000503,in_yard,19.4,100000000503
GP,YMLU1000511,in_yard,6.7,100000000511
RF,YMLU1000519,in_yard,23.9,100000000519
GP,YMLU1000527,in_yard,18.8,100000000527
GP,YMLU1000535,in_yard,23.5,100000000535
GP,YMLU1000543,in_yard,30.7,100000000543
RF,YMLU1000551,in_yard,25.1,100000000551
RF,YMLU1000559,in_yard,5.3,100000000559
GP,YMLU1000567,in_yard,16.2,100000000567
GP,YMLU1000575,in_yard,2.7,100000000575
DANGER,YMLU1000583,in_yard,13.1,100000000583
DANGER,YMLU1000591,in_yard,11.8,100000000591
RF,YMLU1000599,in_yard,17,100000000599
GP,YMLU1000607,in_yard,16.1,100000000607
RF,YMLU1000615,in_yard,14.1,100000000615
RF,YMLU1000623,in_yard,18,100000000623
GP,YMLU1000631,in_yard,15.1,100000000631
GP,YMLU1000639,in_yard,22.8,100000000639
GP,YMLU1000647,in_yard,15.4,100000000647
GP,YMLU1000655,in_yard,12.2,100000000655
GP,YMLU1000663,in_yard,17.6,100000000663
RF,YMLU1000671,in_yard,13.4,100000000671
GP,YMLU1000679,in_yard,13,100000000679
RF,YMLU1000687,in_yard,26,100000000687
RF,YMLU1000695,in_yard,13.6,100000000695
GP,YMLU1000703,in_yard,30.2,100000000703
GP,YMLU1000711,in_yard,24.2,100000000711
RF,YMLU1000719,in_yard,17.5,100000000719
GP,YMLU1000727,in_yard,22.7,100000000727
GP,YMLU1000735,in_yard,11.9,100000000735
RF,YMLU1000743,in_yard,23.3,100000000743
GP,YMLU1000751,in_yard,18.4,100000000751
GP,YMLU1000759,in_yard,21.5,100000000759
GP,YMLU1000767,in_yard,26.7,100000000767
GP,YMLU1000775,in_yard,19.3,100000000775
GP,YMLU1000783,in_yard,25.2,100000000783
GP,YMLU1000791,in_yard,29.7,100000000791
GP,YMLU1000799,in_yard,13.3,100000000799
GP,YMLU1000807,in_yard,12.4,100000000807
GP,YMLU1000815,in_yard,5.1,100000000815
GP,YMLU1000823,in_yard,24,100000000823
GP,YMLU1000831,in_yard,9.7,100000000831
DANGER,YMLU1000839,in_yard,19.9,100000000839
GP,YMLU1000847,in_yard,6.8,100000000847
RF,YMLU1000855,in_yard,32.2,100000000855
GP,YMLU1000863,in_yard,19,100000000863
GP,YMLU1000871,in_yard,7.8,100000000871
GP,YMLU1000879,in_yard,31.6,100000000879
GP,YMLU1000887,in_yard,30.9,100000000887
RF,YMLU1000895,in_yard,10.8,100000000895
RF,YMLU1000903,in_yard,23.6,100000000903
GP,YMLU1000911,in_yard,15.9,100000000911
GP,YMLU1000919,in_yard,9.7,100000000919
GP,YMLU1000927,in_yard,22.5,100000000927
GP,YMLU1000935,in_yard,7.2,100000000935
RF,YMLU1000943,in_yard,17.2,100000000943
GP,YMLU1000951,in_yard,5.5,100000000951
GP,YMLU1000959,in_yard,27.7,100000000959
RF,YMLU1000967,in_yard,6,100000000967
DANGER,YMLU1000975,in_yard,28.1,100000000975
GP,YMLU1000983,in_yard,7.8,100000000983
RF,YMLU1000991,in_yard,25.4,100000000991
DANGER,YMLU1000999,in_yard,16.2,100000000999
GP,YMLU1001007,in_yard,15.7,100000001007
GP,YMLU1001015,in_yard,5.5,100000001015
GP,YMLU1001023,in_yard,27.6,100000001023
GP,YMLU1001031,in_yard,20.8,100000001031
GP,YMLU1001039,in_yard,6.7,100000001039
GP,YMLU1001047,in_yard,6,100000001047
GP,YMLU1001055,in_yard,29.3,100000001055
GP,YMLU1001063,in_yard,24.1,100000001063
GP,YMLU1001071,in_yard,28.5,100000001071
RF,YMLU1001079,in_yard,28.4,100000001079
GP,YMLU1001087,in_yard,8.2,100000001087
RF,YMLU1001095,in_yard,9.2,100000001095
GP,YMLU1001103,in_yard,9.4,100000001103
DANGER,YMLU1001111,in_yard,28,100000001111
GP,YMLU1001119,in_yard,23.5,100000001119
GP,YMLU1001127,in_yard,6.5,100000001127
GP,YMLU1001135,in_yard,19,100000001135
RF,YMLU1001143,in_yard,15.6,100000001143
GP,YMLU1001151,in_yard,31.2,100000001151
GP,YMLU1001159,in_yard,29,100000001159
DANGER,YMLU1001167,in_yard,11.7,100000001167
GP,YMLU1001175,in_yard,15,100000001175
GP,YMLU1001183,in_yard,17.8,100000001183
GP,YMLU1001191,in_yard,16.9,100000001191
GP,YMLU1001199,in_yard,19,100000001199
GP,YMLU1001207,in_yard,28.9,100000001207
GP,YMLU1001215,in_yard,29.7,100000001215
RF,YMLU1001223,in_yard,17.6,100000001223
GP,YMLU1001231,in_yard,7.2,100000001231
GP,YMLU1001239,in_yard,20.8,100000001239
GP,YMLU1001247,in_yard,31.7,100000001247
GP,YMLU1001255,in_yard,27,100000001255
GP,YMLU1001263,in_yard,29.9,100000001263
DANGER,YMLU1001271,in_yard,31.6,100000001271
GP,YMLU1001279,in_yard,9.6,100000001279
RF,YMLU1001287,in_yard,32.5,100000001287
RF,YMLU1001295,in_yard,23.4,100000001295
GP,YMLU1001303,in_yard,20.8,100000001303
GP,YMLU1001311,in_yard,10.5,100000001311
GP,YMLU1001319,in_yard,4.1,100000001319
GP,YMLU1001327,in_yard,15.2,100000001327
GP,YMLU1001335,in_yard,21.2,100000001335
RF,YMLU1001343,in_yard,24.4,100000001343
GP,YMLU1001351,in_yard,19.3,100000001351
RF,YMLU1001359,in_yard,27.7,100000001359
GP,YMLU1001367,in_yard,4.5,100000001367
RF,YMLU1001375,in_yard,12,100000001375
GP,YMLU1001383,in_yard,10,100000001383
DANGER,YMLU1001391,in_yard,6.4,100000001391
GP,YMLU1001399,in_yard,3.4,100000001399
DANGER,YMLU1001407,in_yard,11.3,100000001407
DANGER,YMLU1001415,in_yard,27.5,100000001415
DANGER,YMLU1001423,in_yard,25.8,100000001423
GP,YMLU1001431,in_yard,7.5,100000001431
GP,YMLU1001439,in_yard,29.6,100000001439
RF,YMLU1001447,in_yard,7.9,100000001447
GP,YMLU1001455,in_yard,31.2,100000001455
GP,YMLU1001463,in_yard,31.8,100000001463
DANGER,YMLU1001471,in_yard,6.3,100000001471
RF,YMLU1001479,in_yard,28.7,100000001479
RF,YMLU1001487,in_yard,11.1,100000001487
GP,YMLU1001495,in_yard,27.5,100000001495
GP,YMLU1001503,in_yard,4.7,100000000003
GP,YMLU1001511,in_yard,29.7,100000000011
GP,YMLU1001519,in_yard,31.1,100000000019
GP,YMLU1001527,in_yard,13.6,100000000027
GP,YMLU1001535,in_yard,2.7,100000000035
GP,YMLU1001543,in_yard,24.3,100000000043
GP,YMLU1001551,in_yard,15.3,100000000051
GP,YMLU1001559,in_yard,31.7,100000000059
RF,YMLU1001567,in_yard,25.1,100000000067
RF,YMLU1001575,in_yard,12.6,100000000075
GP,YMLU1001583,in_yard,29.4,100000000083
RF,YMLU1001591,in_yard,10.6,100000000091
GP,YMLU1001599,in_yard,28,100000000099
RF,YMLU1001607,in_yard,11.9,100000000107
RF,YMLU1001615,in_yard,31.8,100000000115
GP,YMLU1001623,in_yard,21.9,100000000123
GP,YMLU1001631,in_yard,32.2,100000000131
GP,YMLU1001639,in_yard,18.4,100000000139
GP,YMLU1001647,in_yard,27.8,100000000147
GP,YMLU1001655,in_yard,16.2,100000000155
GP,YMLU1001663,in_yard,23.8,100000000163
GP,YMLU1001671,in_yard,19.1,100000000171
RF,YMLU1001679,in_yard,32.1,100000000179
GP,YMLU1001687,in_yard,21.4,100000000187
RF,YMLU1001695,in_yard,23.6,100000000195
GP,YMLU1001703,in_yard,10.3,100000000203
RF,YMLU1001711,in_yard,23.9,100000000211
GP,YMLU1001719,in_yard,10.1,100000000219
GP,YMLU1001727,in_yard,17.6,100000000227
GP,YMLU1001735,in_yard,13.4,100000000235
RF,YMLU1001743,in_yard,17.7,100000000243
GP,YMLU1001751,in_yard,32,100000000251
GP,YMLU1001759,in_yard,26.7,100000000259
GP,YMLU1001767,in_yard,20.2,100000000267
GP,YMLU1001775,in_yard,19.1,100000000275
GP,YMLU1001783,in_yard,7.6,100000000283
DANGER,YMLU1001791,in_yard,6.8,100000000291
RF,YMLU1001799,in_yard,22.2,100000000299
GP,YMLU1001807,in_yard,12.3,100000000307
GP,YMLU1001815,in_yard,20.9,100000000315
GP,YMLU1001823,in_yard,9,100000000323
RF,YMLU1001831,in_yard,19.5,100000000331
GP,YMLU1001839,in_yard,7,100000000339
GP,YMLU1001847,in_yard,14.4,100000000347
GP,YMLU1001855,in_yard,19.2,100000000355
RF,YMLU1001863,in_yard,21.2,100000000363
GP,YMLU1001871,in_yard,17.4,100000000371
GP,YMLU1001879,in_yard,15.9,100000000379
GP,YMLU1001887,in_yard,32.3,100000000387
DANGER,YMLU1001895,in_yard,31.7,100000000395
RF,YMLU1001903,in_yard,19.1,100000000403
GP,YMLU1001911,in_yard,32.1,100000000411
GP,YMLU1001919,in_yard,30.2,100000000419
GP,YMLU1001927,in_yard,3.8,100000000427
RF,YMLU1001935,in_yard,30.5,100000000435
GP,YMLU1001943,in_yard,22.5,100000000443
GP,YMLU1001951,in_yard,3.8,100000000451
RF,YMLU1001959,in_yard,24.2,100000000459
RF,YMLU1001967,in_yard,22.9,100000000467
RF,YMLU1001975,in_yard,24,100000000475
RF,YMLU1001983,in_yard,29.3,100000000483
RF,YMLU1001991,in_yard,27.8,100000000491
RF,YMLU1001999,in_yard,19,100000000499
RF,YMLU1002007,in_yard,30.2,100000000507
DANGER,YMLU1002015,in_yard,11.3,100000000515
GP,YMLU1002023,in_yard,2.6,100000000523
RF,YMLU1002031,in_yard,20.1,100000000531
RF,YMLU1002039,in_yard,17.7,100000000539
GP,YMLU1002047,in_yard,22.1,100000000547
GP,YMLU1002055,in_yard,30.3,100000000555
GP,YMLU1002063,in_yard,14.6,100000000563
RF,YMLU1002071,in_yard,10.3,100000000571
GP,YMLU1002079,in_yard,22.2,100000000579
RF,YMLU1002087,in_yard,20.7,100000000587
GP,YMLU1002095,in_yard,8,100000000595
GP,YMLU1002103,in_yard,14.8,100000000603
GP,YMLU1002111,in_yard,32,100000000611
DANGER,YMLU1002119,in_yard,17.1,100000000619
GP,YMLU1002127,in_yard,14.8,100000000627
DANGER,YMLU1002135,in_yard,24.8,100000000635
RF,YMLU1002143,in_yard,8.1,100000000643
GP,YMLU1002151,in_yard,19.8,100000000651
DANGER,YMLU1002159,in_yard,14.4,100000000659
RF,YMLU1002167,in_yard,12.8,100000000667
RF,YMLU1002175,in_yard,30.7,100000000675
GP,YMLU1002183,in_yard,11.8,100000000683
GP,YMLU1002191,in_yard,17.1,100000000691
RF,YMLU1002199,in_yard,6.7,100000000699
GP,YMLU1002207,in_yard,30.6,100000000707
GP,YMLU1002215,in_yard,23.4,100000000715
GP,YMLU1002223,in_yard,6.5,100000000723
GP,YMLU1002231,in_yard,13.3,100000000731
GP,YMLU1002239,in_yard,15.6,100000000739
GP,YMLU1002247,in_yard,11.7,100000000747
RF,YMLU1002255,in_yard,23.1,100000000755
GP,YMLU1002263,in_yard,22.1,100000000763
GP,YMLU1002271,in_yard,18.9,100000000771
GP,YMLU1002279,in_yard,2.9,100000000779
GP,YMLU1002287,in_yard,12,100000000787
GP,YMLU1002295,in_yard,9.7,100000000795
GP,YMLU1002303,in_yard,18.3,100000000803
GP,YMLU1002311,in_yard,18.5,100000000811
RF,YMLU1002319,in_yard,26.1,100000000819
GP,YMLU1002327,in_yard,4,100000000827
GP,YMLU1002335,in_yard,8.8,100000000835
GP,YMLU1002343,in_yard,20.3,100000000843
GP,YMLU1002351,in_yard,2.5,100000000851
GP,YMLU1002359,in_yard,7.7,100000000859
GP,YMLU1002367,in_yard,32.4,100000000867
GP,YMLU1002375,in_yard,29.7,100000000875
GP,YMLU1002383,in_yard,27.9,100000000883
GP,YMLU1002391,in_yard,10.3,100000000891
GP,YMLU1002399,in_yard,23.8,100000000899
RF,YMLU1002407,in_yard,8.7,100000000907
GP,YMLU1002415,in_yard,9.5,100000000915
GP,YMLU1002423,in_yard,26.7,100000000923
GP,YMLU1002431,in_yard,29.3,100000000931
GP,YMLU1002439,in_yard,12.8,100000000939
DANGER,YMLU1002447,in_yard,25.9,100000000947
GP,YMLU1002455,in_yard,12.3,100000000955
GP,YMLU1002463,in_yard,9.4,100000000963
DANGER,YMLU1002471,in_yard,3.9,100000000971
RF,YMLU1002479,in_yard,22.5,100000000979
GP,YMLU1002487,in_yard,12.2,100000000987
GP,YMLU1002495,in_yard,6.4,100000000995
GP,YMLU1002503,in_yard,25.3,100000001003
GP,YMLU1002511,in_yard,21.7,100000001011
GP,YMLU1002519,in_yard,11.8,100000001019
RF,YMLU1002527,in_yard,19.2,100000001027
GP,YMLU1002535,in_yard,25.2,100000001035
GP,YMLU1002543,in_yard,21,100000001043
RF,YMLU1002551,in_yard,17.8,100000001051
GP,YMLU1002559,in_yard,25.7,100000001059
GP,YMLU1002567,in_yard,12.8,100000001067
RF,YMLU1002575,in_yard,8.7,100000001075
RF,YMLU1002583,in_yard,28.1,100000001083
GP,YMLU1002591,in_yard,20.7,100000001091
RF,YMLU1002599,in_yard,18.3,100000001099
GP,YMLU1002607,in_yard,24.5,100000001107
GP,YMLU1002615,in_yard,19.1,100000001115
GP,YMLU1002623,in_yard,20.3,100000001123
GP,YMLU1002631,in_yard,24.8,100000001131
GP,YMLU1002639,in_yard,22.7,100000001139
RF,YMLU1002647,in_yard,10.7,100000001147
RF,YMLU1002655,in_yard,19.4,100000001155
DANGER,YMLU1002663,in_yard,6.6,100000001163
GP,YMLU1002671,in_yard,4.6,100000001171
DANGER,YMLU1002679,in_yard,9.5,100000001179
RF,YMLU1002687,in_yard,21.8,100000001187
GP,YMLU1002695,in_yard,6.9,100000001195
RF,YMLU1002703,in_yard,27,100000001203
DANGER,YMLU1002711,in_yard,9.3,100000001211
GP,YMLU1002719,in_yard,4.7,100000001219
GP,YMLU1002727,in_yard,25.9,100000001227
GP,YMLU1002735,in_yard,22.9,100000001235
DANGER,YMLU1002743,in_yard,16.6,100000001243
GP,YMLU1002751,in_yard,32,100000001251
GP,YMLU1002759,in_yard,12.5,100000001259
GP,YMLU1002767,in_yard,19.1,100000001267
GP,YMLU1002775,in_yard,25.3,100000001275
GP,YMLU1002783,in_yard,12.4,100000001283
GP,YMLU1002791,in_yard,5.2,100000001291
RF,YMLU1002799,in_yard,12.8,100000001299
GP,YMLU1002807,in_yard,11.9,100000001307
GP,YMLU1002815,in_yard,14,100000001315
RF,YMLU1002823,in_yard,13.2,100000001323
GP,YMLU1002831,in_yard,30.7,100000001331
RF,YMLU1002839,in_yard,26.3,100000001339
GP,YMLU1002847,in_yard,5.8,100000001347
DANGER,YMLU1002855,in_yard,10.6,100000001355
DANGER,YMLU1002863,in_yard,9.9,100000001363
RF,YMLU1002871,in_yard,23,100000001371
RF,YMLU1002879,in_yard,29.8,100000001379
GP,YMLU1002887,in_yard,10.7,100000001387
GP,YMLU1002895,in_yard,29.2,100000001395
DANGER,YMLU1002903,in_yard,17.8,100000001403
GP,YMLU1002911,in_yard,16.6,100000001411
RF,YMLU1002919,in_yard,9.4,100000001419
GP,YMLU1002927,in_yard,3.6,100000001427
GP,YMLU1002935,in_yard,17.3,100000001435
GP,YMLU1002943,in_yard,12.5,100000001443
GP,YMLU1002951,in_yard,24.2,100000001451
GP,YMLU1002959,in_yard,16.1,100000001459
GP,YMLU1002967,in_yard,19.4,100000001467
GP,YMLU1002975,in_yard,16.3,100000001475
RF,YMLU1002983,in_yard,29.2,100000001483
RF,YMLU1002991,in_yard,29.8,100000001491
RF,YMLU1002999,in_yard,26.5,100000001499
GP,YMLU1003007,in_yard,27.9,100000000007
GP,YMLU1003015,in_yard,29.4,100000000015
DANGER,YMLU1003023,in_yard,15.1,100000000023
GP,YMLU1003031,in_yard,32.5,100000000031
GP,YMLU1003039,in_yard,24.4,100000000039
GP,YMLU1003047,in_yard,7.3,100000000047
GP,YMLU1003055,in_yard,25.6,100000000055
RF,YMLU1003063,in_yard,18,100000000063
GP,YMLU1003071,in_yard,13.5,100000000071
RF,YMLU1003079,in_yard,27.9,100000000079
GP,YMLU1003087,in_yard,27.7,100000000087
GP,YMLU1003095,in_yard,28.8,100000000095
RF,YMLU1003103,in_yard,20.4,100000000103
GP,YMLU1003111,in_yard,31.4,100000000111
RF,YMLU1003119,in_yard,18.8,100000000119
GP,YMLU1003127,in_yard,19.4,100000000127
GP,YMLU1003135,in_yard,26.9,100000000135
RF,YMLU1003143,in_yard,9.1,100000000143
GP,YMLU1003151,in_yard,21.3,100000000151
RF,YMLU1003159,in_yard,5.6,100000000159
GP,YMLU1003167,in_yard,23.8,100000000167
RF,YMLU1003175,in_yard,17.1,100000000175
RF,YMLU1003183,in_yard,6.7,100000000183
GP,YMLU1003191,in_yard,28.2,100000000191
GP,YMLU1003199,in_yard,31.3,100000000199
RF,YMLU1003207,in_yard,8.6,100000000207
GP,YMLU1003215,in_yard,23.5,100000000215
RF,YMLU1003223,in_yard,16.7,100000000223
DANGER,YMLU1003231,in_yard,10.2,100000000231
GP,YMLU1003239,in_yard,13.8,100000000239
RF,YMLU1003247,in_yard,21.1,100000000247
RF,YMLU1003255,in_yard,15.9,100000000255
RF,YMLU1003263,in_yard,2.5,100000000263
GP,YMLU1003271,in_yard,19.9,100000000271
GP,YMLU1003279,in_yard,9.9,100000000279
RF,YMLU1003287,in_yard,7.4,100000000287
GP,YMLU1003295,in_yard,3.1,100000000295
RF,YMLU1003303,in_yard,27.2,100000000303
GP,YMLU1003311,in_yard,25.4,100000000311
DANGER,YMLU1003319,in_yard,6,100000000319
GP,YMLU1003327,in_yard,24.1,100000000327
RF,YMLU1003335,in_yard,14.5,100000000335
GP,YMLU1003343,in_yard,30,100000000343
DANGER,YMLU1003351,in_yard,5.5,100000000351
RF,YMLU1003359,in_yard,4.1,100000000359
DANGER,YMLU1003367,in_yard,20.5,100000000367
DANGER,YMLU1003375,in_yard,21,100000000375
RF,YMLU1003383,in_yard,4.2,100000000383
GP,YMLU1003391,in_yard,11.4,100000000391
GP,YMLU1003399,in_yard,24.2,100000000399
GP,YMLU1003407,in_yard,25.2,100000000407
RF,YMLU1003415,in_yard,4.2,100000000415
RF,YMLU1003423,in_yard,10.7,100000000423
GP,YMLU1003431,in_yard,25.6,100000000431
RF,YMLU1003439,in_yard,9.6,100000000439
GP,YMLU1003447,in_yard,3.9,100000000447
GP,YMLU1003455,in_yard,14.1,100000000455
GP,YMLU1003463,in_yard,12.1,100000000463
DANGER,YMLU1003471,in_yard,27.2,100000000471
RF,YMLU1003479,in_yard,5.3,100000000479
GP,YMLU1003487,in_yard,20.5,100000000487
GP,YMLU1003495,in_yard,9.8,100000000495
GP,YMLU1003503,in_yard,14.8,100000000503
DANGER,YMLU1003511,in_yard,6.7,100000000511
GP,YMLU1003519,in_yard,7.7,100000000519
GP,YMLU1003527,in_yard,10,100000000527
DANGER,YMLU1003535,in_yard,29.3,100000000535
DANGER,YMLU1003543,in_yard,6.1,100000000543
GP,YMLU1003551,in_yard,4.8,100000000551
GP,YMLU1003559,in_yard,4.8,100000000559
GP,YMLU1003567,in_yard,12,100000000567
GP,YMLU1003575,in_yard,10.1,100000000575
GP,YMLU1003583,in_yard,19.7,100000000583
RF,YMLU1003591,in_yard,15.4,100000000591
RF,YMLU1003599,in_yard,7.3,100000000599
DANGER,YMLU1003607,in_yard,12.5,100000000607
GP,YMLU1003615,in_yard,17.3,100000000615
GP,YMLU1003623,in_yard,3.9,100000000623
RF,YMLU1003631,in_yard,20.8,100000000631
RF,YMLU1003639,in_yard,11.6,100000000639
GP,YMLU1003647,in_yard,13.6,100000000647
RF,YMLU1003655,in_yard,25.9,100000000655
GP,YMLU1003663,in_yard,10.6,100000000663
GP,YMLU1003671,in_yard,13.6,100000000671
GP,YMLU1003679,in_yard,3.5,100000000679
RF,YMLU1003687,in_yard,13,100000000687
GP,YMLU1003695,in_yard,16.6,100000000695
GP,YMLU1003703,in_yard,12.8,100000000703
GP,YMLU1003711,in_yard,25,100000000711
GP,YMLU1003719,in_yard,12.8,100000000719
GP,YMLU1003727,in_yard,18.9,100000000727
RF,YMLU1003735,in_yard,11.2,100000000735
GP,YMLU1003743,in_yard,17,100000000743
RF,YMLU1003751,in_yard,21.3,100000000751
GP,YMLU1003759,in_yard,23,100000000759
RF,YMLU1003767,in_yard,7.1,100000000767
GP,YMLU1003775,in_yard,17.4,100000000775
RF,YMLU1003783,in_yard,29.8,100000000783
GP,YMLU1003791,in_yard,21.5,100000000791
GP,YMLU1003799,in_yard,2.6,100000000799
RF,YMLU1003807,in_yard,25.2,100000000807
GP,YMLU1003815,in_yard,4.4,100000000815
DANGER,YMLU1003831,in_yard,30.3,100000000831
GP,YMLU1003839,in_yard,22.4,100000000839
GP,YMLU1003847,in_yard,22.5,100000000847
GP,YMLU1003855,in_yard,20,100000000855
GP,YMLU1003863,in_yard,19.7,100000000863
GP,YMLU1003871,in_yard,3.7,100000000871
GP,YMLU1003879,in_yard,20,100000000879
RF,YMLU1003887,in_yard,13.9,100000000887
DANGER,YMLU1003895,in_yard,15.7,100000000895
GP,YMLU1003903,in_yard,7.3,100000000903
GP,YMLU1003911,in_yard,14.2,100000000911
GP,YMLU1003919,in_yard,11.9,100000000919
GP,YMLU1003927,in_yard,29.7,100000000927
GP,YMLU1003935,in_yard,32.2,100000000935
RF,YMLU1003943,in_yard,31.3,100000000943
GP,YMLU1003951,in_yard,23.5,100000000951
RF,YMLU1003959,in_yard,20.8,100000000959
GP,YMLU1003967,in_yard,30,100000000967
RF,YMLU1003975,in_yard,2.5,100000000975
RF,YMLU1003983,in_yard,28.9,100000000983
GP,YMLU1003991,in_yard,4.3,100000000991
GP,YMLU1003999,in_yard,25.9,100000000999
GP,YMLU1004007,in_yard,14.1,100000001007
RF,YMLU1004015,in_yard,7.6,100000001015
GP,YMLU1004023,in_yard,17.2,100000001023
GP,YMLU1004031,in_yard,31.8,100000001031
RF,YMLU1004039,in_yard,23.2,100000001039
GP,YMLU1004047,in_yard,8.3,100000001047
GP,YMLU1004055,in_yard,22.9,100000001055
GP,YMLU1004063,in_yard,12.5,100000001063
GP,YMLU1004071,in_yard,21.9,100000001071
RF,YMLU1004079,in_yard,32.2,100000001079
GP,YMLU1004087,in_yard,32.5,100000001087
GP,YMLU1004095,in_yard,6,100000001095
GP,YMLU1004103,in_yard,5.5,100000001103
GP,YMLU1004111,in_yard,7.7,100000001111
GP,YMLU1004119,in_yard,5.2,100000001119
RF,YMLU1004127,in_yard,15.5,100000001127
GP,YMLU1004135,in_yard,30.3,100000001135
RF,YMLU1004143,in_yard,30.6,100000001143
GP,YMLU1004151,in_yard,4,100000001151
GP,YMLU1004159,in_yard,18.7,100000001159
RF,YMLU1004167,in_yard,15.1,100000001167
RF,YMLU1004175,in_yard,24.8,100000001175
RF,YMLU1004183,in_yard,30.6,100000001183
GP,YMLU1004191,in_yard,10.5,100000001191
RF,YMLU1004199,in_yard,28.5,100000001199
GP,YMLU1004207,in_yard,30.2,100000001207
GP,YMLU1004215,in_yard,23.6,100000001215
DANGER,YMLU1004223,in_yard,3,100000001223
GP,YMLU1004231,in_yard,19.5,100000001231
DANGER,YMLU1004239,in_yard,31,100000001239
RF,YMLU1004247,in_yard,14.7,100000001247
GP,YMLU1004255,in_yard,21,100000001255
GP,YMLU1004263,in_yard,18.3,100000001263
DANGER,YMLU1004271,in_yard,2.7,100000001271
RF,YMLU1004279,in_yard,28.6,100000001279
GP,YMLU1004287,in_yard,16.5,100000001287
GP,YMLU1004295,in_yard,12.1,100000001295
GP,YMLU1004303,in_yard,23.8,100000001303
GP,YMLU1004311,in_yard,10.9,100000001311
RF,YMLU1004319,in_yard,18.5,100000001319
GP,YMLU1004327,in_yard,31.3,100000001327
RF,YMLU1004335,in_yard,5.6,100000001335
GP,YMLU1004343,in_yard,16.5,100000001343
GP,YMLU1004351,in_yard,4.9,100000001351
GP,YMLU1004359,in_yard,28.8,100000001359
GP,YMLU1004367,in_yard,30.8,100000001367
GP,YMLU1004375,in_yard,16.9,100000001375
GP,YMLU1004383,in_yard,30.7,100000001383
GP,YMLU1004391,in_yard,4.8,100000001391
GP,YMLU1004399,in_yard,10.5,100000001399
GP,YMLU1004407,in_yard,19,100000001407
GP,YMLU1004415,in_yard,17.6,100000001415
GP,YMLU1004423,in_yard,6.7,100000001423
DANGER,YMLU1004431,in_yard,23.5,100000001431
RF,YMLU1004439,in_yard,8.2,100000001439
GP,YMLU1004447,in_yard,24.8,100000001447
GP,YMLU1004455,in_yard,26.5,100000001455
RF,YMLU1004463,in_yard,10.9,100000001463
GP,YMLU1004471,in_yard,29.5,100000001471
DANGER,YMLU1004479,in_yard,30.1,100000001479
GP,YMLU1004487,in_yard,29.6,100000001487
RF,YMLU1004495,in_yard,25.4,100000001495
DANGER,YMLU1004503,in_yard,12.3,100000000003
RF,YMLU1004511,in_yard,2.5,100000000011
GP,YMLU1004519,in_yard,7.9,100000000019
RF,YMLU1004527,in_yard,8.2,100000000027
GP,YMLU1004535,in_yard,19.5,100000000035
GP,YMLU1004543,in_yard,10,100000000043
GP,YMLU1004551,in_yard,8.8,100000000051
GP,YMLU1004559,in_yard,8,100000000059
GP,YMLU1004567,in_yard,18.7,100000000067
GP,YMLU1004575,in_yard,17.4,100000000075
GP,YMLU1004583,in_yard,2.5,100000000083
GP,YMLU1004591,in_yard,30.2,100000000091
RF,YMLU1004599,in_yard,20.7,100000000099
RF,YMLU1004607,in_yard,10.7,100000000107
GP,YMLU1004615,in_yard,32.2,100000000115
DANGER,YMLU1004623,in_yard,3,100000000123
RF,YMLU1004631,in_yard,6.9,100000000131
GP,YMLU1004639,in_yard,15,100000000139
GP,YMLU1004647,in_yard,11.9,100000000147
GP,YMLU1004655,in_yard,18.1,100000000155
GP,YMLU1004663,in_yard,22.4,100000000163
GP,YMLU1004671,in_yard,8,100000000171
GP,YMLU1004679,in_yard,10.9,100000000179
RF,YMLU1004687,in_yard,3.8,100000000187
GP,YMLU1004695,in_yard,30.7,100000000195
GP,YMLU1004703,in_yard,18.8,100000000203
GP,YMLU1004711,in_yard,3.5,100000000211
GP,YMLU1004719,in_yard,25.6,100000000219
GP,YMLU1004727,in_yard,4.3,100000000227
GP,YMLU1004735,in_yard,25.3,100000000235
RF,YMLU1004743,in_yard,28.7,100000000243
GP,YMLU1004751,in_yard,7.8,100000000251
GP,YMLU1004759,in_yard,27.2,100000000259
GP,YMLU1004767,in_yard,26.3,100000000267
GP,YMLU1004775,in_yard,4.8,100000000275
DANGER,YMLU1004783,in_yard,24.3,100000000283
GP,YMLU1004791,in_yard,15.9,100000000291
GP,YMLU1004799,in_yard,3.9,100000000299
RF,YMLU1004807,in_yard,31.2,100000000307
RF,YMLU1004815,in_yard,20.9,100000000315
GP,YMLU1004823,in_yard,28.3,100000000323
GP,YMLU1004831,in_yard,13.2,100000000331
RF,YMLU1004839,in_yard,17.6,100000000339
GP,YMLU1004847,in_yard,11.5,100000000347
RF,YMLU1004855,in_yard,2.7,100000000355
GP,YMLU1004863,in_yard,31.8,100000000363
GP,YMLU1004871,in_yard,11.6,100000000371
DANGER,YMLU1004879,in_yard,6.3,100000000379
GP,YMLU1004887,in_yard,27.2,100000000387
GP,YMLU1004895,in_yard,28.8,100000000395
GP,YMLU1004903,in_yard,13.3,100000000403
RF,YMLU1004911,in_yard,15,100000000411
DANGER,YMLU1004919,in_yard,18.3,100000000419
GP,YMLU1004927,in_yard,16.1,100000000427
DANGER,YMLU1004935,in_yard,31.8,100000000435
GP,YMLU1004943,in_yard,25.8,100000000443
GP,YMLU1004951,in_yard,29.8,100000000451
GP,YMLU1004959,in_yard,18.7,100000000459
RF,YMLU1004967,in_yard,11.3,100000000467
GP,YMLU1004975,in_yard,10.2,100000000475
GP,YMLU1004983,in_yard,8.2,100000000483
RF,YMLU1004991,in_yard,18.5,100000000491
GP,YMLU1004999,in_yard,25,100000000499
GP,YMLU1005007,in_yard,12.6,100000000507
GP,YMLU1005015,in_yard,29.3,100000000515
GP,YMLU1005023,in_yard,6.4,100000000523
RF,YMLU1005031,in_yard,17.2,100000000531
RF,YMLU1005039,in_yard,16.6,100000000539
GP,YMLU1005047,in_yard,21.9,100000000547
GP,YMLU1005055,in_yard,2.5,100000000555
GP,YMLU1005063,in_yard,27.1,100000000563
RF,YMLU1005071,in_yard,2.5,100000000571
GP,YMLU1005079,in_yard,27.5,100000000579
GP,YMLU1005087,in_yard,27.7,100000000587
DANGER,YMLU1005095,in_yard,28.7,100000000595
GP,YMLU1005103,in_yard,5.8,100000000603
GP,YMLU1005111,in_yard,30.9,100000000611
GP,YMLU1005119,in_yard,3.8,100000000619
GP,YMLU1005127,in_yard,31.3,100000000627
GP,YMLU1005135,in_yard,19,100000000635
GP,YMLU1005143,in_yard,21.7,100000000643
RF,YMLU1005151,in_yard,11.7,100000000651
GP,YMLU1005159,in_yard,9,100000000659
RF,YMLU1005167,in_yard,9.3,100000000667
RF,YMLU1005175,in_yard,6.7,100000000675
GP,YMLU1005183,in_yard,11.6,100000000683
RF,YMLU1005191,in_yard,9.2,100000000691
RF,YMLU1005199,in_yard,29.5,100000000699
GP,YMLU1005207,in_yard,9.6,100000000707
GP,YMLU1005215,in_yard,24.3,100000000715
RF,YMLU1005223,in_yard,24,100000000723
GP,YMLU1005231,in_yard,24.7,100000000731
GP,YMLU1005239,in_yard,7,100000000739
GP,YMLU1005247,in_yard,5.8,100000000747
GP,YMLU1005255,in_yard,14.4,100000000755
GP,YMLU1005263,in_yard,9.6,100000000763
DANGER,YMLU1005271,in_yard,22.7,100000000771
GP,YMLU1005279,in_yard,2.9,100000000779
GP,YMLU1005287,in_yard,10.9,100000000787
GP,YMLU1005295,in_yard,19.5,100000000795
RF,YMLU1005303,in_yard,29.3,100000000803
RF,YMLU1005311,in_yard,5.6,100000000811
GP,YMLU1005319,in_yard,22.6,100000000819
RF,YMLU1005327,in_yard,12.8,100000000827
GP,YMLU1005335,in_yard,24.5,100000000835
RF,YMLU1005343,in_yard,5,100000000843
GP,YMLU1005351,in_yard,23.5,100000000851
GP,YMLU1005359,in_yard,21.1,100000000859
GP,YMLU1005367,in_yard,15,100000000867
GP,YMLU1005375,in_yard,12.8,100000000875
RF,YMLU1005383,in_yard,27,100000000883
GP,YMLU1005391,in_yard,6.7,100000000891
GP,YMLU1005399,in_yard,20.5,100000000899
GP,YMLU1005407,in_yard,28.2,100000000907
DANGER,YMLU1005415,in_yard,7.2,100000000915
GP,YMLU1005423,in_yard,31.3,100000000923
GP,YMLU1005431,in_yard,17.7,100000000931
GP,YMLU1005439,in_yard,28.9,100000000939
GP,YMLU1005447,in_yard,29.3,100000000947
GP,YMLU1005455,in_yard,18.8,100000000955
RF,YMLU1005463,in_yard,30.3,100000000963
GP,YMLU1005471,in_yard,9.8,100000000971
RF,YMLU1005479,in_yard,15.6,100000000979
GP,YMLU1005487,in_yard,13.2,100000000987
GP,YMLU1005495,in_yard,8.9,100000000995
RF,YMLU1005503,in_yard,17.1,100000001003
GP,YMLU1005511,in_yard,27,100000001011
RF,YMLU1005519,in_yard,24.7,100000001019
GP,YMLU1005527,in_yard,3.3,100000001027
GP,YMLU1005535,in_yard,15.7,100000001035
GP,YMLU1005543,in_yard,16,100000001043
RF,YMLU1005551,in_yard,2.7,100000001051
RF,YMLU1005559,in_yard,16.2,100000001059
GP,YMLU1005567,in_yard,9.3,100000001067
DANGER,YMLU1005575,in_yard,21.8,100000001075
RF,YMLU1005583,in_yard,17.8,100000001083
GP,YMLU1005591,in_yard,19.3,100000001091
RF,YMLU1005599,in_yard,5.1,100000001099
DANGER,YMLU1005607,in_yard,10.2,100000001107
GP,YMLU1005615,in_yard,19.3,100000001115
GP,YMLU1005623,in_yard,11.1,100000001123
GP,YMLU1005631,in_yard,7,100000001131
GP,YMLU1005639,in_yard,2.8,100000001139
DANGER,YMLU1005647,in_yard,29.8,100000001147
RF,YMLU1005655,in_yard,19.5,100000001155
GP,YMLU1005663,in_yard,13.8,100000001163
GP,YMLU1005671,in_yard,29.8,100000001171
RF,YMLU1005679,in_yard,12.4,100000001179
GP,YMLU1005687,in_yard,17.1,100000001187
DANGER,YMLU1005695,in_yard,3.5,100000001195
RF,YMLU1005703,in_yard,10,100000001203
GP,YMLU1005711,in_yard,24,100000001211
GP,YMLU1005719,in_yard,31.7,100000001219
DANGER,YMLU1005727,in_yard,5.2,100000001227
RF,YMLU1005735,in_yard,8,100000001235
RF,YMLU1005743,in_yard,31.7,100000001243
RF,YMLU1005751,in_yard,9.8,100000001251
GP,YMLU1005759,in_yard,26.6,100000001259
GP,YMLU1005767,in_yard,6.8,100000001267
GP,YMLU1005775,in_yard,32.1,100000001275
RF,YMLU1005783,in_yard,31.3,100000001283
RF,YMLU1005791,in_yard,10.8,100000001291
GP,YMLU1005799,in_yard,2.5,100000001299
GP,YMLU1005807,in_yard,22.5,100000001307
RF,YMLU1005815,in_yard,12.7,100000001315
GP,YMLU1005823,in_yard,21.7,100000001323
RF,YMLU1005831,in_yard,20.6,100000001331
GP,YMLU1005839,in_yard,21.5,100000001339
GP,YMLU1005847,in_yard,7.8,100000001347
GP,YMLU1005855,in_yard,28.2,100000001355
RF,YMLU1005863,in_yard,18.9,100000001363
GP,YMLU1005871,in_yard,8.4,100000001371
GP,YMLU1005879,in_yard,23.3,100000001379
GP,YMLU1005887,in_yard,12.2,100000001387
GP,YMLU1005895,in_yard,18.9,100000001395
GP,YMLU1005903,in_yard,27.9,100000001403
GP,YMLU1005911,in_yard,22.8,100000001411
DANGER,YMLU1005919,in_yard,24.8,100000001419
GP,YMLU1005927,in_yard,20.7,100000001427
GP,YMLU1005935,in_yard,21.2,100000001435
GP,YMLU1005943,in_yard,13.1,100000001443
GP,YMLU1005951,in_yard,25.9,100000001451
RF,YMLU1005959,in_yard,3.3,100000001459
GP,YMLU1005967,in_yard,6.6,100000001467
GP,YMLU1005975,in_yard,13.8,100000001475
GP,YMLU1005983,in_yard,32.3,100000001483
GP,YMLU1005991,in_yard,5.3,100000001491
GP,YMLU1005999,in_yard,24,100000001499
GP,YMLU1006007,in_yard,9.7,100000000007
RF,YMLU1006015,in_yard,4.1,100000000015
GP,YMLU1006023,in_yard,5.6,100000000023
GP,YMLU1006031,in_yard,27.5,100000000031
RF,YMLU1006039,in_yard,16.4,100000000039
GP,YMLU1006047,in_yard,18.1,100000000047
GP,YMLU1006055,in_yard,4.4,100000000055
GP,YMLU1006063,in_yard,22.7,100000000063
DANGER,YMLU1006071,in_yard,10.6,100000000071
RF,YMLU1006079,in_yard,4.4,100000000079
GP,YMLU1006087,in_yard,19,100000000087
RF,YMLU1006095,in_yard,27.9,100000000095
GP,YMLU1006103,in_yard,20.1,100000000103
DANGER,YMLU1006111,in_yard,13.9,100000000111
GP,YMLU1006119,in_yard,15.4,100000000119
GP,YMLU1006127,in_yard,14.6,100000000127
GP,YMLU1006135,in_yard,17.4,100000000135
RF,YMLU1006143,in_yard,24.5,100000000143
GP,YMLU1006151,in_yard,11,100000000151
GP,YMLU1006159,in_yard,31.3,100000000159
GP,YMLU1006167,in_yard,26.4,100000000167
RF,YMLU1006175,in_yard,9.1,100000000175
RF,YMLU1006183,in_yard,5.9,100000000183
DANGER,YMLU1006191,in_yard,23.3,100000000191
GP,YMLU1006199,in_yard,27.6,100000000199
RF,YMLU1006207,in_yard,5.6,100000000207
GP,YMLU1006215,in_yard,17.4,100000000215
RF,YMLU1006223,in_yard,5.1,100000000223
GP,YMLU1006231,in_yard,6.7,100000000231
GP,YMLU1006239,in_yard,13.3,100000000239
RF,YMLU1006247,in_yard,7.5,100000000247
GP,YMLU1006255,in_yard,20.4,100000000255
GP,YMLU1006263,in_yard,8.6,100000000263
GP,YMLU1006271,in_yard,5.6,100000000271
GP,YMLU1006279,in_yard,27.6,100000000279
GP,YMLU1006287,in_yard,15.2,100000000287
GP,YMLU1006295,in_yard,18.9,100000000295
GP,YMLU1006303,in_yard,15.9,100000000303
RF,YMLU1006311,in_yard,17.7,100000000311
GP,YMLU1006319,in_yard,3.2,100000000319
RF,YMLU1006327,in_yard,18.1,100000000327
GP,YMLU1006335,in_yard,21.9,100000000335
RF,YMLU1006343,in_yard,17,100000000343
RF,YMLU1006351,in_yard,29,100000000351
RF,YMLU1006359,in_yard,26.1,100000000359
DANGER,YMLU1006367,in_yard,18.5,100000000367
RF,YMLU1006375,in_yard,29.8,100000000375
GP,YMLU1006383,in_yard,3.6,100000000383
RF,YMLU1006391,in_yard,27.6,100000000391
GP,YMLU1006399,in_yard,21.8,100000000399
RF,YMLU1006407,in_yard,13.3,100000000407
GP,YMLU1006415,in_yard,9.8,100000000415
GP,YMLU1006423,in_yard,4.1,100000000423
RF,YMLU1006431,in_yard,22.7,100000000431
GP,YMLU1006439,in_yard,23.7,100000000439
GP,YMLU1006447,in_yard,18.9,100000000447
GP,YMLU1006455,in_yard,30.5,100000000455
GP,YMLU1006463,in_yard,7.1,100000000463
GP,YMLU1006471,in_yard,14,100000000471
GP,YMLU1006479,in_yard,19.4,100000000479
RF,YMLU1006487,in_yard,10.4,100000000487
RF,YMLU1006495,in_yard,26,100000000495
GP,YMLU1006503,in_yard,14.6,100000000503
GP,YMLU1006511,in_yard,16.6,100000000511
DANGER,YMLU1006519,in_yard,32.5,100000000519
GP,YMLU1006527,in_yard,5.3,100000000527
GP,YMLU1006535,in_yard,16.7,100000000535
GP,YMLU1006543,in_yard,25.1,100000000543
GP,YMLU1006551,in_yard,8.5,100000000551
DANGER,YMLU1006559,in_yard,25.9,100000000559
GP,YMLU1006567,in_yard,12.3,100000000567
GP,YMLU1006575,in_yard,24.4,100000000575
RF,YMLU1006583,in_yard,31.1,100000000583
GP,YMLU1006591,in_yard,13.8,100000000591
RF,YMLU1006599,in_yard,18.7,100000000599
DANGER,YMLU1006607,in_yard,28.7,100000000607
RF,YMLU1006615,in_yard,29.9,100000000615
GP,YMLU1006623,in_yard,20,100000000623
DANGER,YMLU1006631,in_yard,6.1,100000000631
GP,YMLU1006639,in_yard,13.6,100000000639
RF,YMLU1006647,in_yard,19.7,100000000647
GP,YMLU1006655,in_yard,30.3,100000000655
GP,YMLU1006663,in_yard,21.7,100000000663
RF,YMLU1006671,in_yard,23.5,100000000671
RF,YMLU1006679,in_yard,16.2,100000000679
GP,YMLU1006687,in_yard,9.7,100000000687
RF,YMLU1006695,in_yard,5.7,100000000695
DANGER,YMLU1006703,in_yard,7.9,100000000703
GP,YMLU1006711,in_yard,30,100000000711
GP,YMLU1006719,in_yard,26.2,100000000719
RF,YMLU1006727,in_yard,27.4,100000000727
GP,YMLU1006735,in_yard,15.2,100000000735
RF,YMLU1006743,in_yard,20.8,100000000743
GP,YMLU1006751,in_yard,18.6,100000000751
GP,YMLU1006759,in_yard,26.6,100000000759
GP,YMLU1006767,in_yard,12.8,100000000767
RF,YMLU1006775,in_yard,29.4,100000000775
GP,YMLU1006783,in_yard,29,100000000783
GP,YMLU1006791,in_yard,24.9,100000000791
GP,YMLU1006799,in_yard,23.2,100000000799
GP,YMLU1006807,in_yard,15.4,100000000807
GP,YMLU1006815,in_yard,22.3,100000000815
DANGER,YMLU1006823,in_yard,18.3,100000000823
RF,YMLU1006831,in_yard,21.8,100000000831
DANGER,YMLU1006839,in_yard,19.5,100000000839
GP,YMLU1006847,in_yard,6.3,100000000847
RF,YMLU1006855,in_yard,20,100000000855
DANGER,YMLU1006863,in_yard,27.2,100000000863
RF,YMLU1006871,in_yard,31.5,100000000871
GP,YMLU1006879,in_yard,14.2,100000000879
DANGER,YMLU1006887,in_yard,4.3,100000000887
GP,YMLU1006895,in_yard,6.5,100000000895
GP,YMLU1006903,in_yard,27.9,100000000903
GP,YMLU1006911,in_yard,19.8,100000000911
GP,YMLU1006919,in_yard,10.2,100000000919
GP,YMLU1006927,in_yard,16.5,100000000927
GP,YMLU1006935,in_yard,28.5,100000000935
RF,YMLU1006943,in_yard,21.9,100000000943
GP,YMLU1006951,in_yard,12.1,100000000951
GP,YMLU1006959,in_yard,24.4,100000000959
GP,YMLU1006967,in_yard,17.9,100000000967
GP,YMLU1006975,in_yard,6.7,100000000975
GP,YMLU1006983,in_yard,23.2,100000000983
GP,YMLU1006991,in_yard,22.8,100000000991
DANGER,YMLU1006999,in_yard,16,100000000999
RF,YMLU1007007,in_yard,21,100000001007
GP,YMLU1007015,in_yard,13.4,100000001015
GP,YMLU1007023,in_yard,12.9,100000001023
RF,YMLU1007031,in_yard,25.3,100000001031
DANGER,YMLU1007039,in_yard,20.8,100000001039
RF,YMLU1007047,in_yard,30.3,100000001047
RF,YMLU1007055,in_yard,13.5,100000001055
GP,YMLU1007063,in_yard,13.6,100000001063
DANGER,YMLU1007071,in_yard,31,100000001071
RF,YMLU1007079,in_yard,5.6,100000001079
GP,YMLU1007087,in_yard,29.8,100000001087
GP,YMLU1007095,in_yard,17.5,100000001095
GP,YMLU1007103,in_yard,7.4,100000001103
GP,YMLU1007111,in_yard,25,100000001111
GP,YMLU1007119,in_yard,20.2,100000001119
GP,YMLU1007127,in_yard,22.7,100000001127
GP,YMLU1007135,in_yard,27.3,100000001135
RF,YMLU1007143,in_yard,20.4,100000001143
DANGER,YMLU1007151,in_yard,20.4,100000001151
GP,YMLU1007159,in_yard,18,100000001159
GP,YMLU1007167,in_yard,20.3,100000001167
GP,YMLU1007175,in_yard,8.9,100000001175
GP,YMLU1007183,in_yard,10.5,100000001183
DANGER,YMLU1007191,in_yard,15,100000001191
GP,YMLU1007199,in_yard,7.5,100000001199
DANGER,YMLU1007207,in_yard,21,100000001207
GP,YMLU1007215,in_yard,4.3,100000001215
GP,YMLU1007223,in_yard,28.4,100000001223
RF,YMLU1007231,in_yard,30.9,100000001231
GP,YMLU1007239,in_yard,9.7,100000001239
GP,YMLU1007247,in_yard,11.9,100000001247
RF,YMLU1007255,in_yard,17.9,100000001255
GP,YMLU1007263,in_yard,29.3,100000001263
RF,YMLU1007271,in_yard,5.1,100000001271
GP,YMLU1007279,in_yard,13,100000001279
GP,YMLU1007287,in_yard,20.2,100000001287
RF,YMLU1007295,in_yard,6.5,100000001295
GP,YMLU1007303,in_yard,24.7,100000001303
RF,YMLU1007311,in_yard,26,100000001311
GP,YMLU1007319,in_yard,29.1,100000001319
GP,YMLU1007327,in_yard,30,100000001327
RF,YMLU1007335,in_yard,8.4,100000001335
GP,YMLU1007343,in_yard,18.1,100000001343
GP,YMLU1007351,in_yard,16.9,100000001351
GP,YMLU1007359,in_yard,9.1,100000001359
GP,YMLU1007367,in_yard,29.6,100000001367
GP,YMLU1007375,in_yard,16.1,100000001375
GP,YMLU1007383,in_yard,15.8,100000001383
GP,YMLU1007391,in_yard,7.1,100000001391
GP,YMLU1007399,in_yard,24.3,100000001399
RF,YMLU1007407,in_yard,17.2,100000001407
GP,YMLU1007415,in_yard,24.2,100000001415
RF,YMLU1007423,in_yard,32,100000001423
GP,YMLU1007431,in_yard,13.8,100000001431
GP,YMLU1007439,in_yard,13.9,100000001439
RF,YMLU1007447,in_yard,5.8,100000001447
DANGER,YMLU1007455,in_yard,22.4,100000001455
RF,YMLU1007463,in_yard,24.3,100000001463
RF,YMLU1007471,in_yard,7.6,100000001471
DANGER,YMLU1007479,in_yard,31.4,100000001479
GP,YMLU1007487,in_yard,16.5,100000001487
GP,YMLU1007495,in_yard,8.8,100000001495
GP,YMLU1007503,in_yard,16.9,100000000003
GP,YMLU1007511,in_yard,30.6,100000000011
GP,YMLU1007519,in_yard,13.3,100000000019
GP,YMLU1007527,in_yard,31.8,100000000027
DANGER,YMLU1007535,in_yard,17.1,100000000035
RF,YMLU1007543,in_yard,14.2,100000000043
RF,YMLU1007551,in_yard,20.5,100000000051
RF,YMLU1007559,in_yard,16.3,100000000059
GP,YMLU1007567,in_yard,26.7,100000000067
RF,YMLU1007575,in_yard,31.8,100000000075
GP,YMLU1007583,in_yard,7.2,100000000083
GP,YMLU1007591,in_yard,22.6,100000000091
GP,YMLU1007599,in_yard,17,100000000099
DANGER,YMLU1007607,in_yard,26,100000000107
GP,YMLU1007615,in_yard,15.4,100000000115
GP,YMLU1007623,in_yard,3.7,100000000123
GP,YMLU1007631,in_yard,6.6,100000000131
GP,YMLU1007639,in_yard,28.6,100000000139
GP,YMLU1007647,in_yard,5.8,100000000147
RF,YMLU1007655,in_yard,20.1,100000000155
RF,YMLU1007663,in_yard,4.9,100000000163
GP,YMLU1007671,in_yard,12.4,100000000171
DANGER,YMLU1007679,in_yard,24.6,100000000179
RF,YMLU1007687,in_yard,24.7,100000000187
GP,YMLU1007695,in_yard,22.4,100000000195
GP,YMLU1007703,in_yard,26.9,100000000203
DANGER,YMLU1007711,in_yard,6.6,100000000211
GP,YMLU1007719,in_yard,21.8,100000000219
GP,YMLU1007727,in_yard,4.4,100000000227
GP,YMLU1007735,in_yard,27,100000000235
GP,YMLU1007743,in_yard,19.8,100000000243
GP,YMLU1007751,in_yard,24.6,100000000251
GP,YMLU1007759,in_yard,3.4,100000000259
RF,YMLU1007767,in_yard,24,100000000267
RF,YMLU1007775,in_yard,7.1,100000000275
RF,YMLU1007783,in_yard,3.2,100000000283
GP,YMLU1007791,in_yard,21,100000000291
RF,YMLU1007799,in_yard,7.1,100000000299
RF,YMLU1007807,in_yard,2.5,100000000307
GP,YMLU1007815,in_yard,31.1,100000000315
GP,YMLU1007823,in_yard,19.5,100000000323
RF,YMLU1007831,in_yard,21.7,100000000331
RF,YMLU1007839,in_yard,4.8,100000000339
GP,YMLU1007847,in_yard,18.1,100000000347
GP,YMLU1007855,in_yard,22.3,100000000355
GP,YMLU1007863,in_yard,14.5,100000000363
GP,YMLU1007871,in_yard,26.2,100000000371
GP,YMLU1007879,in_yard,7.5,100000000379
GP,YMLU1007887,in_yard,29.9,100000000387
GP,YMLU1007895,in_yard,9.1,100000000395
GP,YMLU1007903,in_yard,31.4,100000000403
RF,YMLU1007911,in_yard,3.7,100000000411
RF,YMLU1007919,in_yard,5.6,100000000419
GP,YMLU1007927,in_yard,16.6,100000000427
DANGER,YMLU1007935,in_yard,28.4,100000000435
RF,YMLU1007943,in_yard,19.8,100000000443
GP,YMLU1007951,in_yard,6.1,100000000451
RF,YMLU1007959,in_yard,22.2,100000000459
GP,YMLU1007967,in_yard,20.2,100000000467
RF,YMLU1007975,in_yard,21.8,100000000475
GP,YMLU1007983,in_yard,28.7,100000000483
GP,YMLU1007991,in_yard,10.9,100000000491
GP,YMLU1007999,in_yard,14.6,100000000499
GP,YMLU1008007,in_yard,27,100000000507
DANGER,SGNG1000006,in_yard,9.7,100000000006
GP,SGNG1000014,in_yard,9.8,100000000014
GP,SGNG1000022,in_yard,2.7,100000000022
RF,SGNG1000030,in_yard,19.7,100000000030
RF,SGNG1000038,in_yard,3.9,100000000038
GP,SGNG1000046,in_yard,22.2,100000000046
GP,SGNG1000054,in_yard,13,100000000054
GP,SGNG1000062,in_yard,23.7,100000000062
GP,SGNG1000070,in_yard,13.5,100000000070
GP,SGNG1000078,in_yard,27.1,100000000078
RF,SGNG1000086,in_yard,31.6,100000000086
RF,SGNG1000094,in_yard,17.6,100000000094
GP,SGNG1000102,in_yard,25.4,100000000102
GP,SGNG1000110,in_yard,24.8,100000000110
GP,SGNG1000118,in_yard,21.6,100000000118
DANGER,SGNG1000126,in_yard,30.3,100000000126
RF,SGNG1000134,in_yard,17.4,100000000134
RF,SGNG1000142,in_yard,16.4,100000000142
GP,SGNG1000150,in_yard,31.8,100000000150
GP,SGNG1000158,in_yard,21.4,100000000158
GP,SGNG1000166,in_yard,6.4,100000000166
GP,SGNG1000174,in_yard,28,100000000174
RF,SGNG1000182,in_yard,25.2,100000000182
RF,SGNG1000190,in_yard,19.4,100000000190
GP,SGNG1000198,in_yard,26.4,100000000198
GP,SGNG1000206,in_yard,8.8,100000000206
GP,SGNG1000214,in_yard,12.4,100000000214
GP,SGNG1000222,in_yard,10.1,100000000222
GP,SGNG1000230,in_yard,12.2,100000000230
RF,SGNG1000238,in_yard,11.1,100000000238
RF,SGNG1000246,in_yard,24.9,100000000246
GP,SGNG1000254,in_yard,30.3,100000000254
GP,SGNG1000262,in_yard,23.9,100000000262
GP,SGNG1000270,in_yard,17.9,100000000270
RF,SGNG1000278,in_yard,13,100000000278
GP,SGNG1000286,in_yard,27.3,100000000286
DANGER,SGNG1000294,in_yard,26.3,100000000294
GP,SGNG1000302,in_yard,17.4,100000000302
GP,SGNG1000310,in_yard,8.1,100000000310
GP,SGNG1000318,in_yard,12,100000000318
GP,SGNG1000326,in_yard,23.3,100000000326
GP,SGNG1000334,in_yard,26.9,100000000334
DANGER,SGNG1000342,in_yard,16.7,100000000342
GP,SGNG1000350,in_yard,22.1,100000000350
RF,SGNG1000358,in_yard,31.9,100000000358
GP,SGNG1000366,in_yard,30.4,100000000366
RF,SGNG1000374,in_yard,10.1,100000000374
GP,SGNG1000382,in_yard,4.1,100000000382
GP,SGNG1000390,in_yard,25.8,100000000390
RF,SGNG1000398,in_yard,10.9,100000000398
DANGER,SGNG1000406,in_yard,28.9,100000000406
DANGER,SGNG1000414,in_yard,3.8,100000000414
GP,SGNG1000422,in_yard,30.1,100000000422
GP,SGNG1000430,in_yard,20.9,100000000430
RF,SGNG1000438,in_yard,10.1,100000000438
GP,SGNG1000446,in_yard,24,100000000446
GP,SGNG1000454,in_yard,18.6,100000000454
GP,SGNG1000462,in_yard,9.3,100000000462
GP,SGNG1000470,in_yard,2.6,100000000470
GP,SGNG1000478,in_yard,15.9,100000000478
GP,SGNG1000486,in_yard,8.2,100000000486
GP,SGNG1000494,in_yard,32.5,100000000494
GP,SGNG1000502,in_yard,21.5,100000000502
GP,SGNG1000510,in_yard,12.5,100000000510
GP,SGNG1000518,in_yard,7,100000000518
GP,SGNG1000526,in_yard,9.5,100000000526
GP,SGNG1000534,in_yard,3.4,100000000534
DANGER,SGNG1000542,in_yard,29.4,100000000542
GP,SGNG1000550,in_yard,31.8,100000000550
GP,SGNG1000558,in_yard,18.5,100000000558
GP,SGNG1000566,in_yard,23.5,100000000566
DANGER,SGNG1000574,in_yard,9.2,100000000574
GP,SGNG1000582,in_yard,30.4,100000000582
RF,SGNG1000590,in_yard,12.6,100000000590
GP,SGNG1000598,in_yard,14.4,100000000598
GP,SGNG1000606,in_yard,31.7,100000000606
GP,SGNG1000614,in_yard,23.9,100000000614
RF,SGNG1000622,in_yard,14,100000000622
RF,SGNG1000630,in_yard,25.4,100000000630
GP,SGNG1000638,in_yard,31.4,100000000638
RF,SGNG1000646,in_yard,16.1,100000000646
DANGER,SGNG1000654,in_yard,32,100000000654
RF,SGNG1000662,in_yard,15,100000000662
RF,SGNG1000670,in_yard,28.1,100000000670
RF,SGNG1000678,in_yard,23.9,100000000678
GP,SGNG1000686,in_yard,32.5,100000000686
GP,SGNG1000694,in_yard,6.4,100000000694
GP,SGNG1000702,in_yard,24.3,100000000702
GP,SGNG1000710,in_yard,25.2,100000000710
GP,SGNG1000718,in_yard,20.8,100000000718
DANGER,SGNG1000726,in_yard,14.3,100000000726
GP,SGNG1000734,in_yard,5.8,100000000734
RF,SGNG1000742,in_yard,6.8,100000000742
GP,SGNG1000750,in_yard,23.2,100000000750
DANGER,SGNG1000758,in_yard,5.9,100000000758
RF,SGNG1000766,in_yard,27.2,100000000766
GP,SGNG1000774,in_yard,11,100000000774
GP,SGNG1000782,in_yard,14.5,100000000782
RF,SGNG1000790,in_yard,21.8,100000000790
RF,SGNG1000798,in_yard,26.2,100000000798
GP,SGNG1000806,in_yard,20.4,100000000806
GP,SGNG1000814,in_yard,21.2,100000000814
GP,SGNG1000822,in_yard,3.1,100000000822
GP,SGNG1000830,in_yard,23.3,100000000830
GP,SGNG1000838,in_yard,12.9,100000000838
GP,SGNG1000846,in_yard,22.3,100000000846
GP,SGNG1000854,in_yard,20.6,100000000854
GP,SGNG1000862,in_yard,12.4,100000000862
GP,SGNG1000870,in_yard,9.6,100000000870
RF,SGNG1000878,in_yard,10,100000000878
GP,SGNG1000886,in_yard,11.4,100000000886
RF,SGNG1000894,in_yard,18,100000000894
GP,SGNG1000902,in_yard,10.2,100000000902
GP,SGNG1000910,in_yard,27.5,100000000910
GP,SGNG1000918,in_yard,20.2,100000000918
RF,SGNG1000926,in_yard,3.8,100000000926
RF,SGNG1000934,in_yard,13.8,100000000934
GP,SGNG1000942,in_yard,2.8,100000000942
GP,SGNG1000950,in_yard,10,100000000950
GP,SGNG1000958,in_yard,24.6,100000000958
GP,SGNG1000966,in_yard,16.1,100000000966
RF,SGNG1000974,in_yard,5.2,100000000974
RF,SGNG1000982,in_yard,25.6,100000000982
RF,SGNG1000990,in_yard,9.7,100000000990
GP,SGNG1000998,in_yard,12.1,100000000998
GP,SGNG1001006,in_yard,4.9,100000001006
RF,SGNG1001014,in_yard,4.1,100000001014
RF,SGNG1001022,in_yard,22.2,100000001022
RF,SGNG1001030,in_yard,9.9,100000001030
RF,SGNG1001038,in_yard,3,100000001038
GP,SGNG1001046,in_yard,16.2,100000001046
GP,SGNG1001054,in_yard,13.4,100000001054
GP,SGNG1001062,in_yard,22.2,100000001062
RF,SGNG1001070,in_yard,25.7,100000001070
GP,SGNG1001078,in_yard,7.1,100000001078
GP,SGNG1001086,in_yard,16.2,100000001086
GP,SGNG1001094,in_yard,26.9,100000001094
GP,SGNG1001102,in_yard,22,100000001102
GP,SGNG1001110,in_yard,9.3,100000001110
GP,SGNG1001118,in_yard,20.1,100000001118
GP,SGNG1001126,in_yard,15,100000001126
RF,SGNG1001134,in_yard,18.2,100000001134
RF,SGNG1001142,in_yard,28.3,100000001142
GP,SGNG1001150,in_yard,23.9,100000001150
GP,SGNG1001158,in_yard,20.4,100000001158
GP,SGNG1001166,in_yard,19.5,100000001166
DANGER,SGNG1001174,in_yard,10.3,100000001174
GP,SGNG1001182,in_yard,13.2,100000001182
GP,SGNG1001190,in_yard,29.9,100000001190
DANGER,SGNG1001198,in_yard,17.8,100000001198
GP,SGNG1001206,in_yard,16.8,100000001206
GP,SGNG1001214,in_yard,20.6,100000001214
GP,SGNG1001222,in_yard,25.5,100000001222
RF,SGNG1001230,in_yard,30.7,100000001230
GP,SGNG1001238,in_yard,28.3,100000001238
GP,SGNG1001246,in_yard,31.9,100000001246
DANGER,SGNG1001254,in_yard,24.1,100000001254
GP,SGNG1001262,in_yard,12,100000001262
GP,SGNG1001270,in_yard,16.1,100000001270
GP,SGNG1001278,in_yard,15.5,100000001278
GP,SGNG1001286,in_yard,29.7,100000001286
GP,SGNG1001294,in_yard,4.9,100000001294
GP,SGNG1001302,in_yard,16.7,100000001302
GP,SGNG1001310,in_yard,25.4,100000001310
RF,SGNG1001318,in_yard,3,100000001318
GP,SGNG1001326,in_yard,31.8,100000001326
GP,SGNG1001334,in_yard,31.4,100000001334
RF,SGNG1001342,in_yard,21.9,100000001342
GP,SGNG1001350,in_yard,12.2,100000001350
GP,SGNG1001358,in_yard,15.6,100000001358
GP,SGNG1001366,in_yard,10.6,100000001366
RF,SGNG1001374,in_yard,3,100000001374
RF,SGNG1001382,in_yard,10,100000001382
GP,SGNG1001390,in_yard,4.6,100000001390
RF,SGNG1001398,in_yard,15.9,100000001398
GP,SGNG1001406,in_yard,19.2,100000001406
RF,SGNG1001414,in_yard,4.3,100000001414
GP,SGNG1001422,in_yard,7.8,100000001422
RF,SGNG1001430,in_yard,23.6,100000001430
DANGER,SGNG1001438,in_yard,4.1,100000001438
GP,SGNG1001446,in_yard,20.2,100000001446
GP,SGNG1001454,in_yard,25.7,100000001454
GP,SGNG1001462,in_yard,4.9,100000001462
GP,SGNG1001470,in_yard,12.5,100000001470
GP,SGNG1001478,in_yard,23.3,100000001478
DANGER,SGNG1001486,in_yard,29.1,100000001486
GP,SGNG1001494,in_yard,30.6,100000001494
DANGER,SGNG1001502,in_yard,7.9,100000000002
GP,SGNG1001510,in_yard,12.7,100000000010
DANGER,SGNG1001518,in_yard,14.2,100000000018
RF,SGNG1001526,in_yard,11.8,100000000026
GP,SGNG1001534,in_yard,19.2,100000000034
GP,SGNG1001542,in_yard,18.4,100000000042
GP,SGNG1001550,in_yard,20.4,100000000050
GP,SGNG1001558,in_yard,19.2,100000000058
GP,SGNG1001566,in_yard,27.8,100000000066
GP,SGNG1001574,in_yard,31.2,100000000074
DANGER,SGNG1001582,in_yard,13.7,100000000082
GP,SGNG1001590,in_yard,15.8,100000000090
GP,SGNG1001598,in_yard,10.5,100000000098
RF,SGNG1001606,in_yard,29,100000000106
GP,SGNG1001614,in_yard,29.3,100000000114
DANGER,SGNG1001622,in_yard,20.4,100000000122
RF,SGNG1001630,in_yard,12.9,100000000130
DANGER,SGNG1001638,in_yard,24.7,100000000138
GP,SGNG1001646,in_yard,3.2,100000000146
GP,SGNG1001654,in_yard,30.3,100000000154
GP,SGNG1001662,in_yard,3.7,100000000162
GP,SGNG1001670,in_yard,30.3,100000000170
GP,SGNG1001678,in_yard,30.9,100000000178
GP,SGNG1001686,in_yard,21.8,100000000186
GP,SGNG1001694,in_yard,28.7,100000000194
GP,SGNG1001702,in_yard,2.5,100000000202
RF,SGNG1001710,in_yard,18.1,100000000210
GP,SGNG1001718,in_yard,30.4,100000000218
GP,SGNG1001726,in_yard,4.2,100000000226
RF,SGNG1001734,in_yard,9.5,100000000234
GP,SGNG1001742,in_yard,4.3,100000000242
RF,SGNG1001750,in_yard,28.4,100000000250
RF,SGNG1001758,in_yard,32.3,100000000258
GP,SGNG1001766,in_yard,3.9,100000000266
GP,SGNG1001774,in_yard,11.7,100000000274
GP,SGNG1001782,in_yard,25.4,100000000282
GP,SGNG1001790,in_yard,25.3,100000000290
GP,SGNG1001798,in_yard,28,100000000298
GP,SGNG1001806,in_yard,23.3,100000000306
GP,SGNG1001814,in_yard,23.7,100000000314
RF,SGNG1001822,in_yard,24.9,100000000322
GP,SGNG1001830,in_yard,12.4,100000000330
GP,SGNG1001838,in_yard,27.3,100000000338
GP,SGNG1001846,in_yard,28.7,100000000346
RF,SGNG1001854,in_yard,11.9,100000000354
GP,SGNG1001862,in_yard,17.1,100000000362
RF,SGNG1001870,in_yard,2.7,100000000370
GP,SGNG1001878,in_yard,12.7,100000000378
RF,SGNG1001886,in_yard,24,100000000386
GP,SGNG1001894,in_yard,3,100000000394
GP,SGNG1001902,in_yard,10.1,100000000402
GP,SGNG1001910,in_yard,15.4,100000000410
RF,SGNG1001918,in_yard,7.7,100000000418
RF,SGNG1001926,in_yard,4,100000000426
GP,SGNG1001934,in_yard,20.2,100000000434
GP,SGNG1001942,in_yard,13.1,100000000442
RF,SGNG1001950,in_yard,4.7,100000000450
RF,SGNG1001958,in_yard,15.1,100000000458
DANGER,SGNG1001966,in_yard,29.4,100000000466
GP,SGNG1001974,in_yard,29,100000000474
GP,SGNG1001982,in_yard,21.9,100000000482
GP,SGNG1001990,in_yard,10.1,100000000490
GP,SGNG1001998,in_yard,16.7,100000000498
GP,SGNG1002006,in_yard,25.8,100000000506
GP,SGNG1002014,in_yard,10.5,100000000514
GP,SGNG1002022,in_yard,31.9,100000000522
RF,SGNG1002030,in_yard,8.4,100000000530
GP,SGNG1002038,in_yard,22.7,100000000538
GP,SGNG1002046,in_yard,3.5,100000000546
DANGER,SGNG1002054,in_yard,6.5,100000000554
GP,SGNG1002062,in_yard,5.6,100000000562
GP,SGNG1002070,in_yard,4.2,100000000570
GP,SGNG1002078,in_yard,16.5,100000000578
GP,SGNG1002086,in_yard,2.7,100000000586
GP,SGNG1002094,in_yard,12.6,100000000594
DANGER,SGNG1002102,in_yard,27.7,100000000602
DANGER,SGNG1002110,in_yard,26.3,100000000610
GP,SGNG1002118,in_yard,6.6,100000000618
GP,SGNG1002126,in_yard,30.4,100000000626
GP,SGNG1002134,in_yard,17.6,100000000634
GP,SGNG1002142,in_yard,10.2,100000000642
GP,SGNG1002150,in_yard,27,100000000650
RF,SGNG1002158,in_yard,25.1,100000000658
RF,SGNG1002166,in_yard,31.4,100000000666
GP,SGNG1002174,in_yard,31,100000000674
RF,SGNG1002182,in_yard,19.8,100000000682
GP,SGNG1002190,in_yard,6,100000000690
DANGER,SGNG1002198,in_yard,19.4,100000000698
GP,SGNG1002206,in_yard,22.6,100000000706
GP,SGNG1002214,in_yard,27.9,100000000714
RF,SGNG1002222,in_yard,25.2,100000000722
GP,SGNG1002230,in_yard,8.9,100000000730
GP,SGNG1002238,in_yard,5.2,100000000738
GP,SGNG1002246,in_yard,25.1,100000000746
GP,SGNG1002254,in_yard,6,100000000754
RF,SGNG1002262,in_yard,14.6,100000000762
GP,SGNG1002270,in_yard,7,100000000770
GP,SGNG1002278,in_yard,6.4,100000000778
DANGER,SGNG1002286,in_yard,26.4,100000000786
RF,SGNG1002294,in_yard,3.7,100000000794
GP,SGNG1002302,in_yard,18.3,100000000802
GP,SGNG1002310,in_yard,5.9,100000000810
RF,SGNG1002318,in_yard,5.4,100000000818
RF,SGNG1002326,in_yard,16.8,100000000826
GP,SGNG1002334,in_yard,2.8,100000000834
DANGER,SGNG1002342,in_yard,10.3,100000000842
GP,SGNG1002350,in_yard,29.6,100000000850
GP,SGNG1002358,in_yard,21,100000000858
RF,SGNG1002366,in_yard,19.3,100000000866
GP,SGNG1002374,in_yard,27.6,100000000874
GP,SGNG1002382,in_yard,17.8,100000000882
GP,SGNG1002390,in_yard,5,100000000890
RF,SGNG1002398,in_yard,23.4,100000000898
GP,SGNG1002406,in_yard,14.6,100000000906
DANGER,SGNG1002414,in_yard,22.4,100000000914
GP,SGNG1002422,in_yard,18.1,100000000922
GP,SGNG1002430,in_yard,13.6,100000000930
GP,SGNG1002438,in_yard,13.4,100000000938
GP,SGNG1002446,in_yard,22.3,100000000946
GP,SGNG1002454,in_yard,14.7,100000000954
GP,SGNG1002462,in_yard,13.8,100000000962
GP,SGNG1002470,in_yard,6.7,100000000970
RF,SGNG1002478,in_yard,13.9,100000000978
GP,SGNG1002486,in_yard,26.2,100000000986
RF,SGNG1002494,in_yard,18.6,100000000994
GP,SGNG1002502,in_yard,28.5,100000001002
DANGER,SGNG1002510,in_yard,28.2,100000001010
GP,SGNG1002518,in_yard,3,100000001018
RF,SGNG1002526,in_yard,17.5,100000001026
GP,SGNG1002534,in_yard,17.7,100000001034
RF,SGNG1002542,in_yard,9.4,100000001042
DANGER,SGNG1002550,in_yard,28.6,100000001050
GP,SGNG1002558,in_yard,9.3,100000001058
GP,SGNG1002566,in_yard,30.3,100000001066
GP,SGNG1002574,in_yard,18.8,100000001074
RF,SGNG1002582,in_yard,31.4,100000001082
GP,SGNG1002590,in_yard,9.6,100000001090
GP,SGNG1002598,in_yard,31.1,100000001098
RF,SGNG1002606,in_yard,22.4,100000001106
GP,SGNG1002614,in_yard,8.6,100000001114
RF,SGNG1002622,in_yard,25.3,100000001122
RF,SGNG1002630,in_yard,19.9,100000001130
GP,SGNG1002638,in_yard,29.4,100000001138
GP,SGNG1002646,in_yard,31,100000001146
GP,SGNG1002654,in_yard,7.7,100000001154
GP,SGNG1002662,in_yard,26,100000001162
DANGER,SGNG1002670,in_yard,31.9,100000001170
DANGER,SGNG1002678,in_yard,31.6,100000001178
RF,SGNG1002686,in_yard,19.6,100000001186
GP,SGNG1002694,in_yard,14.9,100000001194
GP,SGNG1002702,in_yard,9.1,100000001202
RF,SGNG1002710,in_yard,29.1,100000001210
GP,SGNG1002718,in_yard,12.7,100000001218
GP,SGNG1002726,in_yard,11.7,100000001226
GP,SGNG1002734,in_yard,17.2,100000001234
GP,SGNG1002742,in_yard,20.7,100000001242
GP,SGNG1002750,in_yard,27.7,100000001250
RF,SGNG1002758,in_yard,20.3,100000001258
GP,SGNG1002766,in_yard,31.5,100000001266
GP,SGNG1002774,in_yard,12.9,100000001274
GP,SGNG1002782,in_yard,12.1,100000001282
GP,SGNG1002790,in_yard,31.6,100000001290
RF,SGNG1002798,in_yard,17.8,100000001298
GP,SGNG1002806,in_yard,11.2,100000001306
RF,SGNG1002814,in_yard,2.7,100000001314
GP,SGNG1002822,in_yard,19.5,100000001322
GP,SGNG1002830,in_yard,15.5,100000001330
GP,SGNG1002838,in_yard,22,100000001338
GP,SGNG1002846,in_yard,11.1,100000001346
GP,SGNG1002854,in_yard,30.9,100000001354
GP,SGNG1002862,in_yard,16.8,100000001362
RF,SGNG1002870,in_yard,16.5,100000001370
RF,SGNG1002878,in_yard,14,100000001378
GP,SGNG1002886,in_yard,17.7,100000001386
RF,SGNG1002894,in_yard,30.8,100000001394
GP,SGNG1002902,in_yard,5.3,100000001402
GP,SGNG1002910,in_yard,23.1,100000001410
GP,SGNG1002918,in_yard,22.9,100000001418
GP,SGNG1002926,in_yard,19.6,100000001426
GP,SGNG1002934,in_yard,15.8,100000001434
RF,SGNG1002942,in_yard,10.9,100000001442
GP,SGNG1002950,in_yard,28.4,100000001450
GP,SGNG1002958,in_yard,22.3,100000001458
GP,SGNG1002966,in_yard,32.5,100000001466
RF,SGNG1002974,in_yard,23.2,100000001474
DANGER,SGNG1002982,in_yard,16.9,100000001482
RF,SGNG1002990,in_yard,9.3,100000001490
GP,SGNG1002998,in_yard,22.5,100000001498
GP,SGNG1003006,in_yard,2.6,100000000006
GP,SGNG1003014,in_yard,26.5,100000000014
RF,SGNG1003022,in_yard,7.5,100000000022
RF,SGNG1003030,in_yard,22.4,100000000030
RF,SGNG1003038,in_yard,24.8,100000000038
GP,SGNG1003046,in_yard,22.1,100000000046
GP,SGNG1003054,in_yard,21.3,100000000054
RF,SGNG1003062,in_yard,7.6,100000000062
GP,SGNG1003070,in_yard,32.5,100000000070
GP,SGNG1003078,in_yard,29.6,100000000078
GP,SGNG1003086,in_yard,25.8,100000000086
RF,SGNG1003094,in_yard,18.7,100000000094
GP,SGNG1003102,in_yard,7.1,100000000102
GP,SGNG1003110,in_yard,17.9,100000000110
RF,SGNG1003118,in_yard,13,100000000118
RF,SGNG1003126,in_yard,18.7,100000000126
GP,SGNG1003134,in_yard,15.7,100000000134
GP,SGNG1003142,in_yard,12.8,100000000142
GP,SGNG1003150,in_yard,22.2,100000000150
GP,SGNG1003158,in_yard,26.4,100000000158
GP,SGNG1003166,in_yard,9.6,100000000166
RF,SGNG1003174,in_yard,13.5,100000000174
GP,SGNG1003182,in_yard,15.4,100000000182
GP,SGNG1003190,in_yard,30.9,100000000190
GP,SGNG1003198,in_yard,21.5,100000000198
RF,SGNG1003206,in_yard,19.7,100000000206
GP,SGNG1003214,in_yard,6,100000000214
GP,SGNG1003222,in_yard,24.9,100000000222
GP,SGNG1003230,in_yard,11.3,100000000230
RF,SGNG1003238,in_yard,18.2,100000000238
GP,SGNG1003246,in_yard,16,100000000246
GP,SGNG1003254,in_yard,27.5,100000000254
RF,SGNG1003262,in_yard,7.4,100000000262
GP,SGNG1003270,in_yard,21.1,100000000270
GP,SGNG1003278,in_yard,24.8,100000000278
RF,SGNG1003286,in_yard,27.4,100000000286
GP,SGNG1003294,in_yard,25.7,100000000294
RF,SGNG1003302,in_yard,15.2,100000000302
DANGER,SGNG1003310,in_yard,20.1,100000000310
GP,SGNG1003318,in_yard,17.8,100000000318
GP,SGNG1003326,in_yard,4.5,100000000326
RF,SGNG1003334,in_yard,8.6,100000000334
RF,SGNG1003342,in_yard,19.4,100000000342
GP,SGNG1003350,in_yard,13.3,100000000350
GP,SGNG1003358,in_yard,23.8,100000000358
RF,SGNG1003366,in_yard,14,100000000366
GP,SGNG1003374,in_yard,10.8,100000000374
GP,SGNG1003382,in_yard,11.1,100000000382
RF,SGNG1003390,in_yard,26.1,100000000390
GP,SGNG1003398,in_yard,13.4,100000000398
GP,SGNG1003406,in_yard,3.4,100000000406
GP,SGNG1003414,in_yard,21.8,100000000414
GP,SGNG1003422,in_yard,27.2,100000000422
RF,SGNG1003430,in_yard,23.8,100000000430
RF,SGNG1003438,in_yard,23.6,100000000438
RF,SGNG1003446,in_yard,16.7,100000000446
RF,SGNG1003454,in_yard,25.6,100000000454
RF,SGNG1003462,in_yard,18.9,100000000462
DANGER,SGNG1003470,in_yard,20.2,100000000470
RF,SGNG1003478,in_yard,6.3,100000000478
GP,SGNG1003486,in_yard,6.9,100000000486
GP,SGNG1003494,in_yard,19.7,100000000494
GP,SGNG1003502,in_yard,15.6,100000000502
GP,SGNG1003510,in_yard,13.8,100000000510
GP,SGNG1003518,in_yard,8.1,100000000518
GP,SGNG1003526,in_yard,4.1,100000000526
GP,SGNG1003534,in_yard,14.8,100000000534
RF,SGNG1003542,in_yard,27.9,100000000542
DANGER,SGNG1003550,in_yard,6.4,100000000550
GP,SGNG1003558,in_yard,19.1,100000000558
GP,SGNG1003566,in_yard,18.1,100000000566
GP,SGNG1003574,in_yard,15.8,100000000574
GP,SGNG1003582,in_yard,12.9,100000000582
RF,SGNG1003590,in_yard,8.5,100000000590
RF,SGNG1003598,in_yard,26.6,100000000598
DANGER,SGNG1003606,in_yard,14,100000000606
GP,SGNG1003614,in_yard,4.9,100000000614
GP,SGNG1003622,in_yard,27.4,100000000622
GP,SGNG1003630,in_yard,14.5,100000000630
RF,SGNG1003638,in_yard,27.9,100000000638
GP,SGNG1003646,in_yard,23.5,100000000646
GP,SGNG1003654,in_yard,15.4,100000000654
RF,SGNG1003662,in_yard,8.8,100000000662
RF,SGNG1003670,in_yard,3.8,100000000670
DANGER,SGNG1003678,in_yard,15.9,100000000678
DANGER,SGNG1003686,in_yard,23.7,100000000686
GP,SGNG1003694,in_yard,13.9,100000000694
GP,SGNG1003702,in_yard,3.3,100000000702
RF,SGNG1003710,in_yard,14.8,100000000710
DANGER,SGNG1003718,in_yard,26,100000000718
GP,SGNG1003726,in_yard,30.9,100000000726
GP,SGNG1003734,in_yard,2.7,100000000734
GP,SGNG1003742,in_yard,10.2,100000000742
GP,SGNG1003750,in_yard,17.3,100000000750
GP,SGNG1003758,in_yard,29.8,100000000758
GP,SGNG1003766,in_yard,7.4,100000000766
RF,SGNG1003774,in_yard,4.5,100000000774
GP,SGNG1003782,in_yard,31.6,100000000782
GP,SGNG1003790,in_yard,11.9,100000000790
DANGER,SGNG1003798,in_yard,28,100000000798
GP,SGNG1003806,in_yard,9.5,100000000806
RF,SGNG1003814,in_yard,25.6,100000000814
GP,SGNG1003822,in_yard,7.3,100000000822
GP,SGNG1003830,in_yard,27.6,100000000830
GP,SGNG1003838,in_yard,23.7,100000000838
GP,SGNG1003846,in_yard,3.3,100000000846
GP,SGNG1003854,in_yard,21.2,100000000854
RF,SGNG1003862,in_yard,20.8,100000000862
GP,SGNG1003870,in_yard,10.8,100000000870
RF,SGNG1003878,in_yard,19.8,100000000878
GP,SGNG1003886,in_yard,19.8,100000000886
GP,SGNG1003894,in_yard,4.8,100000000894
RF,SGNG1003902,in_yard,29.6,100000000902
GP,SGNG1003910,in_yard,14.7,100000000910
GP,SGNG1003918,in_yard,8.1,100000000918
DANGER,SGNG1003926,in_yard,24.4,100000000926
RF,SGNG1003934,in_yard,5.6,100000000934
RF,SGNG1003942,in_yard,13.2,100000000942
GP,SGNG1003950,in_yard,12.5,100000000950
RF,SGNG1003958,in_yard,16.7,100000000958
RF,SGNG1003966,in_yard,27.6,100000000966
GP,SGNG1003974,in_yard,15,100000000974
GP,SGNG1003982,in_yard,11.9,100000000982
DANGER,SGNG1003990,in_yard,22.3,100000000990
GP,SGNG1003998,in_yard,25.1,100000000998
GP,SGNG1004006,in_yard,15.1,100000001006
GP,SGNG1004014,in_yard,2.7,100000001014
GP,SGNG1004022,in_yard,8.3,100000001022
RF,SGNG1004030,in_yard,26.9,100000001030
RF,SGNG1004038,in_yard,17.4,100000001038
GP,SGNG1004046,in_yard,15.9,100000001046
RF,SGNG1004054,in_yard,19.5,100000001054
GP,SGNG1004062,in_yard,22.5,100000001062
GP,SGNG1004070,in_yard,8.7,100000001070
RF,SGNG1004078,in_yard,21.7,100000001078
GP,SGNG1004086,in_yard,23.1,100000001086
GP,SGNG1004094,in_yard,10.7,100000001094
GP,SGNG1004102,in_yard,23.1,100000001102
GP,SGNG1004110,in_yard,25.3,100000001110
GP,SGNG1004118,in_yard,29.6,100000001118
RF,SGNG1004126,in_yard,11.2,100000001126
GP,SGNG1004134,in_yard,25.4,100000001134
RF,SGNG1004142,in_yard,26.9,100000001142
GP,SGNG1004150,in_yard,6.1,100000001150
GP,SGNG1004158,in_yard,18.6,100000001158
GP,SGNG1004166,in_yard,19.5,100000001166
GP,SGNG1004174,in_yard,27.5,100000001174
GP,SGNG1004182,in_yard,27.5,100000001182
GP,SGNG1004190,in_yard,22.5,100000001190
RF,SGNG1004198,in_yard,26.5,100000001198
GP,SGNG1004206,in_yard,23.3,100000001206
DANGER,SGNG1004214,in_yard,30.9,100000001214
RF,SGNG1004222,in_yard,29.7,100000001222
GP,SGNG1004230,in_yard,16,100000001230
DANGER,SGNG1004238,in_yard,23.6,100000001238
GP,SGNG1004246,in_yard,30.9,100000001246
GP,SGNG1004254,in_yard,17.6,100000001254
RF,SGNG1004262,in_yard,9,100000001262
DANGER,SGNG1004270,in_yard,20.4,100000001270
DANGER,SGNG1004278,in_yard,16.5,100000001278
RF,SGNG1004286,in_yard,19,100000001286
RF,SGNG1004294,in_yard,17.6,100000001294
RF,SGNG1004302,in_yard,27,100000001302
GP,SGNG1004310,in_yard,10.6,100000001310
DANGER,SGNG1004318,in_yard,23.7,100000001318
RF,SGNG1004326,in_yard,24.5,100000001326
RF,SGNG1004334,in_yard,31.4,100000001334
GP,SGNG1004342,in_yard,32.4,100000001342
GP,SGNG1004350,in_yard,4.2,100000001350
GP,SGNG1004358,in_yard,7.7,100000001358
RF,SGNG1004366,in_yard,16.8,100000001366
GP,SGNG1004374,in_yard,10.3,100000001374
GP,SGNG1004382,in_yard,32.3,100000001382
GP,SGNG1004390,in_yard,18.2,100000001390
GP,SGNG1004398,in_yard,5.5,100000001398
DANGER,SGNG1004406,in_yard,31.8,100000001406
GP,SGNG1004414,in_yard,20.4,100000001414
RF,SGNG1004422,in_yard,25.7,100000001422
GP,SGNG1004430,in_yard,6.6,100000001430
RF,SGNG1004438,in_yard,13.1,100000001438
GP,SGNG1004446,in_yard,14.4,100000001446
GP,SGNG1004454,in_yard,25.3,100000001454
GP,SGNG1004462,in_yard,12.3,100000001462
GP,SGNG1004470,in_yard,15.8,100000001470
RF,SGNG1004478,in_yard,16.9,100000001478
GP,SGNG1004486,in_yard,20.8,100000001486
RF,SGNG1004494,in_yard,31.6,100000001494
GP,SGNG1004502,in_yard,24.4,100000000002
DANGER,SGNG1004510,in_yard,13.5,100000000010
RF,SGNG1004518,in_yard,3.1,100000000018
RF,SGNG1004526,in_yard,26.7,100000000026
GP,SGNG1004534,in_yard,32,100000000034
DANGER,SGNG1004542,in_yard,7,100000000042
GP,SGNG1004550,in_yard,6.2,100000000050
GP,SGNG1004558,in_yard,10.8,100000000058
GP,SGNG1004566,in_yard,27.3,100000000066
RF,SGNG1004574,in_yard,12.9,100000000074
GP,SGNG1004582,in_yard,16.9,100000000082
GP,SGNG1004590,in_yard,6.1,100000000090
GP,SGNG1004598,in_yard,29.5,100000000098
GP,SGNG1004606,in_yard,30,100000000106
GP,SGNG1004614,in_yard,17.3,100000000114
GP,SGNG1004622,in_yard,21.9,100000000122
GP,SGNG1004630,in_yard,27.2,100000000130
GP,SGNG1004638,in_yard,17.8,100000000138
GP,SGNG1004646,in_yard,20.1,100000000146
GP,SGNG1004654,in_yard,20.1,100000000154
GP,SGNG1004662,in_yard,17.6,100000000162
GP,SGNG1004670,in_yard,31.1,100000000170
GP,SGNG1004678,in_yard,3.2,100000000178
GP,SGNG1004686,in_yard,5.8,100000000186
RF,SGNG1004694,in_yard,7.2,100000000194
GP,SGNG1004702,in_yard,7.5,100000000202
GP,SGNG1004710,in_yard,17.8,100000000210
RF,SGNG1004718,in_yard,9.4,100000000218
GP,SGNG1004726,in_yard,31.6,100000000226
GP,SGNG1004734,in_yard,27.7,100000000234
RF,SGNG1004742,in_yard,7.5,100000000242
GP,SGNG1004750,in_yard,10.1,100000000250
GP,SGNG1004758,in_yard,6.9,100000000258
RF,SGNG1004766,in_yard,21.2,100000000266
GP,SGNG1004774,in_yard,23.4,100000000274
GP,SGNG1004782,in_yard,21.8,100000000282
GP,SGNG1004790,in_yard,24.7,100000000290
GP,SGNG1004798,in_yard,24.9,100000000298
GP,SGNG1004806,in_yard,9.2,100000000306
GP,SGNG1004814,in_yard,5.8,100000000314
DANGER,SGNG1004822,in_yard,9.4,100000000322
GP,SGNG1004830,in_yard,16.3,100000000330
GP,SGNG1004838,in_yard,16,100000000338
GP,SGNG1004846,in_yard,10.3,100000000346
GP,SGNG1004854,in_yard,10.3,100000000354
GP,SGNG1004862,in_yard,32.2,100000000362
GP,SGNG1004870,in_yard,17.7,100000000370
GP,SGNG1004878,in_yard,10.3,100000000378
GP,SGNG1004886,in_yard,16,100000000386
RF,SGNG1004894,in_yard,24,100000000394
GP,SGNG1004902,in_yard,5.1,100000000402
GP,SGNG1004910,in_yard,32.2,100000000410
GP,SGNG1004918,in_yard,23.7,100000000418
GP,SGNG1004926,in_yard,28.6,100000000426
GP,SGNG1004934,in_yard,12.2,100000000434
RF,SGNG1004942,in_yard,29,100000000442
GP,SGNG1004950,in_yard,13.9,100000000450
GP,SGNG1004958,in_yard,27.6,100000000458
RF,SGNG1004966,in_yard,30,100000000466
GP,SGNG1004974,in_yard,18.9,100000000474
GP,SGNG1004982,in_yard,14,100000000482
RF,SGNG1004990,in_yard,27.7,100000000490
GP,SGNG1004998,in_yard,6.2,100000000498
GP,SGNG1005006,in_yard,15,100000000506
RF,SGNG1005014,in_yard,12.6,100000000514
GP,SGNG1005022,in_yard,10.4,100000000522
GP,SGNG1005030,in_yard,13.8,100000000530
GP,SGNG1005038,in_yard,5.5,100000000538
RF,SGNG1005046,in_yard,24.7,100000000546
GP,SGNG1005054,in_yard,4.5,100000000554
GP,SGNG1005062,in_yard,30.7,100000000562
GP,SGNG1005070,in_yard,3.6,100000000570
GP,SGNG1005078,in_yard,17.1,100000000578
GP,SGNG1005086,in_yard,3.6,100000000586
GP,SGNG1005094,in_yard,21.8,100000000594
GP,SGNG1005102,in_yard,5.5,100000000602
RF,SGNG1005110,in_yard,4.9,100000000610
RF,SGNG1005118,in_yard,6.5,100000000618
RF,SGNG1005126,in_yard,17.1,100000000626
RF,SGNG1005134,in_yard,12.3,100000000634
GP,SGNG1005142,in_yard,10.9,100000000642
GP,SGNG1005150,in_yard,24.7,100000000650
GP,SGNG1005158,in_yard,7.4,100000000658
GP,SGNG1005166,in_yard,20.1,100000000666
GP,SGNG1005174,in_yard,24.1,100000000674
GP,SGNG1005182,in_yard,4.9,100000000682
DANGER,SGNG1005190,in_yard,26.7,100000000690
GP,SGNG1005198,in_yard,12.1,100000000698
GP,SGNG1005206,in_yard,3.1,100000000706
GP,SGNG1005214,in_yard,22.9,100000000714
GP,SGNG1005222,in_yard,5.8,100000000722
GP,SGNG1005230,in_yard,10.5,100000000730
GP,SGNG1005238,in_yard,31.4,100000000738
GP,SGNG1005246,in_yard,17.1,100000000746
GP,SGNG1005254,in_yard,8.7,100000000754
RF,SGNG1005262,in_yard,20.5,100000000762
GP,SGNG1005270,in_yard,3.2,100000000770
GP,SGNG1005278,in_yard,3.2,100000000778
GP,SGNG1005286,in_yard,30.4,100000000786
GP,SGNG1005294,in_yard,8.1,100000000794
RF,SGNG1005302,in_yard,6,100000000802
GP,SGNG1005310,in_yard,14,100000000810
GP,SGNG1005318,in_yard,10.5,100000000818
GP,SGNG1005326,in_yard,12.6,100000000826
GP,SGNG1005334,in_yard,20.3,100000000834
RF,SGNG1005342,in_yard,9.2,100000000842
GP,SGNG1005350,in_yard,30.2,100000000850
RF,SGNG1005358,in_yard,26.1,100000000858
GP,SGNG1005366,in_yard,17.4,100000000866
GP,SGNG1005374,in_yard,17.4,100000000874
RF,SGNG1005382,in_yard,7.3,100000000882
GP,SGNG1005390,in_yard,27.7,100000000890
GP,SGNG1005398,in_yard,7.8,100000000898
GP,SGNG1005406,in_yard,20.1,100000000906
GP,SGNG1005414,in_yard,18.8,100000000914
GP,SGNG1005422,in_yard,13.7,100000000922
DANGER,SGNG1005430,in_yard,14.7,100000000930
GP,SGNG1005438,in_yard,24.1,100000000938
GP,SGNG1005446,in_yard,8.4,100000000946
RF,SGNG1005454,in_yard,19.2,100000000954
RF,SGNG1005462,in_yard,30.9,100000000962
DANGER,SGNG1005470,in_yard,15.1,100000000970
DANGER,SGNG1005478,in_yard,27.3,100000000978
RF,SGNG1005486,in_yard,10.4,100000000986
RF,SGNG1005494,in_yard,15.4,100000000994
GP,SGNG1005502,in_yard,25.8,100000001002
GP,SGNG1005510,in_yard,23.2,100000001010
GP,SGNG1005518,in_yard,26.4,100000001018
RF,SGNG1005526,in_yard,12.9,100000001026
RF,SGNG1005534,in_yard,7.6,100000001034
GP,SGNG1005542,in_yard,17.1,100000001042
GP,SGNG1005550,in_yard,25.3,100000001050
GP,SGNG1005558,in_yard,20.6,100000001058
GP,SGNG1005566,in_yard,23.5,100000001066
GP,SGNG1005574,in_yard,4.7,100000001074
GP,SGNG1005582,in_yard,24.4,100000001082
GP,SGNG1005590,in_yard,19,100000001090
RF,SGNG1005598,in_yard,28.8,100000001098
GP,SGNG1005606,in_yard,15.2,100000001106
RF,SGNG1005614,in_yard,11.7,100000001114
GP,SGNG1005622,in_yard,13.6,100000001122
GP,SGNG1005630,in_yard,30.5,100000001130
RF,SGNG1005638,in_yard,22.5,100000001138
GP,SGNG1005646,in_yard,26.6,100000001146
GP,SGNG1005654,in_yard,6.7,100000001154
DANGER,SGNG1005662,in_yard,10,100000001162
GP,SGNG1005670,in_yard,13.3,100000001170
GP,SGNG1005678,in_yard,5,100000001178
GP,SGNG1005686,in_yard,3.7,100000001186
RF,SGNG1005694,in_yard,26.2,100000001194
GP,SGNG1005702,in_yard,21.6,100000001202
GP,SGNG1005710,in_yard,16.3,100000001210
GP,SGNG1005718,in_yard,11.1,100000001218
GP,SGNG1005726,in_yard,12.6,100000001226
GP,SGNG1005734,in_yard,12.4,100000001234
DANGER,SGNG1005742,in_yard,18.4,100000001242
RF,SGNG1005750,in_yard,30.3,100000001250
DANGER,SGNG1005758,in_yard,23.9,100000001258
GP,SGNG1005766,in_yard,19.6,100000001266
GP,SGNG1005774,in_yard,28.8,100000001274
RF,SGNG1005782,in_yard,11.6,100000001282
GP,SGNG1005790,in_yard,15.6,100000001290
GP,SGNG1005798,in_yard,30,100000001298
RF,SGNG1005806,in_yard,31.3,100000001306
DANGER,SGNG1005814,in_yard,12.4,100000001314
GP,SGNG1005822,in_yard,24.6,100000001322
DANGER,SGNG1005830,in_yard,17.4,100000001330
GP,SGNG1005838,in_yard,13.2,100000001338
RF,SGNG1005846,in_yard,17.3,100000001346
GP,SGNG1005854,in_yard,6.5,100000001354
RF,SGNG1005862,in_yard,6.9,100000001362
RF,SGNG1005870,in_yard,22.7,100000001370
GP,SGNG1005878,in_yard,23.6,100000001378
GP,SGNG1005886,in_yard,20,100000001386
RF,SGNG1005894,in_yard,2.5,100000001394
GP,SGNG1005902,in_yard,12.9,100000001402
RF,SGNG1005910,in_yard,11.7,100000001410
GP,SGNG1005918,in_yard,20.6,100000001418
DANGER,SGNG1005926,in_yard,21,100000001426
DANGER,SGNG1005934,in_yard,32.1,100000001434
GP,SGNG1005942,in_yard,8.9,100000001442
RF,SGNG1005950,in_yard,11,100000001450
GP,SGNG1005958,in_yard,10.2,100000001458
GP,SGNG1005966,in_yard,3.2,100000001466
GP,SGNG1005974,in_yard,29.9,100000001474
RF,SGNG1005982,in_yard,7,100000001482
GP,SGNG1005990,in_yard,17.2,100000001490
GP,SGNG1005998,in_yard,8.7,100000001498
GP,SGNG1006006,in_yard,11.8,100000000006
RF,SGNG1006014,in_yard,11.2,100000000014
GP,SGNG1006022,in_yard,23.9,100000000022
GP,SGNG1006030,in_yard,31.6,100000000030
GP,SGNG1006038,in_yard,25.3,100000000038
DANGER,SGNG1006046,in_yard,5.1,100000000046
GP,SGNG1006054,in_yard,8.9,100000000054
GP,SGNG1006062,in_yard,25.9,100000000062
RF,SGNG1006070,in_yard,11.5,100000000070
GP,SGNG1006078,in_yard,25.7,100000000078
RF,SGNG1006086,in_yard,18.5,100000000086
RF,SGNG1006094,in_yard,8.9,100000000094
GP,SGNG1006102,in_yard,11.1,100000000102
GP,SGNG1006110,in_yard,28.3,100000000110
GP,SGNG1006118,in_yard,5.3,100000000118
RF,SGNG1006126,in_yard,28.8,100000000126
GP,SGNG1006134,in_yard,17.3,100000000134
GP,SGNG1006142,in_yard,11.7,100000000142
RF,SGNG1006150,in_yard,7.5,100000000150
GP,SGNG1006158,in_yard,8.7,100000000158
GP,SGNG1006166,in_yard,18.7,100000000166
GP,SGNG1006174,in_yard,25.8,100000000174
GP,SGNG1006182,in_yard,11.8,100000000182
GP,SGNG1006190,in_yard,30.9,100000000190
GP,SGNG1006198,in_yard,8.4,100000000198
DANGER,SGNG1006206,in_yard,4.7,100000000206
RF,SGNG1006214,in_yard,30.3,100000000214
GP,SGNG1006222,in_yard,14.3,100000000222
GP,SGNG1006230,in_yard,31.2,100000000230
GP,SGNG1006238,in_yard,2.6,100000000238
GP,SGNG1006246,in_yard,15.7,100000000246
GP,SGNG1006254,in_yard,11.2,100000000254
GP,SGNG1006262,in_yard,28.3,100000000262
GP,SGNG1006270,in_yard,18,100000000270
GP,SGNG1006278,in_yard,6,100000000278
GP,SGNG1006286,in_yard,30.9,100000000286
GP,SGNG1006294,in_yard,32.1,100000000294
GP,SGNG1006302,in_yard,32.4,100000000302
GP,SGNG1006310,in_yard,18.1,100000000310
DANGER,SGNG1006318,in_yard,9.3,100000000318
GP,SGNG1006326,in_yard,17.9,100000000326
GP,SGNG1006334,in_yard,26.6,100000000334
GP,SGNG1006342,in_yard,3.9,100000000342
RF,SGNG1006350,in_yard,11.7,100000000350
GP,SGNG1006358,in_yard,30.5,100000000358
GP,SGNG1006366,in_yard,8.2,100000000366
GP,SGNG1006374,in_yard,6.3,100000000374
GP,SGNG1006382,in_yard,4.2,100000000382
GP,SGNG1006390,in_yard,28.9,100000000390
GP,SGNG1006398,in_yard,9.9,100000000398
DANGER,SGNG1006406,in_yard,3.3,100000000406
RF,SGNG1006414,in_yard,22.1,100000000414
DANGER,SGNG1006422,in_yard,27.7,100000000422
GP,SGNG1006430,in_yard,21.4,100000000430
GP,SGNG1006438,in_yard,15.8,100000000438
RF,SGNG1006446,in_yard,5.3,100000000446
GP,SGNG1006454,in_yard,32.3,100000000454
RF,SGNG1006462,in_yard,15.3,100000000462
DANGER,SGNG1006470,in_yard,17.6,100000000470
RF,SGNG1006478,in_yard,15.2,100000000478
GP,SGNG1006486,in_yard,15,100000000486
RF,SGNG1006494,in_yard,29.3,100000000494
RF,SGNG1006502,in_yard,29.8,100000000502
GP,SGNG1006510,in_yard,22,100000000510
RF,SGNG1006518,in_yard,11.4,100000000518
DANGER,SGNG1006526,in_yard,14,100000000526
GP,SGNG1006534,in_yard,26.1,100000000534
GP,SGNG1006542,in_yard,30.6,100000000542
RF,SGNG1006550,in_yard,27.9,100000000550
RF,SGNG1006558,in_yard,11.1,100000000558
RF,SGNG1006566,in_yard,27.5,100000000566
GP,SGNG1006574,in_yard,7.3,100000000574
GP,SGNG1006582,in_yard,5.6,100000000582
RF,SGNG1006590,in_yard,19.3,100000000590
RF,SGNG1006598,in_yard,3.7,100000000598
DANGER,SGNG1006606,in_yard,17.3,100000000606
GP,SGNG1006614,in_yard,15.3,100000000614
GP,SGNG1006622,in_yard,32.2,100000000622
GP,SGNG1006630,in_yard,14,100000000630
RF,SGNG1006638,in_yard,30.8,100000000638
GP,SGNG1006646,in_yard,24.2,100000000646
RF,SGNG1006654,in_yard,14.4,100000000654
GP,SGNG1006662,in_yard,28.2,100000000662
GP,SGNG1006670,in_yard,18.8,100000000670
GP,SGNG1006678,in_yard,12.7,100000000678
RF,SGNG1006686,in_yard,15.8,100000000686
GP,SGNG1006694,in_yard,2.9,100000000694
GP,SGNG1006702,in_yard,7.5,100000000702
GP,SGNG1006710,in_yard,16.3,100000000710
GP,SGNG1006718,in_yard,4.7,100000000718
GP,SGNG1006726,in_yard,10.4,100000000726
GP,SGNG1006734,in_yard,10.2,100000000734
GP,SGNG1006742,in_yard,11.4,100000000742
GP,SGNG1006750,in_yard,27.1,100000000750
RF,SGNG1006758,in_yard,7.5,100000000758
GP,SGNG1006766,in_yard,14.9,100000000766
DANGER,SGNG1006774,in_yard,25.4,100000000774
RF,SGNG1006782,in_yard,29.5,100000000782
DANGER,SGNG1006790,in_yard,28.1,100000000790
GP,SGNG1006798,in_yard,30.9,100000000798
GP,SGNG1006806,in_yard,8.6,100000000806
RF,SGNG1006814,in_yard,23.5,100000000814
RF,SGNG1006822,in_yard,2.9,100000000822
GP,SGNG1006830,in_yard,24.2,100000000830
DANGER,SGNG1006838,in_yard,26.6,100000000838
DANGER,SGNG1006846,in_yard,11.8,100000000846
GP,SGNG1006854,in_yard,26.1,100000000854
GP,SGNG1006862,in_yard,4,100000000862
RF,SGNG1006870,in_yard,25.7,100000000870
GP,SGNG1006878,in_yard,10.2,100000000878
GP,SGNG1006886,in_yard,28.4,100000000886
GP,SGNG1006894,in_yard,22.6,100000000894
GP,SGNG1006902,in_yard,3.2,100000000902
GP,SGNG1006910,in_yard,21.3,100000000910
GP,SGNG1006918,in_yard,13.8,100000000918
GP,SGNG1006926,in_yard,29.1,100000000926
GP,SGNG1006934,in_yard,3.8,100000000934
RF,SGNG1006942,in_yard,30.7,100000000942
GP,SGNG1006950,in_yard,3.2,100000000950
DANGER,SGNG1006958,in_yard,15.4,100000000958
DANGER,SGNG1006966,in_yard,24.7,100000000966
GP,SGNG1006974,in_yard,6.9,100000000974
DANGER,SGNG1006982,in_yard,4.6,100000000982
RF,SGNG1006990,in_yard,21,100000000990
GP,SGNG1006998,in_yard,16.3,100000000998
GP,SGNG1007006,in_yard,30,100000001006
GP,SGNG1007014,in_yard,4.9,100000001014
GP,SGNG1007022,in_yard,16.1,100000001022
GP,SGNG1007030,in_yard,6,100000001030
GP,SGNG1007038,in_yard,8.2,100000001038
GP,SGNG1007046,in_yard,7.9,100000001046
DANGER,SGNG1007054,in_yard,27.5,100000001054
GP,SGNG1007062,in_yard,12.5,100000001062
GP,SGNG1007070,in_yard,17.4,100000001070
GP,SGNG1007078,in_yard,4.5,100000001078
GP,SGNG1007086,in_yard,29.7,100000001086
DANGER,SGNG1007094,in_yard,24.8,100000001094
GP,SGNG1007102,in_yard,4.3,100000001102
DANGER,SGNG1007110,in_yard,28.7,100000001110
RF,SGNG1007118,in_yard,23.6,100000001118
RF,SGNG1007126,in_yard,31.6,100000001126
GP,SGNG1007134,in_yard,6.3,100000001134
GP,SGNG1007142,in_yard,15.3,100000001142
GP,SGNG1007150,in_yard,9.5,100000001150
GP,SGNG1007158,in_yard,26.1,100000001158
GP,SGNG1007166,in_yard,4.4,100000001166
DANGER,SGNG1007174,in_yard,24.4,100000001174
RF,SGNG1007182,in_yard,22.7,100000001182
GP,SGNG1007190,in_yard,27,100000001190
GP,SGNG1007198,in_yard,6.1,100000001198
GP,SGNG1007206,in_yard,16.7,100000001206
RF,SGNG1007214,in_yard,25.1,100000001214
GP,SGNG1007222,in_yard,23.3,100000001222
GP,SGNG1007230,in_yard,22.1,100000001230
GP,SGNG1007238,in_yard,30.3,100000001238
GP,SGNG1007246,in_yard,30,100000001246
GP,SGNG1007254,in_yard,3.7,100000001254
RF,SGNG1007262,in_yard,30,100000001262
GP,SGNG1007270,in_yard,22,100000001270
RF,SGNG1007278,in_yard,25.4,100000001278
GP,SGNG1007286,in_yard,21.6,100000001286
GP,SGNG1007294,in_yard,32.4,100000001294
RF,SGNG1007302,in_yard,25.7,100000001302
GP,SGNG1007310,in_yard,24.7,100000001310
GP,SGNG1007318,in_yard,31.4,100000001318
GP,SGNG1007326,in_yard,19,100000001326
GP,SGNG1007334,in_yard,6.3,100000001334
DANGER,SGNG1007342,in_yard,19.9,100000001342
RF,SGNG1007350,in_yard,4.3,100000001350
GP,SGNG1007358,in_yard,18.5,100000001358
GP,SGNG1007366,in_yard,23.8,100000001366
RF,SGNG1007374,in_yard,24.3,100000001374
GP,SGNG1007382,in_yard,7,100000001382
RF,SGNG1007390,in_yard,20.7,100000001390
RF,SGNG1007398,in_yard,8.9,100000001398
GP,SGNG1007406,in_yard,21.8,100000001406
DANGER,SGNG1007414,in_yard,6.7,100000001414
RF,SGNG1007422,in_yard,20,100000001422
GP,SGNG1007430,in_yard,29.9,100000001430
GP,SGNG1007438,in_yard,29.9,100000001438
GP,SGNG1007446,in_yard,22.1,100000001446
DANGER,SGNG1007454,in_yard,10.2,100000001454
RF,SGNG1007462,in_yard,13.3,100000001462
GP,SGNG1007470,in_yard,6.3,100000001470
GP,SGNG1007478,in_yard,16.2,100000001478
RF,SGNG1007486,in_yard,15.9,100000001486
GP,SGNG1007494,in_yard,27.3,100000001494
GP,SGNG1007502,in_yard,24.7,100000000002
GP,SGNG1007510,in_yard,29.7,100000000010
GP,SGNG1007518,in_yard,26.9,100000000018
GP,SGNG1007526,in_yard,28.7,100000000026
RF,SGNG1007534,in_yard,17,100000000034
GP,SGNG1007542,in_yard,3.8,100000000042
GP,SGNG1007550,in_yard,15.7,100000000050
GP,SGNG1007558,in_yard,25.4,100000000058
GP,SGNG1007566,in_yard,22.3,100000000066
GP,SGNG1007574,in_yard,13.3,100000000074
GP,SGNG1007582,in_yard,28.1,100000000082
GP,SGNG1007590,in_yard,4.2,100000000090
RF,SGNG1007598,in_yard,2.8,100000000098
GP,SGNG1007606,in_yard,17.1,100000000106
GP,SGNG1007614,in_yard,2.6,100000000114
GP,SGNG1007622,in_yard,3.2,100000000122
GP,SGNG1007630,in_yard,27.8,100000000130
GP,SGNG1007638,in_yard,3.9,100000000138
GP,SGNG1007646,in_yard,14.9,100000000146
GP,SGNG1007654,in_yard,9.2,100000000154
RF,SGNG1007662,in_yard,29.2,100000000162
GP,SGNG1007670,in_yard,31.2,100000000170
RF,SGNG1007678,in_yard,11.8,100000000178
GP,SGNG1007686,in_yard,30.3,100000000186
DANGER,SGNG1007694,in_yard,20.4,100000000194
GP,SGNG1007702,in_yard,19.2,100000000202
GP,SGNG1007710,in_yard,4.9,100000000210
RF,SGNG1007718,in_yard,23.1,100000000218
GP,SGNG1007726,in_yard,23.5,100000000226
GP,SGNG1007734,in_yard,29.4,100000000234
GP,SGNG1007742,in_yard,22.7,100000000242
DANGER,SGNG1007750,in_yard,25.7,100000000250
GP,SGNG1007758,in_yard,13.5,100000000258
GP,SGNG1007766,in_yard,8.1,100000000266
GP,SGNG1007774,in_yard,29.1,100000000274
RF,SGNG1007782,in_yard,29.1,100000000282
GP,SGNG1007790,in_yard,20.8,100000000290
RF,SGNG1007798,in_yard,16.9,100000000298
GP,SGNG1007806,in_yard,22.6,100000000306
DANGER,SGNG1007814,in_yard,2.9,100000000314
GP,SGNG1007822,in_yard,16.4,100000000322
GP,SGNG1007830,in_yard,10.2,100000000330
DANGER,SGNG1007838,in_yard,14.8,100000000338
RF,SGNG1007846,in_yard,32.4,100000000346
GP,SGNG1007854,in_yard,30.6,100000000354
GP,SGNG1007862,in_yard,7.1,100000000362
RF,SGNG1007870,in_yard,12.5,100000000370
GP,SGNG1007878,in_yard,27.1,100000000378
RF,SGNG1007886,in_yard,8.3,100000000386
GP,SGNG1007894,in_yard,30.5,100000000394
GP,SGNG1007902,in_yard,31.5,100000000402
GP,SGNG1007910,in_yard,16.2,100000000410
GP,SGNG1007918,in_yard,31.9,100000000418
GP,SGNG1007926,in_yard,13.4,100000000426
DANGER,SGNG1007934,in_yard,6,100000000434
GP,SGNG1007942,in_yard,25.6,100000000442
GP,SGNG1007950,in_yard,28.6,100000000450
RF,SGNG1007958,in_yard,22.4,100000000458
GP,SGNG1007966,in_yard,20.1,100000000466
DANGER,SGNG1007974,in_yard,16,100000000474
GP,SGNG1007982,in_yard,12.2,100000000482
GP,SGNG1007990,in_yard,6.8,100000000490
DANGER,SGNG1007998,in_yard,16.3,100000000498
GP,SGNG1008006,in_yard,29.6,100000000506
DANGER,CMAU1000005,in_yard,30.5,100000000005
GP,CMAU1000013,in_yard,30.9,100000000013
GP,CMAU1000021,in_yard,22.7,100000000021
RF,CMAU1000029,in_yard,20.3,100000000029
GP,CMAU1000037,in_yard,16.8,100000000037
GP,CMAU1000045,in_yard,4.1,100000000045
GP,CMAU1000053,in_yard,11.3,100000000053
RF,CMAU1000061,in_yard,12.5,100000000061
GP,CMAU1000069,in_yard,7.9,100000000069
RF,CMAU1000077,in_yard,5.3,100000000077
GP,CMAU1000085,in_yard,10.7,100000000085
RF,CMAU1000093,in_yard,30.5,100000000093
DANGER,CMAU1000101,in_yard,25.5,100000000101
GP,CMAU1000109,in_yard,5.5,100000000109
GP,CMAU1000117,in_yard,5.6,100000000117
GP,CMAU1000125,in_yard,21.9,100000000125
GP,CMAU1000133,in_yard,26.5,100000000133
GP,CMAU1000141,in_yard,18.9,100000000141
GP,CMAU1000149,in_yard,11.2,100000000149
GP,CMAU1000157,in_yard,15.5,100000000157
GP,CMAU1000165,in_yard,14.7,100000000165
GP,CMAU1000173,in_yard,24.6,100000000173
GP,CMAU1000181,in_yard,3.8,100000000181
GP,CMAU1000189,in_yard,18.7,100000000189
RF,CMAU1000197,in_yard,29.2,100000000197
GP,CMAU1000205,in_yard,6.6,100000000205
GP,CMAU1000213,in_yard,6.9,100000000213
GP,CMAU1000221,in_yard,30.4,100000000221
GP,CMAU1000229,in_yard,5.5,100000000229
RF,CMAU1000237,in_yard,26.2,100000000237
RF,CMAU1000245,in_yard,27,100000000245
GP,CMAU1000253,in_yard,28,100000000253
DANGER,CMAU1000261,in_yard,24.9,100000000261
RF,CMAU1000269,in_yard,11.4,100000000269
GP,CMAU1000277,in_yard,23.2,100000000277
RF,CMAU1000285,in_yard,6.1,100000000285
GP,CMAU1000293,in_yard,23.1,100000000293
GP,CMAU1000301,in_yard,31.6,100000000301
GP,CMAU1000309,in_yard,32,100000000309
RF,CMAU1000317,in_yard,6.6,100000000317
GP,CMAU1000325,in_yard,17,100000000325
RF,CMAU1000333,in_yard,6.5,100000000333
GP,CMAU1000341,in_yard,20.8,100000000341
RF,CMAU1000349,in_yard,23.9,100000000349
GP,CMAU1000357,in_yard,28.4,100000000357
DANGER,CMAU1000365,in_yard,27.5,100000000365
DANGER,CMAU1000373,in_yard,18,100000000373
GP,CMAU1000381,in_yard,5.6,100000000381
GP,CMAU1000389,in_yard,18.2,100000000389
RF,CMAU1000397,in_yard,30.8,100000000397
RF,CMAU1000405,in_yard,16.9,100000000405
GP,CMAU1000413,in_yard,14.7,100000000413
GP,CMAU1000421,in_yard,8.3,100000000421
GP,CMAU1000429,in_yard,13.3,100000000429
GP,CMAU1000437,in_yard,28,100000000437
RF,CMAU1000445,in_yard,20.3,100000000445
DANGER,CMAU1000453,in_yard,19.6,100000000453
GP,CMAU1000461,in_yard,23.3,100000000461
RF,CMAU1000469,in_yard,10.6,100000000469
GP,CMAU1000477,in_yard,25.4,100000000477
GP,CMAU1000485,in_yard,18,100000000485
GP,CMAU1000493,in_yard,31.8,100000000493
GP,CMAU1000501,in_yard,27,100000000501
DANGER,CMAU1000509,in_yard,7.4,100000000509
GP,CMAU1000517,in_yard,16.4,100000000517
GP,CMAU1000525,in_yard,31.1,100000000525
GP,CMAU1000533,in_yard,14.7,100000000533
RF,CMAU1000541,in_yard,25.2,100000000541
RF,CMAU1000549,in_yard,14.5,100000000549
GP,CMAU1000557,in_yard,22.2,100000000557
RF,CMAU1000565,in_yard,6,100000000565
GP,CMAU1000573,in_yard,22.2,100000000573
GP,CMAU1000581,in_yard,29.5,100000000581
RF,CMAU1000589,in_yard,19.2,100000000589
RF,CMAU1000597,in_yard,24.5,100000000597
GP,CMAU1000605,in_yard,27,100000000605
RF,CMAU1000613,in_yard,22.9,100000000613
GP,CMAU1000621,in_yard,27.3,100000000621
GP,CMAU1000629,in_yard,16.3,100000000629
GP,CMAU1000637,in_yard,21.4,100000000637
RF,CMAU1000645,in_yard,15.8,100000000645
GP,CMAU1000653,in_yard,4.6,100000000653
GP,CMAU1000661,in_yard,30.9,100000000661
RF,CMAU1000669,in_yard,30.1,100000000669
DANGER,CMAU1000677,in_yard,4.1,100000000677
DANGER,CMAU1000685,in_yard,12.3,100000000685
RF,CMAU1000693,in_yard,18.6,100000000693
GP,CMAU1000701,in_yard,30.4,100000000701
GP,CMAU1000709,in_yard,30.7,100000000709
DANGER,CMAU1000717,in_yard,12.5,100000000717
GP,CMAU1000725,in_yard,24.8,100000000725
GP,CMAU1000733,in_yard,17.1,100000000733
GP,CMAU1000741,in_yard,5.2,100000000741
RF,CMAU1000749,in_yard,32.3,100000000749
GP,CMAU1000757,in_yard,4,100000000757
DANGER,CMAU1000765,in_yard,31.9,100000000765
GP,CMAU1000773,in_yard,4.8,100000000773
DANGER,CMAU1000781,in_yard,29.8,100000000781
GP,CMAU1000789,in_yard,27.5,100000000789
GP,CMAU1000797,in_yard,13.3,100000000797
GP,CMAU1000805,in_yard,21.3,100000000805
GP,CMAU1000813,in_yard,10.1,100000000813
RF,CMAU1000821,in_yard,19.6,100000000821
RF,CMAU1000829,in_yard,29.2,100000000829
GP,CMAU1000837,in_yard,15.4,100000000837
RF,CMAU1000845,in_yard,17.4,100000000845
GP,CMAU1000853,in_yard,29.8,100000000853
GP,CMAU1000861,in_yard,13.8,100000000861
RF,CMAU1000869,in_yard,13.3,100000000869
GP,CMAU1000877,in_yard,30.9,100000000877
GP,CMAU1000885,in_yard,4.4,100000000885
GP,CMAU1000893,in_yard,5,100000000893
GP,CMAU1000901,in_yard,27.6,100000000901
GP,CMAU1000909,in_yard,4.6,100000000909
GP,CMAU1000917,in_yard,22.9,100000000917
DANGER,CMAU1000925,in_yard,31.6,100000000925
RF,CMAU1000933,in_yard,28.2,100000000933
GP,CMAU1000941,in_yard,25.7,100000000941
RF,CMAU1000949,in_yard,31.5,100000000949
RF,CMAU1000957,in_yard,10.7,100000000957
GP,CMAU1000965,in_yard,32.2,100000000965
RF,CMAU1000973,in_yard,30.3,100000000973
GP,CMAU1000981,in_yard,23.7,100000000981
GP,CMAU1000989,in_yard,31.5,100000000989
GP,CMAU1000997,in_yard,31.2,100000000997
GP,CMAU1001005,in_yard,19.5,100000001005
RF,CMAU1001013,in_yard,9.8,100000001013
GP,CMAU1001021,in_yard,11.2,100000001021
GP,CMAU1001029,in_yard,16.3,100000001029
GP,CMAU1001037,in_yard,3.4,100000001037
RF,CMAU1001045,in_yard,31.3,100000001045
GP,CMAU1001053,in_yard,8.7,100000001053
GP,CMAU1001061,in_yard,13.2,100000001061
GP,CMAU1001069,in_yard,25.4,100000001069
GP,CMAU1001077,in_yard,12.4,100000001077
GP,CMAU1001085,in_yard,27.5,100000001085
RF,CMAU1001093,in_yard,4.9,100000001093
GP,CMAU1001101,in_yard,5.2,100000001101
GP,CMAU1001109,in_yard,2.7,100000001109
GP,CMAU1001117,in_yard,6.2,100000001117
DANGER,CMAU1001125,in_yard,25.4,100000001125
RF,CMAU1001133,in_yard,8.2,100000001133
GP,CMAU1001141,in_yard,4.3,100000001141
GP,CMAU1001149,in_yard,16.6,100000001149
GP,CMAU1001157,in_yard,19.2,100000001157
GP,CMAU1001165,in_yard,22.6,100000001165
RF,CMAU1001173,in_yard,14.9,100000001173
GP,CMAU1001181,in_yard,23.2,100000001181
GP,CMAU1001189,in_yard,24.6,100000001189
GP,CMAU1001197,in_yard,23.4,100000001197
GP,CMAU1001205,in_yard,10.8,100000001205
GP,CMAU1001213,in_yard,3.6,100000001213
RF,CMAU1001221,in_yard,20.2,100000001221
GP,CMAU1001229,in_yard,20.6,100000001229
GP,CMAU1001237,in_yard,7.1,100000001237
GP,CMAU1001245,in_yard,12.5,100000001245
GP,CMAU1001253,in_yard,5.9,100000001253
RF,CMAU1001261,in_yard,23.5,100000001261
GP,CMAU1001269,in_yard,14.5,100000001269
RF,CMAU1001277,in_yard,5.5,100000001277
RF,CMAU1001285,in_yard,24.7,100000001285
DANGER,CMAU1001293,in_yard,20.3,100000001293
GP,CMAU1001301,in_yard,26.3,100000001301
GP,CMAU1001309,in_yard,3.2,100000001309
GP,CMAU1001317,in_yard,20.5,100000001317
RF,CMAU1001325,in_yard,7.9,100000001325
GP,CMAU1001333,in_yard,14.7,100000001333
GP,CMAU1001341,in_yard,17.3,100000001341
GP,CMAU1001349,in_yard,32,100000001349
DANGER,CMAU1001357,in_yard,8.6,100000001357
GP,CMAU1001365,in_yard,29.2,100000001365
GP,CMAU1001373,in_yard,12.4,100000001373
GP,CMAU1001381,in_yard,29.2,100000001381
GP,CMAU1001389,in_yard,23.5,100000001389
GP,CMAU1001397,in_yard,24.3,100000001397
GP,CMAU1001405,in_yard,26.1,100000001405
GP,CMAU1001413,in_yard,25,100000001413
RF,CMAU1001421,in_yard,6.6,100000001421
DANGER,CMAU1001429,in_yard,15.2,100000001429
GP,CMAU1001437,in_yard,31.1,100000001437
RF,CMAU1001445,in_yard,19.1,100000001445
GP,CMAU1001453,in_yard,27.2,100000001453
RF,CMAU1001461,in_yard,12.4,100000001461
RF,CMAU1001469,in_yard,26.9,100000001469
GP,CMAU1001477,in_yard,28.7,100000001477
DANGER,CMAU1001485,in_yard,13.5,100000001485
GP,CMAU1001493,in_yard,31.2,100000001493
GP,CMAU1001501,in_yard,20.3,100000000001
RF,CMAU1001509,in_yard,15.3,100000000009
GP,CMAU1001517,in_yard,18.3,100000000017
RF,CMAU1001525,in_yard,22,100000000025
RF,CMAU1001533,in_yard,10.7,100000000033
GP,CMAU1001541,in_yard,30.1,100000000041
DANGER,CMAU1001549,in_yard,12.1,100000000049
GP,CMAU1001557,in_yard,8.2,100000000057
RF,CMAU1001565,in_yard,31,100000000065
RF,CMAU1001573,in_yard,8.8,100000000073
DANGER,CMAU1001581,in_yard,17.7,100000000081
GP,CMAU1001589,in_yard,22.2,100000000089
GP,CMAU1001597,in_yard,28.6,100000000097
RF,CMAU1001605,in_yard,28.5,100000000105
GP,CMAU1001613,in_yard,23.5,100000000113
RF,CMAU1001621,in_yard,27.4,100000000121
GP,CMAU1001629,in_yard,24.2,100000000129
RF,CMAU1001637,in_yard,20.7,100000000137
DANGER,CMAU1001645,in_yard,8.4,100000000145
GP,CMAU1001653,in_yard,30,100000000153
GP,CMAU1001661,in_yard,7.5,100000000161
GP,CMAU1001669,in_yard,6.5,100000000169
GP,CMAU1001677,in_yard,16.8,100000000177
GP,CMAU1001685,in_yard,23.6,100000000185
GP,CMAU1001693,in_yard,25.1,100000000193
DANGER,CMAU1001701,in_yard,11.9,100000000201
GP,CMAU1001709,in_yard,19.5,100000000209
GP,CMAU1001717,in_yard,6.3,100000000217
GP,CMAU1001725,in_yard,2.6,100000000225
GP,CMAU1001733,in_yard,23.7,100000000233
GP,CMAU1001741,in_yard,4.9,100000000241
RF,CMAU1001749,in_yard,9.9,100000000249
GP,CMAU1001757,in_yard,20.7,100000000257
GP,CMAU1001765,in_yard,3.5,100000000265
RF,CMAU1001773,in_yard,3.9,100000000273
GP,CMAU1001781,in_yard,6.5,100000000281
GP,CMAU1001789,in_yard,30.9,100000000289
GP,CMAU1001797,in_yard,2.5,100000000297
GP,CMAU1001805,in_yard,8.9,100000000305
GP,CMAU1001813,in_yard,11.4,100000000313
RF,CMAU1001821,in_yard,31.9,100000000321
DANGER,CMAU1001829,in_yard,16.5,100000000329
GP,CMAU1001837,in_yard,20.8,100000000337
GP,CMAU1001845,in_yard,13.2,100000000345
RF,CMAU1001853,in_yard,27.2,100000000353
GP,CMAU1001861,in_yard,28.4,100000000361
GP,CMAU1001869,in_yard,28,100000000369
GP,CMAU1001877,in_yard,23.1,100000000377
GP,CMAU1001885,in_yard,19.7,100000000385
GP,CMAU1001893,in_yard,12,100000000393
RF,CMAU1001901,in_yard,31.3,100000000401
RF,CMAU1001909,in_yard,21.6,100000000409
DANGER,CMAU1001917,in_yard,12.8,100000000417
RF,CMAU1001925,in_yard,32.3,100000000425
GP,CMAU1001933,in_yard,14.9,100000000433
RF,CMAU1001941,in_yard,32.1,100000000441
GP,CMAU1001949,in_yard,9.3,100000000449
GP,CMAU1001957,in_yard,6.9,100000000457
GP,CMAU1001965,in_yard,18,100000000465
DANGER,CMAU1001973,in_yard,26.8,100000000473
GP,CMAU1001981,in_yard,8.7,100000000481
GP,CMAU1001989,in_yard,5,100000000489
RF,CMAU1001997,in_yard,24.9,100000000497
GP,CMAU1002005,in_yard,29.2,100000000505
GP,CMAU1002013,in_yard,13.7,100000000513
RF,CMAU1002021,in_yard,30.5,100000000521
GP,CMAU1002029,in_yard,10.4,100000000529
GP,CMAU1002037,in_yard,15.7,100000000537
GP,CMAU1002045,in_yard,5.9,100000000545
GP,CMAU1002053,in_yard,27.9,100000000553
DANGER,CMAU1002061,in_yard,18.8,100000000561
GP,CMAU1002069,in_yard,9.7,100000000569
DANGER,CMAU1002077,in_yard,5.9,100000000577
GP,CMAU1002085,in_yard,5.4,100000000585
GP,CMAU1002093,in_yard,25.3,100000000593
GP,CMAU1002101,in_yard,9.4,100000000601
GP,CMAU1002109,in_yard,21.3,100000000609
GP,CMAU1002117,in_yard,31.9,100000000617
GP,CMAU1002125,in_yard,17.9,100000000625
DANGER,CMAU1002133,in_yard,16.5,100000000633
DANGER,CMAU1002141,in_yard,24.9,100000000641
RF,CMAU1002149,in_yard,21.1,100000000649
GP,CMAU1002157,in_yard,23.8,100000000657
RF,CMAU1002165,in_yard,3,100000000665
GP,CMAU1002173,in_yard,20.1,100000000673
RF,CMAU1002181,in_yard,7.8,100000000681
RF,CMAU1002189,in_yard,9,100000000689
GP,CMAU1002197,in_yard,18.6,100000000697
GP,CMAU1002205,in_yard,9.7,100000000705
RF,CMAU1002213,in_yard,30.3,100000000713
RF,CMAU1002221,in_yard,30.9,100000000721
GP,CMAU1002229,in_yard,13.5,100000000729
RF,CMAU1002237,in_yard,23.3,100000000737
GP,CMAU1002245,in_yard,6.9,100000000745
GP,CMAU1002253,in_yard,17.3,100000000753
RF,CMAU1002261,in_yard,3.1,100000000761
GP,CMAU1002269,in_yard,7.4,100000000769
GP,CMAU1002277,in_yard,32.1,100000000777
DANGER,CMAU1002285,in_yard,3.6,100000000785
GP,CMAU1002293,in_yard,31.9,100000000793
GP,CMAU1002301,in_yard,21.8,100000000801
GP,CMAU1002309,in_yard,24.4,100000000809
GP,CMAU1002317,in_yard,3.7,100000000817
GP,CMAU1002325,in_yard,25.1,100000000825
RF,CMAU1002333,in_yard,9.1,100000000833
RF,CMAU1002341,in_yard,9.5,100000000841
RF,CMAU1002349,in_yard,27.1,100000000849
RF,CMAU1002357,in_yard,19.2,100000000857
GP,CMAU1002365,in_yard,6.8,100000000865
RF,CMAU1002373,in_yard,12.8,100000000873
GP,CMAU1002381,in_yard,19.4,100000000881
GP,CMAU1002389,in_yard,7.4,100000000889
RF,CMAU1002397,in_yard,9.7,100000000897
GP,CMAU1002405,in_yard,21.8,100000000905
GP,CMAU1002413,in_yard,24.2,100000000913
GP,CMAU1002421,in_yard,30.5,100000000921
GP,CMAU1002429,in_yard,29.4,100000000929
GP,CMAU1002437,in_yard,27.6,100000000937
DANGER,CMAU1002445,in_yard,25.3,100000000945
GP,CMAU1002453,in_yard,9.3,100000000953
GP,CMAU1002461,in_yard,26.3,100000000961
GP,CMAU1002469,in_yard,25.8,100000000969
GP,CMAU1002477,in_yard,28.1,100000000977
DANGER,CMAU1002485,in_yard,18.6,100000000985
GP,CMAU1002493,in_yard,16.3,100000000993
GP,CMAU1002501,in_yard,29.5,100000001001
DANGER,CMAU1002509,in_yard,12.4,100000001009
GP,CMAU1002517,in_yard,21.7,100000001017
RF,CMAU1002525,in_yard,23.9,100000001025
GP,CMAU1002533,in_yard,12.5,100000001033
GP,CMAU1002541,in_yard,17.7,100000001041
RF,CMAU1002549,in_yard,16.9,100000001049
GP,CMAU1002557,in_yard,22.7,100000001057
RF,CMAU1002565,in_yard,13.7,100000001065
GP,CMAU1002573,in_yard,31.9,100000001073
RF,CMAU1002581,in_yard,27.6,100000001081
GP,CMAU1002589,in_yard,19.6,100000001089
GP,CMAU1002597,in_yard,3,100000001097
GP,CMAU1002605,in_yard,22.1,100000001105
GP,CMAU1002613,in_yard,4.1,100000001113
GP,CMAU1002621,in_yard,13.8,100000001121
GP,CMAU1002629,in_yard,23.3,100000001129
GP,CMAU1002637,in_yard,10.5,100000001137
RF,CMAU1002645,in_yard,26,100000001145
RF,CMAU1002653,in_yard,4.2,100000001153
GP,CMAU1002661,in_yard,18.4,100000001161
GP,CMAU1002669,in_yard,32.5,100000001169
GP,CMAU1002677,in_yard,9.5,100000001177
GP,CMAU1002685,in_yard,32.5,100000001185
GP,CMAU1002693,in_yard,27.2,100000001193
GP,CMAU1002701,in_yard,7.6,100000001201
GP,CMAU1002709,in_yard,8.1,100000001209
GP,CMAU1002717,in_yard,3,100000001217
RF,CMAU1002725,in_yard,19.6,100000001225
RF,CMAU1002733,in_yard,31.5,100000001233
GP,CMAU1002741,in_yard,24.1,100000001241
GP,CMAU1002749,in_yard,13.7,100000001249
GP,CMAU1002757,in_yard,8.3,100000001257
RF,CMAU1002765,in_yard,6,100000001265
GP,CMAU1002773,in_yard,20.9,100000001273
GP,CMAU1002781,in_yard,2.9,100000001281
GP,CMAU1002789,in_yard,27.6,100000001289
DANGER,CMAU1002797,in_yard,22.6,100000001297
GP,CMAU1002805,in_yard,4.7,100000001305
RF,CMAU1002813,in_yard,8.5,100000001313
GP,CMAU1002821,in_yard,26.1,100000001321
RF,CMAU1002829,in_yard,4.9,100000001329
GP,CMAU1002837,in_yard,25.2,100000001337
GP,CMAU1002845,in_yard,29.2,100000001345
GP,CMAU1002853,in_yard,7.6,100000001353
GP,CMAU1002861,in_yard,18.5,100000001361
RF,CMAU1002869,in_yard,2.5,100000001369
RF,CMAU1002877,in_yard,12.2,100000001377
DANGER,CMAU1002885,in_yard,7.1,100000001385
GP,CMAU1002893,in_yard,17.2,100000001393
GP,CMAU1002901,in_yard,16.3,100000001401
GP,CMAU1002909,in_yard,8.4,100000001409
GP,CMAU1002917,in_yard,2.5,100000001417
GP,CMAU1002925,in_yard,10.4,100000001425
GP,CMAU1002933,in_yard,8.6,100000001433
GP,CMAU1002941,in_yard,7.5,100000001441
RF,CMAU1002949,in_yard,6.7,100000001449
GP,CMAU1002957,in_yard,12,100000001457
GP,CMAU1002965,in_yard,11.1,100000001465
GP,CMAU1002973,in_yard,26,100000001473
RF,CMAU1002981,in_yard,11.5,100000001481
DANGER,CMAU1002989,in_yard,23.3,100000001489
DANGER,CMAU1002997,in_yard,22,100000001497
RF,CMAU1003005,in_yard,19.6,100000000005
RF,CMAU1003013,in_yard,7.8,100000000013
RF,CMAU1003021,in_yard,32.3,100000000021
RF,CMAU1003029,in_yard,30.6,100000000029
RF,CMAU1003037,in_yard,8.7,100000000037
GP,CMAU1003045,in_yard,21.5,100000000045
RF,CMAU1003053,in_yard,14.2,100000000053
GP,CMAU1003061,in_yard,21.5,100000000061
GP,CMAU1003069,in_yard,9.3,100000000069
GP,CMAU1003077,in_yard,9.4,100000000077
DANGER,CMAU1003085,in_yard,13,100000000085
GP,CMAU1003093,in_yard,9.9,100000000093
GP,CMAU1003101,in_yard,11.9,100000000101
GP,CMAU1003109,in_yard,23.5,100000000109
GP,CMAU1003117,in_yard,8.1,100000000117
GP,CMAU1003125,in_yard,6.3,100000000125
GP,CMAU1003133,in_yard,28,100000000133
RF,CMAU1003141,in_yard,28.6,100000000141
DANGER,CMAU1003149,in_yard,9.4,100000000149
DANGER,CMAU1003157,in_yard,30.1,100000000157
GP,CMAU1003165,in_yard,26.4,100000000165
GP,CMAU1003173,in_yard,12.6,100000000173
RF,CMAU1003181,in_yard,22.2,100000000181
RF,CMAU1003189,in_yard,27.6,100000000189
RF,CMAU1003197,in_yard,10.5,100000000197
RF,CMAU1003205,in_yard,26.4,100000000205
GP,CMAU1003213,in_yard,8.4,100000000213
GP,CMAU1003221,in_yard,18.1,100000000221
DANGER,CMAU1003229,in_yard,5,100000000229
RF,CMAU1003237,in_yard,5.7,100000000237
RF,CMAU1003245,in_yard,21.3,100000000245
RF,CMAU1003253,in_yard,12.1,100000000253
RF,CMAU1003261,in_yard,29.9,100000000261
GP,CMAU1003269,in_yard,23.7,100000000269
GP,CMAU1003277,in_yard,27,100000000277
DANGER,CMAU1003285,in_yard,25,100000000285
GP,CMAU1003293,in_yard,11.2,100000000293
RF,CMAU1003301,in_yard,24.1,100000000301
GP,CMAU1003309,in_yard,26.7,100000000309
RF,CMAU1003317,in_yard,11,100000000317
RF,CMAU1003325,in_yard,21,100000000325
RF,CMAU1003333,in_yard,15.8,100000000333
RF,CMAU1003341,in_yard,4.2,100000000341
GP,CMAU1003349,in_yard,19.8,100000000349
GP,CMAU1003357,in_yard,27.8,100000000357
GP,CMAU1003365,in_yard,28.6,100000000365
RF,CMAU1003373,in_yard,25.1,100000000373
RF,CMAU1003381,in_yard,19.4,100000000381
GP,CMAU1003389,in_yard,9.2,100000000389
RF,CMAU1003397,in_yard,19.5,100000000397
GP,CMAU1003405,in_yard,17.2,100000000405
GP,CMAU1003413,in_yard,11.5,100000000413
GP,CMAU1003421,in_yard,19.9,100000000421
RF,CMAU1003429,in_yard,14.3,100000000429
RF,CMAU1003437,in_yard,11.8,100000000437
RF,CMAU1003445,in_yard,28.3,100000000445
RF,CMAU1003453,in_yard,11.4,100000000453
RF,CMAU1003461,in_yard,25.9,100000000461
GP,CMAU1003469,in_yard,26.9,100000000469
GP,CMAU1003477,in_yard,29.2,100000000477
RF,CMAU1003485,in_yard,4.3,100000000485
RF,CMAU1003493,in_yard,28.3,100000000493
DANGER,CMAU1003501,in_yard,3.6,100000000501
GP,CMAU1003509,in_yard,24.7,100000000509
GP,CMAU1003517,in_yard,14.4,100000000517
GP,CMAU1003525,in_yard,30.2,100000000525
GP,CMAU1003533,in_yard,24.3,100000000533
RF,CMAU1003541,in_yard,3.9,100000000541
GP,CMAU1003549,in_yard,6.3,100000000549
GP,CMAU1003557,in_yard,31.5,100000000557
GP,CMAU1003565,in_yard,25.9,100000000565
GP,CMAU1003573,in_yard,3.5,100000000573
GP,CMAU1003581,in_yard,17.6,100000000581
GP,CMAU1003589,in_yard,19.1,100000000589
GP,CMAU1003597,in_yard,30.5,100000000597
GP,CMAU1003605,in_yard,16.8,100000000605
GP,CMAU1003613,in_yard,16.9,100000000613
GP,CMAU1003621,in_yard,19,100000000621
GP,CMAU1003629,in_yard,9.3,100000000629
DANGER,CMAU1003637,in_yard,16,100000000637
RF,CMAU1003645,in_yard,11.9,100000000645
RF,CMAU1003653,in_yard,13.8,100000000653
DANGER,CMAU1003661,in_yard,10.5,100000000661
RF,CMAU1003669,in_yard,24.6,100000000669
GP,CMAU1003677,in_yard,23.1,100000000677
GP,CMAU1003685,in_yard,7.7,100000000685
GP,CMAU1003693,in_yard,5.2,100000000693
GP,CMAU1003701,in_yard,19,100000000701
DANGER,CMAU1003709,in_yard,10.2,100000000709
RF,CMAU1003717,in_yard,9.5,100000000717
DANGER,CMAU1003725,in_yard,11.4,100000000725
GP,CMAU1003733,in_yard,18.5,100000000733
DANGER,CMAU1003741,in_yard,19.8,100000000741
DANGER,CMAU1003749,in_yard,18.9,100000000749
RF,CMAU1003757,in_yard,30.4,100000000757
RF,CMAU1003765,in_yard,3.5,100000000765
RF,CMAU1003773,in_yard,11.6,100000000773
GP,CMAU1003781,in_yard,23,100000000781
GP,CMAU1003789,in_yard,20.1,100000000789
GP,CMAU1003797,in_yard,27.6,100000000797
RF,CMAU1003805,in_yard,28.2,100000000805
GP,CMAU1003813,in_yard,17.5,100000000813
RF,CMAU1003821,in_yard,19.9,100000000821
RF,CMAU1003829,in_yard,28.9,100000000829
GP,CMAU1003837,in_yard,29.2,100000000837
RF,CMAU1003845,in_yard,19.4,100000000845
GP,CMAU1003853,in_yard,9.8,100000000853
GP,CMAU1003861,in_yard,4.8,100000000861
GP,CMAU1003869,in_yard,9.2,100000000869
GP,CMAU1003877,in_yard,20.5,100000000877
GP,CMAU1003885,in_yard,20.9,100000000885
GP,CMAU1003893,in_yard,17.8,100000000893
RF,CMAU1003901,in_yard,32,100000000901
GP,CMAU1003909,in_yard,15.8,100000000909
GP,CMAU1003917,in_yard,19.4,100000000917
GP,CMAU1003925,in_yard,31.3,100000000925
DANGER,CMAU1003933,in_yard,10,100000000933
GP,CMAU1003941,in_yard,23,100000000941
GP,CMAU1003949,in_yard,32.4,100000000949
RF,CMAU1003957,in_yard,25.5,100000000957
GP,CMAU1003965,in_yard,11,100000000965
RF,CMAU1003973,in_yard,3,100000000973
GP,CMAU1003981,in_yard,13.9,100000000981
RF,CMAU1003989,in_yard,11.8,100000000989
GP,CMAU1003997,in_yard,25.5,100000000997
GP,CMAU1004005,in_yard,11.9,100000001005
RF,CMAU1004013,in_yard,7.3,100000001013
GP,CMAU1004021,in_yard,8.8,100000001021
RF,CMAU1004029,in_yard,9.1,100000001029
DANGER,CMAU1004037,in_yard,6.4,100000001037
GP,CMAU1004045,in_yard,18.5,100000001045
GP,CMAU1004053,in_yard,27.8,100000001053
GP,CMAU1004061,in_yard,16.7,100000001061
GP,CMAU1004069,in_yard,12.4,100000001069
GP,CMAU1004077,in_yard,30.8,100000001077
DANGER,CMAU1004085,in_yard,23.1,100000001085
GP,CMAU1004093,in_yard,25.7,100000001093
GP,CMAU1004101,in_yard,12.7,100000001101
RF,CMAU1004109,in_yard,20.1,100000001109
RF,CMAU1004117,in_yard,10,100000001117
RF,CMAU1004125,in_yard,30.7,100000001125
GP,CMAU1004133,in_yard,11.3,100000001133
GP,CMAU1004141,in_yard,29.8,100000001141
RF,CMAU1004149,in_yard,29.1,100000001149
GP,CMAU1004157,in_yard,17.5,100000001157
GP,CMAU1004165,in_yard,17.1,100000001165
GP,CMAU1004173,in_yard,13.8,100000001173
RF,CMAU1004181,in_yard,9.5,100000001181
GP,CMAU1004189,in_yard,6.6,100000001189
GP,CMAU1004197,in_yard,29.9,100000001197
DANGER,CMAU1004205,in_yard,3.3,100000001205
RF,CMAU1004213,in_yard,17.9,100000001213
RF,CMAU1004221,in_yard,5.6,100000001221
GP,CMAU1004229,in_yard,6.6,100000001229
RF,CMAU1004237,in_yard,16.6,100000001237
GP,CMAU1004245,in_yard,13.4,100000001245
GP,CMAU1004253,in_yard,17.3,100000001253
GP,CMAU1004261,in_yard,3,100000001261
GP,CMAU1004269,in_yard,24.6,100000001269
GP,CMAU1004277,in_yard,6.5,100000001277
RF,CMAU1004285,in_yard,15.1,100000001285
RF,CMAU1004293,in_yard,6.2,100000001293
RF,CMAU1004301,in_yard,19.5,100000001301
GP,CMAU1004309,in_yard,16.6,100000001309
GP,CMAU1004317,in_yard,27.9,100000001317
RF,CMAU1004325,in_yard,11.9,100000001325
GP,CMAU1004333,in_yard,28.4,100000001333
RF,CMAU1004341,in_yard,20.1,100000001341
GP,CMAU1004349,in_yard,3,100000001349
GP,CMAU1004357,in_yard,2.9,100000001357
DANGER,CMAU1004365,in_yard,13.5,100000001365
DANGER,CMAU1004373,in_yard,10.3,100000001373
GP,CMAU1004381,in_yard,29.4,100000001381
GP,CMAU1004389,in_yard,13.4,100000001389
GP,CMAU1004397,in_yard,5.9,100000001397
GP,CMAU1004405,in_yard,19.6,100000001405
GP,CMAU1004413,in_yard,24.5,100000001413
RF,CMAU1004421,in_yard,22,100000001421
GP,CMAU1004429,in_yard,23.8,100000001429
DANGER,CMAU1004437,in_yard,11.4,100000001437
GP,CMAU1004445,in_yard,12.9,100000001445
DANGER,CMAU1004453,in_yard,2.6,100000001453
GP,CMAU1004461,in_yard,8.1,100000001461
GP,CMAU1004469,in_yard,26.1,100000001469
RF,CMAU1004477,in_yard,32.3,100000001477
GP,CMAU1004485,in_yard,24.2,100000001485
GP,CMAU1004493,in_yard,7.2,100000001493
DANGER,CMAU1004501,in_yard,19,100000000001
DANGER,CMAU1004509,in_yard,25.3,100000000009
DANGER,CMAU1004517,in_yard,26.6,100000000017
RF,CMAU1004525,in_yard,26.2,100000000025
GP,CMAU1004533,in_yard,26.5,100000000033
GP,CMAU1004541,in_yard,29.6,100000000041
RF,CMAU1004549,in_yard,26.6,100000000049
RF,CMAU1004557,in_yard,19,100000000057
GP,CMAU1004565,in_yard,16.1,100000000065
RF,CMAU1004573,in_yard,5.7,100000000073
GP,CMAU1004581,in_yard,20.2,100000000081
GP,CMAU1004589,in_yard,16.8,100000000089
GP,CMAU1004597,in_yard,20,100000000097
GP,CMAU1004605,in_yard,25.4,100000000105
GP,CMAU1004613,in_yard,20.3,100000000113
GP,CMAU1004621,in_yard,16,100000000121
GP,CMAU1004629,in_yard,27.7,100000000129
GP,CMAU1004637,in_yard,27.2,100000000137
GP,CMAU1004645,in_yard,30.7,100000000145
GP,CMAU1004653,in_yard,9.4,100000000153
GP,CMAU1004661,in_yard,19.6,100000000161
DANGER,CMAU1004669,in_yard,18.8,100000000169
GP,CMAU1004677,in_yard,4.3,100000000177
GP,CMAU1004685,in_yard,19.3,100000000185
GP,CMAU1004693,in_yard,14.9,100000000193
GP,CMAU1004701,in_yard,24.7,100000000201
GP,CMAU1004709,in_yard,23,100000000209
RF,CMAU1004717,in_yard,20.8,100000000217
GP,CMAU1004725,in_yard,20.2,100000000225
RF,CMAU1004733,in_yard,30.8,100000000233
GP,CMAU1004741,in_yard,21.8,100000000241
GP,CMAU1004749,in_yard,24,100000000249
GP,CMAU1004757,in_yard,28.8,100000000257
RF,CMAU1004765,in_yard,23.5,100000000265
RF,CMAU1004773,in_yard,18.2,100000000273
RF,CMAU1004781,in_yard,8,100000000281
GP,CMAU1004789,in_yard,12.9,100000000289
RF,CMAU1004797,in_yard,18.4,100000000297
RF,CMAU1004805,in_yard,3.4,100000000305
RF,CMAU1004813,in_yard,17,100000000313
GP,CMAU1004821,in_yard,30.2,100000000321
GP,CMAU1004829,in_yard,6.2,100000000329
GP,CMAU1004837,in_yard,3.2,100000000337
DANGER,CMAU1004845,in_yard,26.1,100000000345
DANGER,CMAU1004853,in_yard,18.8,100000000353
RF,CMAU1004861,in_yard,2.6,100000000361
GP,CMAU1004869,in_yard,4.5,100000000369
GP,CMAU1004877,in_yard,23.5,100000000377
RF,CMAU1004885,in_yard,6.2,100000000385
GP,CMAU1004893,in_yard,28.2,100000000393
GP,CMAU1004901,in_yard,3.2,100000000401
GP,CMAU1004909,in_yard,10.2,100000000409
GP,CMAU1004917,in_yard,28.9,100000000417
GP,CMAU1004925,in_yard,8.6,100000000425
RF,CMAU1004933,in_yard,16.2,100000000433
GP,CMAU1004941,in_yard,30.4,100000000441
DANGER,CMAU1004949,in_yard,16,100000000449
RF,CMAU1004957,in_yard,24.4,100000000457
DANGER,CMAU1004965,in_yard,9.2,100000000465
GP,CMAU1004973,in_yard,3.1,100000000473
GP,CMAU1004981,in_yard,4.1,100000000481
GP,CMAU1004989,in_yard,23.2,100000000489
DANGER,CMAU1004997,in_yard,29.3,100000000497
GP,CMAU1005005,in_yard,2.7,100000000505
RF,CMAU1005013,in_yard,12.5,100000000513
RF,CMAU1005021,in_yard,7.8,100000000521
GP,CMAU1005029,in_yard,8.1,100000000529
GP,CMAU1005037,in_yard,4.2,100000000537
GP,CMAU1005045,in_yard,25.7,100000000545
GP,CMAU1005053,in_yard,11.6,100000000553
GP,CMAU1005061,in_yard,30.8,100000000561
GP,CMAU1005069,in_yard,17.6,100000000569
GP,CMAU1005077,in_yard,24.9,100000000577
RF,CMAU1005085,in_yard,3.4,100000000585
GP,CMAU1005093,in_yard,25,100000000593
RF,CMAU1005101,in_yard,26.2,100000000601
GP,CMAU1005109,in_yard,20.4,100000000609
GP,CMAU1005117,in_yard,20.8,100000000617
GP,CMAU1005125,in_yard,15.9,100000000625
GP,CMAU1005133,in_yard,10,100000000633
RF,CMAU1005141,in_yard,5.8,100000000641
RF,CMAU1005149,in_yard,32.4,100000000649
GP,CMAU1005157,in_yard,21,100000000657
RF,CMAU1005165,in_yard,4.2,100000000665
GP,CMAU1005173,in_yard,17.5,100000000673
DANGER,CMAU1005181,in_yard,15.8,100000000681
GP,CMAU1005189,in_yard,31.5,100000000689
DANGER,CMAU1005197,in_yard,31.1,100000000697
RF,CMAU1005205,in_yard,14.8,100000000705
GP,CMAU1005213,in_yard,29.7,100000000713
DANGER,CMAU1005221,in_yard,17.1,100000000721
GP,CMAU1005229,in_yard,23.4,100000000729
RF,CMAU1005237,in_yard,4,100000000737
GP,CMAU1005245,in_yard,17.6,100000000745
GP,CMAU1005253,in_yard,16.7,100000000753
GP,CMAU1005261,in_yard,7.6,100000000761
GP,CMAU1005269,in_yard,4.5,100000000769
GP,CMAU1005277,in_yard,8.3,100000000777
GP,CMAU1005285,in_yard,30.3,100000000785
GP,CMAU1005293,in_yard,10.7,100000000793
GP,CMAU1005301,in_yard,26.8,100000000801
GP,CMAU1005309,in_yard,13.3,100000000809
GP,CMAU1005317,in_yard,14.6,100000000817
DANGER,CMAU1005325,in_yard,20.8,100000000825
GP,CMAU1005333,in_yard,4.1,100000000833
GP,CMAU1005341,in_yard,27.4,100000000841
GP,CMAU1005349,in_yard,25.6,100000000849
GP,CMAU1005357,in_yard,13,100000000857
GP,CMAU1005365,in_yard,25,100000000865
RF,CMAU1005373,in_yard,28,100000000873
GP,CMAU1005381,in_yard,20.1,100000000881
GP,CMAU1005389,in_yard,5.6,100000000889
GP,CMAU1005397,in_yard,26.7,100000000897
RF,CMAU1005405,in_yard,9.7,100000000905
GP,CMAU1005413,in_yard,24.1,100000000913
GP,CMAU1005421,in_yard,29.7,100000000921
GP,CMAU1005429,in_yard,15.6,100000000929
GP,CMAU1005437,in_yard,18.5,100000000937
GP,CMAU1005445,in_yard,24.3,100000000945
RF,CMAU1005453,in_yard,13.2,100000000953
GP,CMAU1005461,in_yard,11.1,100000000961
DANGER,CMAU1005469,in_yard,14.6,100000000969
GP,CMAU1005477,in_yard,16.8,100000000977
GP,CMAU1005485,in_yard,17.4,100000000985
RF,CMAU1005493,in_yard,19.7,100000000993
GP,CMAU1005501,in_yard,9.9,100000001001
GP,CMAU1005509,in_yard,14.2,100000001009
GP,CMAU1005517,in_yard,30.5,100000001017
RF,CMAU1005525,in_yard,30.6,100000001025
DANGER,CMAU1005533,in_yard,29.1,100000001033
GP,CMAU1005541,in_yard,20.6,100000001041
GP,CMAU1005549,in_yard,27.5,100000001049
GP,CMAU1005557,in_yard,28.3,100000001057
GP,CMAU1005565,in_yard,19.4,100000001065
RF,CMAU1005573,in_yard,18.9,100000001073
GP,CMAU1005581,in_yard,22.5,100000001081
DANGER,CMAU1005589,in_yard,24.1,100000001089
GP,CMAU1005597,in_yard,13.9,100000001097
RF,CMAU1005605,in_yard,4.8,100000001105
GP,CMAU1005613,in_yard,20.7,100000001113
RF,CMAU1005621,in_yard,32.4,100000001121
DANGER,CMAU1005629,in_yard,16,100000001129
GP,CMAU1005637,in_yard,21.4,100000001137
DANGER,CMAU1005645,in_yard,10.3,100000001145
GP,CMAU1005653,in_yard,8.5,100000001153
GP,CMAU1005661,in_yard,20.3,100000001161
GP,CMAU1005669,in_yard,12.3,100000001169
RF,CMAU1005677,in_yard,22.4,100000001177
GP,CMAU1005685,in_yard,23,100000001185
GP,CMAU1005693,in_yard,8.4,100000001193
GP,CMAU1005701,in_yard,16.6,100000001201
GP,CMAU1005709,in_yard,10.9,100000001209
GP,CMAU1005717,in_yard,5.1,100000001217
GP,CMAU1005725,in_yard,9.2,100000001225
GP,CMAU1005733,in_yard,8.1,100000001233
GP,CMAU1005741,in_yard,15.2,100000001241
GP,CMAU1005749,in_yard,21.2,100000001249
GP,CMAU1005757,in_yard,30.2,100000001257
RF,CMAU1005765,in_yard,25.7,100000001265
GP,CMAU1005773,in_yard,19.4,100000001273
GP,CMAU1005781,in_yard,4.7,100000001281
GP,CMAU1005789,in_yard,5.8,100000001289
GP,CMAU1005797,in_yard,13.3,100000001297
GP,CMAU1005805,in_yard,28.6,100000001305
RF,CMAU1005813,in_yard,18.1,100000001313
RF,CMAU1005821,in_yard,3.9,100000001321
GP,CMAU1005829,in_yard,9.7,100000001329
GP,CMAU1005837,in_yard,26.8,100000001337
GP,CMAU1005845,in_yard,28.6,100000001345
GP,CMAU1005853,in_yard,23.1,100000001353
GP,CMAU1005861,in_yard,18.9,100000001361
GP,CMAU1005869,in_yard,19.2,100000001369
GP,CMAU1005877,in_yard,8.6,100000001377
GP,CMAU1005885,in_yard,14.9,100000001385
GP,CMAU1005893,in_yard,19.6,100000001393
GP,CMAU1005901,in_yard,20,100000001401
RF,CMAU1005909,in_yard,7.5,100000001409
GP,CMAU1005917,in_yard,30,100000001417
GP,CMAU1005925,in_yard,11.8,100000001425
GP,CMAU1005933,in_yard,8.3,100000001433
DANGER,CMAU1005941,in_yard,5.7,100000001441
GP,CMAU1005949,in_yard,24,100000001449
RF,CMAU1005957,in_yard,16.4,100000001457
GP,CMAU1005965,in_yard,24.2,100000001465
GP,CMAU1005973,in_yard,26.7,100000001473
GP,CMAU1005981,in_yard,17.6,100000001481
RF,CMAU1005989,in_yard,21.2,100000001489
RF,CMAU1005997,in_yard,16.8,100000001497
GP,CMAU1006005,in_yard,8.6,100000000005
RF,CMAU1006013,in_yard,18.3,100000000013
RF,CMAU1006021,in_yard,17.2,100000000021
GP,CMAU1006029,in_yard,30.4,100000000029
RF,CMAU1006037,in_yard,9,100000000037
GP,CMAU1006045,in_yard,28.9,100000000045
GP,CMAU1006053,in_yard,4.1,100000000053
RF,CMAU1006061,in_yard,9.9,100000000061
GP,CMAU1006069,in_yard,4.2,100000000069
GP,CMAU1006077,in_yard,27,100000000077
GP,CMAU1006085,in_yard,21,100000000085
GP,CMAU1006093,in_yard,29.6,100000000093
GP,CMAU1006101,in_yard,13.6,100000000101
GP,CMAU1006109,in_yard,3,100000000109
GP,CMAU1006117,in_yard,7.5,100000000117
GP,CMAU1006125,in_yard,4.4,100000000125
GP,CMAU1006133,in_yard,17.7,100000000133
GP,CMAU1006141,in_yard,2.8,100000000141
GP,CMAU1006149,in_yard,14.8,100000000149
RF,CMAU1006157,in_yard,12.8,100000000157
DANGER,CMAU1006165,in_yard,31.7,100000000165
GP,CMAU1006173,in_yard,16.9,100000000173
RF,CMAU1006181,in_yard,30.6,100000000181
GP,CMAU1006189,in_yard,21.5,100000000189
GP,CMAU1006197,in_yard,31.9,100000000197
GP,CMAU1006205,in_yard,26.9,100000000205
DANGER,CMAU1006213,in_yard,15.7,100000000213
GP,CMAU1006221,in_yard,27.1,100000000221
GP,CMAU1006229,in_yard,15.9,100000000229
RF,CMAU1006237,in_yard,31.6,100000000237
GP,CMAU1006245,in_yard,30.2,100000000245
GP,CMAU1006253,in_yard,26.3,100000000253
GP,CMAU1006261,in_yard,15.9,100000000261
GP,CMAU1006269,in_yard,8.4,100000000269
GP,CMAU1006277,in_yard,22.7,100000000277
RF,CMAU1006285,in_yard,7.4,100000000285
GP,CMAU1006293,in_yard,25.5,100000000293
RF,CMAU1006301,in_yard,12.1,100000000301
GP,CMAU1006309,in_yard,23.3,100000000309
GP,CMAU1006317,in_yard,5.5,100000000317
GP,CMAU1006325,in_yard,16.8,100000000325
GP,CMAU1006333,in_yard,20.3,100000000333
RF,CMAU1006341,in_yard,18.8,100000000341
GP,CMAU1006349,in_yard,4.9,100000000349
GP,CMAU1006357,in_yard,13.4,100000000357
GP,CMAU1006365,in_yard,5.6,100000000365
GP,CMAU1006373,in_yard,9.1,100000000373
GP,CMAU1006381,in_yard,10.5,100000000381
RF,CMAU1006389,in_yard,25.7,100000000389
GP,CMAU1006397,in_yard,31.7,100000000397
DANGER,CMAU1006405,in_yard,3,100000000405
GP,CMAU1006413,in_yard,10.6,100000000413
DANGER,CMAU1006421,in_yard,12.9,100000000421
GP,CMAU1006429,in_yard,2.9,100000000429
GP,CMAU1006437,in_yard,30.5,100000000437
GP,CMAU1006445,in_yard,32.1,100000000445
GP,CMAU1006453,in_yard,7.4,100000000453
RF,CMAU1006461,in_yard,25.3,100000000461
GP,CMAU1006469,in_yard,22.5,100000000469
RF,CMAU1006477,in_yard,11.4,100000000477
GP,CMAU1006485,in_yard,2.6,100000000485
GP,CMAU1006493,in_yard,29.3,100000000493
GP,CMAU1006501,in_yard,26.7,100000000501
RF,CMAU1006509,in_yard,5.4,100000000509
DANGER,CMAU1006517,in_yard,9.1,100000000517
DANGER,CMAU1006525,in_yard,26.5,100000000525
GP,CMAU1006533,in_yard,4.1,100000000533
RF,CMAU1006541,in_yard,6.5,100000000541
DANGER,CMAU1006549,in_yard,12,100000000549
RF,CMAU1006557,in_yard,11.5,100000000557
GP,CMAU1006565,in_yard,14.6,100000000565
RF,CMAU1006573,in_yard,11.5,100000000573
DANGER,CMAU1006581,in_yard,21.8,100000000581
GP,CMAU1006589,in_yard,26.2,100000000589
RF,CMAU1006597,in_yard,7,100000000597
GP,CMAU1006605,in_yard,8.8,100000000605
GP,CMAU1006613,in_yard,27.8,100000000613
GP,CMAU1006621,in_yard,30.9,100000000621
GP,CMAU1006629,in_yard,15.3,100000000629
DANGER,CMAU1006637,in_yard,7.4,100000000637
GP,CMAU1006645,in_yard,6.4,100000000645
GP,CMAU1006653,in_yard,15.4,100000000653
DANGER,CMAU1006661,in_yard,18.2,100000000661
GP,CMAU1006669,in_yard,17.5,100000000669
RF,CMAU1006677,in_yard,15.2,100000000677
GP,CMAU1006685,in_yard,22.2,100000000685
RF,CMAU1006693,in_yard,19.8,100000000693
DANGER,CMAU1006701,in_yard,14,100000000701
RF,CMAU1006709,in_yard,18.2,100000000709
GP,CMAU1006717,in_yard,11,100000000717
RF,CMAU1006725,in_yard,28.8,100000000725
GP,CMAU1006733,in_yard,15.3,100000000733
GP,CMAU1006741,in_yard,17.1,100000000741
GP,CMAU1006749,in_yard,6.6,100000000749
GP,CMAU1006757,in_yard,19.1,100000000757
GP,CMAU1006765,in_yard,22.5,100000000765
GP,CMAU1006773,in_yard,18.1,100000000773
RF,CMAU1006781,in_yard,12.4,100000000781
GP,CMAU1006789,in_yard,29.6,100000000789
GP,CMAU1006797,in_yard,27.6,100000000797
RF,CMAU1006805,in_yard,6.6,100000000805
RF,CMAU1006813,in_yard,27.1,100000000813
GP,CMAU1006821,in_yard,4.2,100000000821
DANGER,CMAU1006829,in_yard,27.8,100000000829
GP,CMAU1006837,in_yard,19,100000000837
GP,CMAU1006845,in_yard,6.4,100000000845
RF,CMAU1006853,in_yard,11.7,100000000853
GP,CMAU1006861,in_yard,15.2,100000000861
GP,CMAU1006869,in_yard,22.8,100000000869
GP,CMAU1006877,in_yard,26.8,100000000877
GP,CMAU1006885,in_yard,26.3,100000000885
RF,CMAU1006893,in_yard,21.1,100000000893
GP,CMAU1006901,in_yard,20.1,100000000901
GP,CMAU1006909,in_yard,9.9,100000000909
DANGER,CMAU1006917,in_yard,30.5,100000000917
GP,CMAU1006925,in_yard,29.3,100000000925
GP,CMAU1006933,in_yard,4.5,100000000933
GP,CMAU1006941,in_yard,14.6,100000000941
GP,CMAU1006949,in_yard,20.2,100000000949
RF,CMAU1006957,in_yard,19.2,100000000957
RF,CMAU1006965,in_yard,12.5,100000000965
RF,CMAU1006973,in_yard,22.3,100000000973
GP,CMAU1006981,in_yard,8.4,100000000981
GP,CMAU1006989,in_yard,30.8,100000000989
GP,CMAU1006997,in_yard,3.1,100000000997
GP,CMAU1007005,in_yard,19.6,100000001005
GP,CMAU1007013,in_yard,3.1,100000001013
GP,CMAU1007021,in_yard,13.3,100000001021
RF,CMAU1007029,in_yard,13,100000001029
RF,CMAU1007037,in_yard,26.3,100000001037
RF,CMAU1007045,in_yard,5,100000001045
DANGER,CMAU1007053,in_yard,10.7,100000001053
GP,CMAU1007061,in_yard,5.4,100000001061
GP,CMAU1007069,in_yard,2.8,100000001069
RF,CMAU1007077,in_yard,22,100000001077
GP,CMAU1007085,in_yard,28.4,100000001085
GP,CMAU1007093,in_yard,12.7,100000001093
GP,CMAU1007101,in_yard,21.1,100000001101
GP,CMAU1007109,in_yard,7,100000001109
RF,CMAU1007117,in_yard,20.2,100000001117
DANGER,CMAU1007125,in_yard,32.4,100000001125
GP,CMAU1007133,in_yard,11.3,100000001133
DANGER,CMAU1007141,in_yard,20,100000001141
GP,CMAU1007149,in_yard,25.6,100000001149
RF,CMAU1007157,in_yard,6.7,100000001157
RF,CMAU1007165,in_yard,19.5,100000001165
GP,CMAU1007173,in_yard,5.5,100000001173
GP,CMAU1007181,in_yard,24.3,100000001181
GP,CMAU1007189,in_yard,19.2,100000001189
GP,CMAU1007197,in_yard,10.2,100000001197
DANGER,CMAU1007205,in_yard,5.9,100000001205
GP,CMAU1007213,in_yard,21.7,100000001213
GP,CMAU1007221,in_yard,12,100000001221
GP,CMAU1007229,in_yard,20.9,100000001229
GP,CMAU1007237,in_yard,25.8,100000001237
DANGER,CMAU1007245,in_yard,5.8,100000001245
GP,CMAU1007253,in_yard,12.7,100000001253
RF,CMAU1007261,in_yard,16.3,100000001261
GP,CMAU1007269,in_yard,4.9,100000001269
RF,CMAU1007277,in_yard,7.9,100000001277
GP,CMAU1007285,in_yard,23.7,100000001285
GP,CMAU1007293,in_yard,12.1,100000001293
GP,CMAU1007301,in_yard,24.5,100000001301
RF,CMAU1007309,in_yard,20,100000001309
RF,CMAU1007317,in_yard,8.2,100000001317
GP,CMAU1007325,in_yard,24.8,100000001325
GP,CMAU1007333,in_yard,12.1,100000001333
GP,CMAU1007341,in_yard,9.2,100000001341
GP,CMAU1007349,in_yard,2.7,100000001349
RF,CMAU1007357,in_yard,14.2,100000001357
GP,CMAU1007365,in_yard,22.8,100000001365
GP,CMAU1007373,in_yard,27.8,100000001373
GP,CMAU1007381,in_yard,22.6,100000001381
GP,CMAU1007389,in_yard,26.7,100000001389
GP,CMAU1007397,in_yard,14.3,100000001397
DANGER,CMAU1007405,in_yard,16.8,100000001405
GP,CMAU1007413,in_yard,26.2,100000001413
GP,CMAU1007421,in_yard,14,100000001421
RF,CMAU1007429,in_yard,11.8,100000001429
GP,CMAU1007437,in_yard,24.3,100000001437
GP,CMAU1007445,in_yard,20.8,100000001445
GP,CMAU1007453,in_yard,9,100000001453
RF,CMAU1007461,in_yard,6.8,100000001461
RF,CMAU1007469,in_yard,21.5,100000001469
GP,CMAU1007477,in_yard,25.1,100000001477
GP,CMAU1007485,in_yard,10.9,100000001485
DANGER,CMAU1007493,in_yard,12.4,100000001493
GP,CMAU1007501,in_yard,22.4,100000000001
GP,CMAU1007509,in_yard,24.1,100000000009
GP,CMAU1007517,in_yard,22.7,100000000017
GP,CMAU1007525,in_yard,32.5,100000000025
GP,CMAU1007533,in_yard,10.4,100000000033
GP,CMAU1007541,in_yard,24.4,100000000041
DANGER,CMAU1007549,in_yard,25.9,100000000049
GP,CMAU1007557,in_yard,19.8,100000000057
RF,CMAU1007565,in_yard,21.3,100000000065
GP,CMAU1007573,in_yard,19.3,100000000073
DANGER,CMAU1007581,in_yard,6.9,100000000081
RF,CMAU1007589,in_yard,4.4,100000000089
GP,CMAU1007597,in_yard,4.4,100000000097
RF,CMAU1007605,in_yard,11.1,100000000105
RF,CMAU1007613,in_yard,11.7,100000000113
RF,CMAU1007621,in_yard,21,100000000121
RF,CMAU1007629,in_yard,7.9,100000000129
RF,CMAU1007637,in_yard,27.4,100000000137
DANGER,CMAU1007645,in_yard,4.6,100000000145
GP,CMAU1007653,in_yard,21.6,100000000153
GP,CMAU1007661,in_yard,2.9,100000000161
RF,CMAU1007669,in_yard,14.5,100000000169
GP,CMAU1007677,in_yard,23.5,100000000177
DANGER,CMAU1007685,in_yard,10.9,100000000185
DANGER,CMAU1007693,in_yard,3.3,100000000193
DANGER,CMAU1007701,in_yard,17.7,100000000201
RF,CMAU1007709,in_yard,6.9,100000000209
RF,CMAU1007717,in_yard,23.1,100000000217
GP,CMAU1007725,in_yard,14.5,100000000225
RF,CMAU1007733,in_yard,13.3,100000000233
RF,CMAU1007741,in_yard,26.5,100000000241
RF,CMAU1007749,in_yard,6.7,100000000249
RF,CMAU1007757,in_yard,28.6,100000000257
RF,CMAU1007765,in_yard,28.9,100000000265
GP,CMAU1007773,in_yard,12.8,100000000273
GP,CMAU1007781,in_yard,25.9,100000000281
GP,CMAU1007789,in_yard,12.6,100000000289
RF,CMAU1007797,in_yard,10.8,100000000297
GP,CMAU1007805,in_yard,7.5,100000000305
GP,CMAU1007813,in_yard,29.3,100000000313
GP,CMAU1007821,in_yard,14.6,100000000321
GP,CMAU1007829,in_yard,4.3,100000000329
GP,CMAU1007837,in_yard,5.2,100000000337
RF,CMAU1007845,in_yard,20.9,100000000345
GP,CMAU1007853,in_yard,9.9,100000000353
GP,CMAU1007861,in_yard,19.9,100000000361
GP,CMAU1007869,in_yard,17.7,100000000369
GP,CMAU1007877,in_yard,13.7,100000000377
GP,CMAU1007885,in_yard,16.6,100000000385
GP,CMAU1007893,in_yard,16.9,100000000393
GP,CMAU1007901,in_yard,5.2,100000000401
DANGER,CMAU1007909,in_yard,3.4,100000000409
GP,CMAU1007917,in_yard,31.8,100000000417
GP,CMAU1007925,in_yard,31.6,100000000425
RF,CMAU1007933,in_yard,17.9,100000000433
GP,CMAU1007941,in_yard,7.1,100000000441
GP,CMAU1007949,in_yard,21.5,100000000449
RF,CMAU1007957,in_yard,31.6,100000000457
GP,CMAU1007965,in_yard,12.1,100000000465
GP,CMAU1007973,in_yard,20.4,100000000473
GP,CMAU1007981,in_yard,8.9,100000000481
GP,CMAU1007989,in_yard,15,100000000489
GP,CMAU1007997,in_yard,29.4,100000000497
GP,CMAU1008005,in_yard,30.4,100000000505
GP,ONEU1000004,in_yard,15.1,100000000004
RF,ONEU1000012,in_yard,24,100000000012
GP,ONEU1000020,in_yard,29.9,100000000020
GP,ONEU1000028,in_yard,17.5,100000000028
RF,ONEU1000036,in_yard,2.7,100000000036
GP,ONEU1000044,in_yard,16.8,100000000044
GP,ONEU1000052,in_yard,16.1,100000000052
RF,ONEU1000060,in_yard,26.8,100000000060
GP,ONEU1000068,in_yard,6.9,100000000068
GP,ONEU1000076,in_yard,19.1,100000000076
GP,ONEU1000084,in_yard,5.9,100000000084
GP,ONEU1000092,in_yard,21,100000000092
GP,ONEU1000100,in_yard,6.9,100000000100
DANGER,ONEU1000108,in_yard,21.1,100000000108
RF,ONEU1000116,in_yard,2.9,100000000116
GP,ONEU1000124,in_yard,17.1,100000000124
RF,ONEU1000132,in_yard,30.6,100000000132
GP,ONEU1000140,in_yard,16.2,100000000140
RF,ONEU1000148,in_yard,27.6,100000000148
GP,ONEU1000156,in_yard,28.9,100000000156
DANGER,ONEU1000164,in_yard,27.2,100000000164
GP,ONEU1000172,in_yard,2.6,100000000172
RF,ONEU1000180,in_yard,23.6,100000000180
GP,ONEU1000188,in_yard,9,100000000188
DANGER,ONEU1000196,in_yard,28.7,100000000196
RF,ONEU1000204,in_yard,26.1,100000000204
GP,ONEU1000212,in_yard,7.4,100000000212
DANGER,ONEU1000220,in_yard,5.5,100000000220
RF,ONEU1000228,in_yard,6.3,100000000228
GP,ONEU1000236,in_yard,28.6,100000000236
GP,ONEU1000244,in_yard,16.8,100000000244
GP,ONEU1000252,in_yard,5.3,100000000252
RF,ONEU1000260,in_yard,30.2,100000000260
GP,ONEU1000268,in_yard,17.5,100000000268
GP,ONEU1000276,in_yard,8.3,100000000276
DANGER,ONEU1000284,in_yard,18.1,100000000284
GP,ONEU1000292,in_yard,7.2,100000000292
GP,ONEU1000300,in_yard,3.3,100000000300
GP,ONEU1000308,in_yard,19.6,100000000308
RF,ONEU1000316,in_yard,4.7,100000000316
DANGER,ONEU1000324,in_yard,7.6,100000000324
GP,ONEU1000332,in_yard,23.3,100000000332
GP,ONEU1000340,in_yard,7.1,100000000340
DANGER,ONEU1000348,in_yard,9.1,100000000348
GP,ONEU1000356,in_yard,2.6,100000000356
GP,ONEU1000364,in_yard,23.9,100000000364
GP,ONEU1000372,in_yard,30.5,100000000372
RF,ONEU1000380,in_yard,14.1,100000000380
DANGER,ONEU1000388,in_yard,28.2,100000000388
GP,ONEU1000396,in_yard,16.2,100000000396
GP,ONEU1000404,in_yard,28.5,100000000404
GP,ONEU1000412,in_yard,7.4,100000000412
DANGER,ONEU1000420,in_yard,21.3,100000000420
GP,ONEU1000428,in_yard,28.8,100000000428
GP,ONEU1000436,in_yard,26.4,100000000436
RF,ONEU1000444,in_yard,32.2,100000000444
GP,ONEU1000452,in_yard,30.3,100000000452
GP,ONEU1000460,in_yard,25.1,100000000460
RF,ONEU1000468,in_yard,15,100000000468
GP,ONEU1000476,in_yard,20,100000000476
GP,ONEU1000484,in_yard,14.1,100000000484
RF,ONEU1000492,in_yard,25.1,100000000492
RF,ONEU1000500,in_yard,32.1,100000000500
GP,ONEU1000508,in_yard,5.7,100000000508
GP,ONEU1000516,in_yard,16.9,100000000516
GP,ONEU1000524,in_yard,22.5,100000000524
RF,ONEU1000532,in_yard,7.9,100000000532
DANGER,ONEU1000540,in_yard,15.3,100000000540
GP,ONEU1000548,in_yard,5.7,100000000548
GP,ONEU1000556,in_yard,15.5,100000000556
GP,ONEU1000564,in_yard,28.3,100000000564
DANGER,ONEU1000572,in_yard,23.6,100000000572
RF,ONEU1000580,in_yard,20.8,100000000580
RF,ONEU1000588,in_yard,15.4,100000000588
DANGER,ONEU1000596,in_yard,31.8,100000000596
RF,ONEU1000604,in_yard,26.4,100000000604
GP,ONEU1000612,in_yard,29,100000000612
RF,ONEU1000620,in_yard,28.8,100000000620
GP,ONEU1000628,in_yard,13.8,100000000628
GP,ONEU1000636,in_yard,28.5,100000000636
GP,ONEU1000644,in_yard,14.6,100000000644
GP,ONEU1000652,in_yard,6.6,100000000652
GP,ONEU1000660,in_yard,29.3,100000000660
GP,ONEU1000668,in_yard,25.8,100000000668
RF,ONEU1000676,in_yard,30.7,100000000676
GP,ONEU1000684,in_yard,7.5,100000000684
RF,ONEU1000692,in_yard,17.5,100000000692
GP,ONEU1000700,in_yard,23.2,100000000700
GP,ONEU1000708,in_yard,31.4,100000000708
GP,ONEU1000716,in_yard,24.9,100000000716
RF,ONEU1000724,in_yard,3.2,100000000724
GP,ONEU1000732,in_yard,16.5,100000000732
GP,ONEU1000740,in_yard,9.6,100000000740
GP,ONEU1000748,in_yard,18.9,100000000748
RF,ONEU1000756,in_yard,16,100000000756
RF,ONEU1000764,in_yard,10.5,100000000764
GP,ONEU1000772,in_yard,9.5,100000000772
GP,ONEU1000780,in_yard,8.9,100000000780
GP,ONEU1000788,in_yard,20.6,100000000788
GP,ONEU1000796,in_yard,27.1,100000000796
RF,ONEU1000804,in_yard,28.5,100000000804
RF,ONEU1000812,in_yard,27.4,100000000812
GP,ONEU1000820,in_yard,12.2,100000000820
GP,ONEU1000828,in_yard,19.2,100000000828
GP,ONEU1000836,in_yard,16.2,100000000836
GP,ONEU1000844,in_yard,29.6,100000000844
RF,ONEU1000852,in_yard,15.8,100000000852
GP,ONEU1000860,in_yard,8.6,100000000860
DANGER,ONEU1000868,in_yard,30.1,100000000868
GP,ONEU1000876,in_yard,13.8,100000000876
GP,ONEU1000884,in_yard,4.9,100000000884
GP,ONEU1000892,in_yard,30.2,100000000892
GP,ONEU1000900,in_yard,24.1,100000000900
GP,ONEU1000908,in_yard,25.6,100000000908
GP,ONEU1000916,in_yard,30.1,100000000916
GP,ONEU1000924,in_yard,15.6,100000000924
RF,ONEU1000932,in_yard,17.2,100000000932
RF,ONEU1000940,in_yard,3,100000000940
GP,ONEU1000948,in_yard,30.9,100000000948
GP,ONEU1000956,in_yard,8,100000000956
RF,ONEU1000964,in_yard,31.8,100000000964
GP,ONEU1000972,in_yard,25.7,100000000972
GP,ONEU1000980,in_yard,27.9,100000000980
GP,ONEU1000988,in_yard,25.1,100000000988
GP,ONEU1000996,in_yard,22.7,100000000996
GP,ONEU1001004,in_yard,31.9,100000001004
GP,ONEU1001012,in_yard,28.8,100000001012
GP,ONEU1001020,in_yard,15.6,100000001020
GP,ONEU1001028,in_yard,12.2,100000001028
GP,ONEU1001036,in_yard,6.8,100000001036
GP,ONEU1001044,in_yard,16.1,100000001044
GP,ONEU1001052,in_yard,5.5,100000001052
GP,ONEU1001060,in_yard,19.3,100000001060
GP,ONEU1001068,in_yard,13,100000001068
GP,ONEU1001076,in_yard,31.6,100000001076
RF,ONEU1001084,in_yard,25.7,100000001084
GP,ONEU1001092,in_yard,28.1,100000001092
GP,ONEU1001100,in_yard,31.7,100000001100
GP,ONEU1001108,in_yard,27.6,100000001108
RF,ONEU1001116,in_yard,20,100000001116
GP,ONEU1001124,in_yard,5.7,100000001124
RF,ONEU1001132,in_yard,5.1,100000001132
GP,ONEU1001140,in_yard,11.8,100000001140
GP,ONEU1001148,in_yard,15.1,100000001148
GP,ONEU1001156,in_yard,22.3,100000001156
RF,ONEU1001164,in_yard,8.9,100000001164
GP,ONEU1001172,in_yard,31,100000001172
GP,ONEU1001180,in_yard,11,100000001180
GP,ONEU1001188,in_yard,14.8,100000001188
RF,ONEU1001196,in_yard,11.2,100000001196
RF,ONEU1001204,in_yard,2.5,100000001204
RF,ONEU1001212,in_yard,12.6,100000001212
GP,ONEU1001220,in_yard,27.6,100000001220
RF,ONEU1001228,in_yard,31.5,100000001228
GP,ONEU1001236,in_yard,3.1,100000001236
GP,ONEU1001244,in_yard,15.7,100000001244
GP,ONEU1001252,in_yard,23.4,100000001252
GP,ONEU1001260,in_yard,8,100000001260
GP,ONEU1001268,in_yard,6.3,100000001268
RF,ONEU1001276,in_yard,21,100000001276
GP,ONEU1001284,in_yard,16.6,100000001284
GP,ONEU1001292,in_yard,16.1,100000001292
RF,ONEU1001300,in_yard,2.7,100000001300
DANGER,ONEU1001308,in_yard,28.5,100000001308
GP,ONEU1001316,in_yard,4.2,100000001316
RF,ONEU1001324,in_yard,24.2,100000001324
GP,ONEU1001332,in_yard,22,100000001332
GP,ONEU1001340,in_yard,13,100000001340
GP,ONEU1001348,in_yard,22.4,100000001348
GP,ONEU1001356,in_yard,21.7,100000001356
GP,ONEU1001364,in_yard,2.7,100000001364
DANGER,ONEU1001372,in_yard,26.4,100000001372
DANGER,ONEU1001380,in_yard,12.1,100000001380
RF,ONEU1001388,in_yard,2.6,100000001388
GP,ONEU1001396,in_yard,30.6,100000001396
RF,ONEU1001404,in_yard,21.5,100000001404
GP,ONEU1001412,in_yard,13.4,100000001412
GP,ONEU1001420,in_yard,16.7,100000001420
GP,ONEU1001428,in_yard,5.8,100000001428
GP,ONEU1001436,in_yard,12,100000001436
DANGER,ONEU1001444,in_yard,23.7,100000001444
GP,ONEU1001452,in_yard,6.1,100000001452
RF,ONEU1001460,in_yard,22.4,100000001460
GP,ONEU1001468,in_yard,15.1,100000001468
GP,ONEU1001476,in_yard,26.8,100000001476
GP,ONEU1001484,in_yard,12.2,100000001484
DANGER,ONEU1001492,in_yard,14.8,100000001492
RF,ONEU1001500,in_yard,18.3,100000001500
GP,ONEU1001508,in_yard,15.9,100000000008
GP,ONEU1001516,in_yard,7.4,100000000016
GP,ONEU1001524,in_yard,8.5,100000000024
RF,ONEU1001532,in_yard,30.8,100000000032
GP,ONEU1001540,in_yard,31.1,100000000040
GP,ONEU1001548,in_yard,6.9,100000000048
RF,ONEU1001556,in_yard,32.5,100000000056
GP,ONEU1001564,in_yard,14,100000000064
GP,ONEU1001572,in_yard,13.4,100000000072
GP,ONEU1001580,in_yard,5.1,100000000080
GP,ONEU1001588,in_yard,21.9,100000000088
GP,ONEU1001596,in_yard,7.1,100000000096
RF,ONEU1001604,in_yard,29,100000000104
RF,ONEU1001612,in_yard,29.7,100000000112
GP,ONEU1001620,in_yard,27.5,100000000120
GP,ONEU1001628,in_yard,5.8,100000000128
GP,ONEU1001636,in_yard,19,100000000136
GP,ONEU1001644,in_yard,10.4,100000000144
RF,ONEU1001652,in_yard,26.9,100000000152
GP,ONEU1001660,in_yard,11.1,100000000160
GP,ONEU1001668,in_yard,27.6,100000000168
RF,ONEU1001676,in_yard,23,100000000176
GP,ONEU1001684,in_yard,6.6,100000000184
GP,ONEU1001692,in_yard,18.6,100000000192
GP,ONEU1001700,in_yard,13.6,100000000200
DANGER,ONEU1001708,in_yard,13.7,100000000208
DANGER,ONEU1001716,in_yard,4.5,100000000216
GP,ONEU1001724,in_yard,11.3,100000000224
RF,ONEU1001732,in_yard,21.3,100000000232
GP,ONEU1001740,in_yard,23.9,100000000240
RF,ONEU1001748,in_yard,2.9,100000000248
GP,ONEU1001756,in_yard,3,100000000256
GP,ONEU1001764,in_yard,21.9,100000000264
RF,ONEU1001772,in_yard,26,100000000272
GP,ONEU1001780,in_yard,9.6,100000000280
RF,ONEU1001788,in_yard,10.7,100000000288
RF,ONEU1001796,in_yard,21.3,100000000296
DANGER,ONEU1001804,in_yard,5.1,100000000304
RF,ONEU1001812,in_yard,15,100000000312
GP,ONEU1001820,in_yard,18.1,100000000320
GP,ONEU1001828,in_yard,16.6,100000000328
GP,ONEU1001836,in_yard,19.9,100000000336
GP,ONEU1001844,in_yard,22.9,100000000344
GP,ONEU1001852,in_yard,12,100000000352
GP,ONEU1001860,in_yard,22.1,100000000360
RF,ONEU1001868,in_yard,25.5,100000000368
GP,ONEU1001876,in_yard,19.7,100000000376
RF,ONEU1001884,in_yard,6.3,100000000384
RF,ONEU1001892,in_yard,30.6,100000000392
RF,ONEU1001900,in_yard,20.3,100000000400
GP,ONEU1001908,in_yard,9,100000000408
RF,ONEU1001916,in_yard,18,100000000416
RF,ONEU1001924,in_yard,30.5,100000000424
RF,ONEU1001932,in_yard,27.8,100000000432
GP,ONEU1001940,in_yard,11.6,100000000440
GP,ONEU1001948,in_yard,30.8,100000000448
RF,ONEU1001956,in_yard,10.6,100000000456
DANGER,ONEU1001964,in_yard,8,100000000464
GP,ONEU1001972,in_yard,5,100000000472
RF,ONEU1001980,in_yard,31.5,100000000480
GP,ONEU1001988,in_yard,15.3,100000000488
GP,ONEU1001996,in_yard,10.5,100000000496
RF,ONEU1002004,in_yard,31.8,100000000504
GP,ONEU1002012,in_yard,3.9,100000000512
RF,ONEU1002020,in_yard,15.5,100000000520
RF,ONEU1002028,in_yard,11.7,100000000528
GP,ONEU1002036,in_yard,9.4,100000000536
GP,ONEU1002044,in_yard,21.1,100000000544
RF,ONEU1002052,in_yard,13.3,100000000552
GP,ONEU1002060,in_yard,14.8,100000000560
GP,ONEU1002068,in_yard,14.7,100000000568
DANGER,ONEU1002076,in_yard,14.8,100000000576
GP,ONEU1002084,in_yard,14,100000000584
GP,ONEU1002092,in_yard,30.3,100000000592
RF,ONEU1002100,in_yard,29.2,100000000600
GP,ONEU1002108,in_yard,23.8,100000000608
GP,ONEU1002116,in_yard,27.5,100000000616
RF,ONEU1002124,in_yard,9.3,100000000624
GP,ONEU1002132,in_yard,31.4,100000000632
GP,ONEU1002140,in_yard,10,100000000640
GP,ONEU1002148,in_yard,16.9,100000000648
RF,ONEU1002156,in_yard,10.4,100000000656
RF,ONEU1002164,in_yard,29,100000000664
GP,ONEU1002172,in_yard,12.3,100000000672
GP,ONEU1002180,in_yard,22.3,100000000680
GP,ONEU1002188,in_yard,22.9,100000000688
GP,ONEU1002196,in_yard,16.5,100000000696
GP,ONEU1002204,in_yard,18.5,100000000704
GP,ONEU1002212,in_yard,18.9,100000000712
GP,ONEU1002220,in_yard,15,100000000720
RF,ONEU1002228,in_yard,23.7,100000000728
GP,ONEU1002236,in_yard,15.4,100000000736
GP,ONEU1002244,in_yard,8.6,100000000744
GP,ONEU1002252,in_yard,32.2,100000000752
GP,ONEU1002260,in_yard,6.9,100000000760
RF,ONEU1002268,in_yard,16.9,100000000768
RF,ONEU1002276,in_yard,26.9,100000000776
GP,ONEU1002284,in_yard,16.7,100000000784
DANGER,ONEU1002292,in_yard,3.9,100000000792
GP,ONEU1002300,in_yard,5.8,100000000800
GP,ONEU1002308,in_yard,15.4,100000000808
GP,ONEU1002316,in_yard,5.9,100000000816
GP,ONEU1002324,in_yard,31.4,100000000824
GP,ONEU1002332,in_yard,4.1,100000000831
RF,ONEU1002340,in_yard,9.5,100000000840
RF,ONEU1002348,in_yard,10.3,100000000848
GP,ONEU1002356,in_yard,6.7,100000000856
GP,ONEU1002364,in_yard,16.4,100000000864
RF,ONEU1002372,in_yard,15.2,100000000872
GP,ONEU1002380,in_yard,11.1,100000000880
DANGER,ONEU1002388,in_yard,6.6,100000000888
GP,ONEU1002396,in_yard,8.7,100000000896
GP,ONEU1002404,in_yard,29.7,100000000904
GP,ONEU1002412,in_yard,6.7,100000000912
RF,ONEU1002420,in_yard,4.6,100000000920
GP,ONEU1002428,in_yard,19.9,100000000928
RF,ONEU1002436,in_yard,11,100000000936
RF,ONEU1002444,in_yard,16.4,100000000944
GP,ONEU1002452,in_yard,21.5,100000000952
GP,ONEU1002460,in_yard,11.8,100000000960
GP,ONEU1002468,in_yard,4.1,100000000968
RF,ONEU1002476,in_yard,8.6,100000000976
RF,ONEU1002484,in_yard,30.6,100000000984
GP,ONEU1002492,in_yard,23.2,100000000992
RF,ONEU1002500,in_yard,31.5,100000001000
RF,ONEU1002508,in_yard,24.7,100000001008
RF,ONEU1002516,in_yard,18.6,100000001016
RF,ONEU1002524,in_yard,11.9,100000001024
GP,ONEU1002532,in_yard,21.7,100000001032
GP,ONEU1002540,in_yard,10.8,100000001040
RF,ONEU1002548,in_yard,23.3,100000001048
GP,ONEU1002556,in_yard,20.9,100000001056
GP,ONEU1002564,in_yard,23.3,100000001064
RF,ONEU1002572,in_yard,12.6,100000001072
RF,ONEU1002580,in_yard,5,100000001080
GP,ONEU1002588,in_yard,7.8,100000001088
GP,ONEU1002596,in_yard,29.2,100000001096
DANGER,ONEU1002604,in_yard,24.2,100000001104
GP,ONEU1002612,in_yard,19.5,100000001112
GP,ONEU1002620,in_yard,15.8,100000001120
GP,ONEU1002628,in_yard,19.5,100000001128
GP,ONEU1002636,in_yard,4.9,100000001136
GP,ONEU1002644,in_yard,5.3,100000001144
GP,ONEU1002652,in_yard,6.5,100000001152
RF,ONEU1002660,in_yard,21.2,100000001160
RF,ONEU1002668,in_yard,13.3,100000001168
GP,ONEU1002676,in_yard,22.1,100000001176
RF,ONEU1002684,in_yard,18.9,100000001184
GP,ONEU1002692,in_yard,18.6,100000001192
RF,ONEU1002700,in_yard,8.5,100000001200
GP,ONEU1002708,in_yard,26.4,100000001208
GP,ONEU1002716,in_yard,10.6,100000001216
GP,ONEU1002724,in_yard,4.7,100000001224
RF,ONEU1002732,in_yard,15,100000001232
GP,ONEU1002740,in_yard,29.9,100000001240
GP,ONEU1002748,in_yard,24.8,100000001248
DANGER,ONEU1002756,in_yard,23.6,100000001256
GP,ONEU1002764,in_yard,22.2,100000001264
GP,ONEU1002772,in_yard,10.9,100000001272
DANGER,ONEU1002780,in_yard,19,100000001280
GP,ONEU1002788,in_yard,8.3,100000001288
GP,ONEU1002796,in_yard,32.3,100000001296
GP,ONEU1002804,in_yard,15.4,100000001304
RF,ONEU1002812,in_yard,6.2,100000001312
GP,ONEU1002820,in_yard,7.1,100000001320
GP,ONEU1002828,in_yard,22.6,100000001328
GP,ONEU1002836,in_yard,21.8,100000001336
RF,ONEU1002844,in_yard,4.2,100000001344
GP,ONEU1002852,in_yard,13,100000001352
GP,ONEU1002860,in_yard,3.6,100000001360
RF,ONEU1002868,in_yard,11.7,100000001368
GP,ONEU1002876,in_yard,26.1,100000001376
GP,ONEU1002884,in_yard,6,100000001384
RF,ONEU1002892,in_yard,12.6,100000001392
GP,ONEU1002900,in_yard,27.7,100000001400
RF,ONEU1002908,in_yard,3.4,100000001408
GP,ONEU1002916,in_yard,13.4,100000001416
RF,ONEU1002924,in_yard,26,100000001424
GP,ONEU1002932,in_yard,21.4,100000001432
GP,ONEU1002940,in_yard,31.2,100000001440
GP,ONEU1002948,in_yard,15.1,100000001448
GP,ONEU1002956,in_yard,21,100000001456
RF,ONEU1002964,in_yard,5.3,100000001464
RF,ONEU1002972,in_yard,15.1,100000001472
GP,ONEU1002980,in_yard,12.3,100000001480
GP,ONEU1002988,in_yard,8.1,100000001488
DANGER,ONEU1002996,in_yard,17.3,100000001496
RF,ONEU1003004,in_yard,20.2,100000000004
GP,ONEU1003012,in_yard,11,100000000012
GP,ONEU1003020,in_yard,24.6,100000000020
GP,ONEU1003028,in_yard,13.7,100000000028
DANGER,ONEU1003036,in_yard,8.1,100000000036
GP,ONEU1003044,in_yard,12.5,100000000044
GP,ONEU1003052,in_yard,12.8,100000000052
RF,ONEU1003060,in_yard,28.3,100000000060
GP,ONEU1003068,in_yard,21.9,100000000068
GP,ONEU1003076,in_yard,26.8,100000000076
GP,ONEU1003084,in_yard,18.1,100000000084
RF,ONEU1003092,in_yard,25.5,100000000092
GP,ONEU1003100,in_yard,23.3,100000000100
GP,ONEU1003108,in_yard,20.9,100000000108
GP,ONEU1003116,in_yard,12.8,100000000116
GP,ONEU1003124,in_yard,5,100000000124
GP,ONEU1003132,in_yard,17.2,100000000132
GP,ONEU1003140,in_yard,5,100000000140
DANGER,ONEU1003148,in_yard,12.3,100000000148
RF,ONEU1003156,in_yard,13.4,100000000156
GP,ONEU1003164,in_yard,25.4,100000000164
GP,ONEU1003172,in_yard,6.1,100000000172
GP,ONEU1003180,in_yard,14.9,100000000180
GP,ONEU1003188,in_yard,28.3,100000000188
GP,ONEU1003196,in_yard,30.8,100000000196
RF,ONEU1003204,in_yard,4.4,100000000204
GP,ONEU1003212,in_yard,32,100000000212
RF,ONEU1003220,in_yard,10.3,100000000220
RF,ONEU1003228,in_yard,21.1,100000000228
GP,ONEU1003236,in_yard,27,100000000236
RF,ONEU1003244,in_yard,13.9,100000000244
GP,ONEU1003252,in_yard,23.1,100000000252
RF,ONEU1003260,in_yard,9.4,100000000260
RF,ONEU1003268,in_yard,32.1,100000000268
GP,ONEU1003276,in_yard,28,100000000276
RF,ONEU1003284,in_yard,19,100000000284
GP,ONEU1003292,in_yard,13.4,100000000292
RF,ONEU1003300,in_yard,4.3,100000000300
GP,ONEU1003308,in_yard,16.6,100000000308
DANGER,ONEU1003316,in_yard,9.8,100000000316
GP,ONEU1003324,in_yard,11.9,100000000324
GP,ONEU1003332,in_yard,22.3,100000000332
RF,ONEU1003340,in_yard,25.1,100000000340
GP,ONEU1003348,in_yard,12.1,100000000348
RF,ONEU1003356,in_yard,30.9,100000000356
RF,ONEU1003364,in_yard,22.9,100000000364
GP,ONEU1003372,in_yard,21.7,100000000372
GP,ONEU1003380,in_yard,29.6,100000000380
GP,ONEU1003388,in_yard,15.1,100000000388
GP,ONEU1003396,in_yard,16.3,100000000396
DANGER,ONEU1003404,in_yard,30,100000000404
GP,ONEU1003412,in_yard,22.7,100000000412
GP,ONEU1003420,in_yard,16.4,100000000420
GP,ONEU1003428,in_yard,29.6,100000000428
RF,ONEU1003436,in_yard,10,100000000436
GP,ONEU1003444,in_yard,21.1,100000000444
RF,ONEU1003452,in_yard,17.7,100000000452
DANGER,ONEU1003460,in_yard,16.7,100000000460
GP,ONEU1003468,in_yard,11.4,100000000468
GP,ONEU1003476,in_yard,19.3,100000000476
GP,ONEU1003484,in_yard,6.7,100000000484
DANGER,ONEU1003492,in_yard,27,100000000492
GP,ONEU1003500,in_yard,32.4,100000000500
DANGER,ONEU1003508,in_yard,17,100000000508
GP,ONEU1003516,in_yard,22.5,100000000516
RF,ONEU1003524,in_yard,18.3,100000000524
GP,ONEU1003532,in_yard,32.3,100000000532
RF,ONEU1003540,in_yard,4.7,100000000540
GP,ONEU1003548,in_yard,26.7,100000000548
GP,ONEU1003556,in_yard,13.9,100000000556
GP,ONEU1003564,in_yard,9.5,100000000564
GP,ONEU1003572,in_yard,20.2,100000000572
GP,ONEU1003580,in_yard,32.3,100000000580
GP,ONEU1003588,in_yard,27.9,100000000588
DANGER,ONEU1003596,in_yard,9.3,100000000596
GP,ONEU1003604,in_yard,15.9,100000000604
RF,ONEU1003612,in_yard,27,100000000612
GP,ONEU1003620,in_yard,23.2,100000000620
GP,ONEU1003628,in_yard,4.2,100000000628
DANGER,ONEU1003636,in_yard,3.5,100000000636
GP,ONEU1003644,in_yard,19.8,100000000644
RF,ONEU1003652,in_yard,14,100000000652
RF,ONEU1003660,in_yard,31.5,100000000660
GP,ONEU1003668,in_yard,21.5,100000000668
GP,ONEU1003676,in_yard,6.4,100000000676
DANGER,ONEU1003684,in_yard,31.7,100000000684
GP,ONEU1003692,in_yard,11.3,100000000692
GP,ONEU1003700,in_yard,25.6,100000000700
GP,ONEU1003708,in_yard,17.9,100000000708
GP,ONEU1003716,in_yard,17.9,100000000716
GP,ONEU1003724,in_yard,15.3,100000000724
DANGER,ONEU1003732,in_yard,28.4,100000000732
GP,ONEU1003740,in_yard,23.9,100000000740
RF,ONEU1003748,in_yard,3.9,100000000748
GP,ONEU1003756,in_yard,11.6,100000000756
DANGER,ONEU1003764,in_yard,3.2,100000000764
GP,ONEU1003772,in_yard,29.4,100000000772
GP,ONEU1003780,in_yard,3.9,100000000780
GP,ONEU1003788,in_yard,15.6,100000000788
RF,ONEU1003796,in_yard,31.1,100000000796
RF,ONEU1003804,in_yard,26,100000000804
GP,ONEU1003812,in_yard,11,100000000812
GP,ONEU1003820,in_yard,29.8,100000000820
GP,ONEU1003828,in_yard,25.4,100000000828
GP,ONEU1003836,in_yard,27,100000000836
GP,ONEU1003844,in_yard,5.1,100000000844
RF,ONEU1003852,in_yard,9.2,100000000852
GP,ONEU1003860,in_yard,6.6,100000000860
RF,ONEU1003868,in_yard,15.7,100000000868
GP,ONEU1003876,in_yard,17.5,100000000876
RF,ONEU1003884,in_yard,12.5,100000000884
GP,ONEU1003892,in_yard,8.6,100000000892
GP,ONEU1003900,in_yard,5.3,100000000900
GP,ONEU1003908,in_yard,28.3,100000000908
GP,ONEU1003916,in_yard,25,100000000916
GP,ONEU1003924,in_yard,17.8,100000000924
RF,ONEU1003932,in_yard,21.6,100000000932
RF,ONEU1003940,in_yard,30.3,100000000940
GP,ONEU1003948,in_yard,22.9,100000000948
GP,ONEU1003956,in_yard,11.8,100000000956
DANGER,ONEU1003964,in_yard,9.4,100000000964
GP,ONEU1003972,in_yard,11.9,100000000972
GP,ONEU1003980,in_yard,13.6,100000000980
DANGER,ONEU1003988,in_yard,7.3,100000000988
GP,ONEU1003996,in_yard,20.7,100000000996
GP,ONEU1004004,in_yard,22.1,100000001004
GP,ONEU1004012,in_yard,29.5,100000001012
GP,ONEU1004020,in_yard,7.8,100000001020
RF,ONEU1004028,in_yard,30,100000001028
GP,ONEU1004036,in_yard,19.1,100000001036
RF,ONEU1004044,in_yard,29.9,100000001044
DANGER,ONEU1004052,in_yard,3.9,100000001052
GP,ONEU1004060,in_yard,7.4,100000001060
GP,ONEU1004068,in_yard,21.8,100000001068
RF,ONEU1004076,in_yard,9,100000001076
GP,ONEU1004084,in_yard,29.3,100000001084
DANGER,ONEU1004092,in_yard,17.8,100000001092
GP,ONEU1004100,in_yard,18.3,100000001100
GP,ONEU1004108,in_yard,16.5,100000001108
GP,ONEU1004116,in_yard,14.5,100000001116
RF,ONEU1004124,in_yard,23,100000001124
GP,ONEU1004132,in_yard,6,100000001132
RF,ONEU1004140,in_yard,20.5,100000001140
DANGER,ONEU1004148,in_yard,19,100000001148
DANGER,ONEU1004156,in_yard,31.7,100000001156
DANGER,ONEU1004164,in_yard,20.7,100000001164
RF,ONEU1004172,in_yard,10.4,100000001172
RF,ONEU1004180,in_yard,7.6,100000001180
RF,ONEU1004188,in_yard,5.8,100000001188
GP,ONEU1004196,in_yard,3.6,100000001196
GP,ONEU1004204,in_yard,10.6,100000001204
GP,ONEU1004212,in_yard,9.9,100000001212
RF,ONEU1004220,in_yard,14.3,100000001220
GP,ONEU1004228,in_yard,24.9,100000001228
GP,ONEU1004236,in_yard,6.3,100000001236
GP,ONEU1004244,in_yard,16.3,100000001244
GP,ONEU1004252,in_yard,19,100000001252
RF,ONEU1004260,in_yard,17.4,100000001260
GP,ONEU1004268,in_yard,4,100000001268
GP,ONEU1004276,in_yard,30.6,100000001276
RF,ONEU1004284,in_yard,28.6,100000001284
GP,ONEU1004292,in_yard,29.5,100000001292
GP,ONEU1004300,in_yard,15,100000001300
RF,ONEU1004308,in_yard,13.2,100000001308
GP,ONEU1004316,in_yard,5,100000001316
GP,ONEU1004324,in_yard,24.2,100000001324
RF,ONEU1004332,in_yard,11.6,100000001332
GP,ONEU1004340,in_yard,27.9,100000001340
GP,ONEU1004348,in_yard,13.1,100000001348
GP,ONEU1004356,in_yard,11.5,100000001356
GP,ONEU1004364,in_yard,5.2,100000001364
GP,ONEU1004372,in_yard,5.2,100000001372
GP,ONEU1004380,in_yard,22.9,100000001380
GP,ONEU1004388,in_yard,18.6,100000001388
GP,ONEU1004396,in_yard,28.2,100000001396
RF,ONEU1004404,in_yard,4.7,100000001404
GP,ONEU1004412,in_yard,4.8,100000001412
RF,ONEU1004420,in_yard,29.6,100000001420
GP,ONEU1004428,in_yard,9.8,100000001428
GP,ONEU1004436,in_yard,17,100000001436
DANGER,ONEU1004444,in_yard,19.2,100000001444
RF,ONEU1004452,in_yard,11.6,100000001452
GP,ONEU1004460,in_yard,4.5,100000001460
RF,ONEU1004468,in_yard,15.6,100000001468
RF,ONEU1004476,in_yard,6.5,100000001476
GP,ONEU1004484,in_yard,30.7,100000001484
RF,ONEU1004492,in_yard,27.6,100000001492
GP,ONEU1004500,in_yard,25.4,100000001500
DANGER,ONEU1004508,in_yard,22.9,100000000008
GP,ONEU1004516,in_yard,27.9,100000000016
RF,ONEU1004524,in_yard,25.3,100000000024
GP,ONEU1004532,in_yard,15.7,100000000032
RF,ONEU1004540,in_yard,16.9,100000000040
GP,ONEU1004548,in_yard,13.4,100000000048
GP,ONEU1004556,in_yard,5.1,100000000056
GP,ONEU1004564,in_yard,3.1,100000000064
RF,ONEU1004572,in_yard,10.6,100000000072
GP,ONEU1004580,in_yard,14.2,100000000080
RF,ONEU1004588,in_yard,3.3,100000000088
GP,ONEU1004596,in_yard,25.4,100000000096
RF,ONEU1004604,in_yard,12.8,100000000104
RF,ONEU1004612,in_yard,10.5,100000000112
GP,ONEU1004620,in_yard,5.4,100000000120
GP,ONEU1004628,in_yard,8.9,100000000128
RF,ONEU1004636,in_yard,11.3,100000000136
GP,ONEU1004644,in_yard,29.4,100000000144
RF,ONEU1004652,in_yard,9.6,100000000152
GP,ONEU1004660,in_yard,21.6,100000000160
DANGER,ONEU1004668,in_yard,18.9,100000000168
DANGER,ONEU1004676,in_yard,25,100000000176
RF,ONEU1004684,in_yard,27.2,100000000184
DANGER,ONEU1004692,in_yard,19.8,100000000192
GP,ONEU1004700,in_yard,27.6,100000000200
DANGER,ONEU1004708,in_yard,20.2,100000000208
RF,ONEU1004716,in_yard,4.6,100000000216
RF,ONEU1004724,in_yard,7.2,100000000224
GP,ONEU1004732,in_yard,16.1,100000000232
GP,ONEU1004740,in_yard,25.3,100000000240
RF,ONEU1004748,in_yard,17.2,100000000248
GP,ONEU1004756,in_yard,4.3,100000000256
GP,ONEU1004764,in_yard,32.3,100000000264
GP,ONEU1004772,in_yard,15.5,100000000272
GP,ONEU1004780,in_yard,29.3,100000000280
GP,ONEU1004788,in_yard,14.9,100000000288
RF,ONEU1004796,in_yard,3.1,100000000296
GP,ONEU1004804,in_yard,22.6,100000000304
GP,ONEU1004812,in_yard,30.3,100000000312
DANGER,ONEU1004820,in_yard,29.5,100000000320
GP,ONEU1004828,in_yard,32.4,100000000328
GP,ONEU1004836,in_yard,17.9,100000000336
GP,ONEU1004844,in_yard,22.4,100000000344
DANGER,ONEU1004852,in_yard,17.5,100000000352
RF,ONEU1004860,in_yard,8.7,100000000360
GP,ONEU1004868,in_yard,11.4,100000000368
RF,ONEU1004876,in_yard,17.1,100000000376
GP,ONEU1004884,in_yard,3.8,100000000384
GP,ONEU1004892,in_yard,22.3,100000000392
RF,ONEU1004900,in_yard,4.3,100000000400
RF,ONEU1004908,in_yard,16.7,100000000408
GP,ONEU1004916,in_yard,13.8,100000000416
RF,ONEU1004924,in_yard,13.8,100000000424
GP,ONEU1004932,in_yard,28.6,100000000432
GP,ONEU1004940,in_yard,6.5,100000000440
GP,ONEU1004948,in_yard,16.2,100000000448
GP,ONEU1004956,in_yard,5,100000000456
GP,ONEU1004964,in_yard,29.5,100000000464
RF,ONEU1004972,in_yard,15,100000000472
GP,ONEU1004980,in_yard,10.5,100000000480
GP,ONEU1004988,in_yard,13,100000000488
RF,ONEU1004996,in_yard,17,100000000496
RF,ONEU1005004,in_yard,27.3,100000000504
GP,ONEU1005012,in_yard,17.4,100000000512
GP,ONEU1005020,in_yard,21.4,100000000520
GP,ONEU1005028,in_yard,10.1,100000000528
RF,ONEU1005036,in_yard,15.9,100000000536
GP,ONEU1005044,in_yard,6.4,100000000544
GP,ONEU1005052,in_yard,9.1,100000000552
RF,ONEU1005060,in_yard,31.2,100000000560
RF,ONEU1005068,in_yard,30.3,100000000568
RF,ONEU1005076,in_yard,32.3,100000000576
GP,ONEU1005084,in_yard,32.1,100000000584
RF,ONEU1005092,in_yard,13.2,100000000592
DANGER,ONEU1005100,in_yard,30.6,100000000600
RF,ONEU1005108,in_yard,8.5,100000000608
RF,ONEU1005116,in_yard,9,100000000616
DANGER,ONEU1005124,in_yard,22.2,100000000624
GP,ONEU1005132,in_yard,10.2,100000000632
GP,ONEU1005140,in_yard,11.6,100000000640
GP,ONEU1005148,in_yard,21.9,100000000648
GP,ONEU1005156,in_yard,29.3,100000000656
GP,ONEU1005164,in_yard,23.5,100000000664
GP,ONEU1005172,in_yard,15.3,100000000672
RF,ONEU1005180,in_yard,11.4,100000000680
GP,ONEU1005188,in_yard,18.7,100000000688
GP,ONEU1005196,in_yard,29.8,100000000696
GP,ONEU1005204,in_yard,6,100000000704
GP,ONEU1005212,in_yard,11.6,100000000712
GP,ONEU1005220,in_yard,13.3,100000000720
DANGER,ONEU1005228,in_yard,31.5,100000000728
RF,ONEU1005236,in_yard,25.6,100000000736
DANGER,ONEU1005244,in_yard,23.2,100000000744
GP,ONEU1005252,in_yard,23.4,100000000752
DANGER,ONEU1005260,in_yard,5.8,100000000760
GP,ONEU1005268,in_yard,30.6,100000000768
DANGER,ONEU1005276,in_yard,12,100000000776
GP,ONEU1005284,in_yard,20,100000000784
GP,ONEU1005292,in_yard,23.4,100000000792
RF,ONEU1005300,in_yard,20.4,100000000800
RF,ONEU1005308,in_yard,13,100000000808
RF,ONEU1005316,in_yard,9.2,100000000816
DANGER,ONEU1005324,in_yard,31.3,100000000824
DANGER,ONEU1005332,in_yard,15.7,100000000831
DANGER,ONEU1005340,in_yard,17.9,100000000840
GP,ONEU1005348,in_yard,22.1,100000000848
RF,ONEU1005356,in_yard,32,100000000856
GP,ONEU1005364,in_yard,24.2,100000000864
GP,ONEU1005372,in_yard,9.6,100000000872
GP,ONEU1005380,in_yard,8.8,100000000880
DANGER,ONEU1005388,in_yard,10.7,100000000888
GP,ONEU1005396,in_yard,32.5,100000000896
RF,ONEU1005404,in_yard,10,100000000904
GP,ONEU1005412,in_yard,26.6,100000000912
RF,ONEU1005420,in_yard,30,100000000920
GP,ONEU1005428,in_yard,13.9,100000000928
GP,ONEU1005436,in_yard,24,100000000936
RF,ONEU1005444,in_yard,21.1,100000000944
GP,ONEU1005452,in_yard,15,100000000952
GP,ONEU1005460,in_yard,19.4,100000000960
GP,ONEU1005468,in_yard,13.2,100000000968
GP,ONEU1005476,in_yard,27.9,100000000976
GP,ONEU1005484,in_yard,24.2,100000000984
GP,ONEU1005492,in_yard,22.5,100000000992
GP,ONEU1005500,in_yard,20.7,100000001000
GP,ONEU1005508,in_yard,22.8,100000001008
GP,ONEU1005516,in_yard,12.9,100000001016
RF,ONEU1005524,in_yard,9.5,100000001024
RF,ONEU1005532,in_yard,8.2,100000001032
DANGER,ONEU1005540,in_yard,7,100000001040
GP,ONEU1005548,in_yard,9.4,100000001048
RF,ONEU1005556,in_yard,18.4,100000001056
GP,ONEU1005564,in_yard,6.6,100000001064
GP,ONEU1005572,in_yard,16.6,100000001072
GP,ONEU1005580,in_yard,3.1,100000001080
GP,ONEU1005588,in_yard,9.6,100000001088
RF,ONEU1005596,in_yard,15.8,100000001096
RF,ONEU1005604,in_yard,22.8,100000001104
DANGER,ONEU1005612,in_yard,22.5,100000001112
RF,ONEU1005620,in_yard,8.6,100000001120
RF,ONEU1005628,in_yard,14.6,100000001128
GP,ONEU1005636,in_yard,31.5,100000001136
GP,ONEU1005644,in_yard,26.7,100000001144
RF,ONEU1005652,in_yard,14.3,100000001152
DANGER,ONEU1005660,in_yard,20.8,100000001160
GP,ONEU1005668,in_yard,13.8,100000001168
RF,ONEU1005676,in_yard,6,100000001176
GP,ONEU1005684,in_yard,22,100000001184
GP,ONEU1005692,in_yard,13.3,100000001192
RF,ONEU1005700,in_yard,9.9,100000001200
GP,ONEU1005708,in_yard,18.2,100000001208
GP,ONEU1005716,in_yard,26.4,100000001216
GP,ONEU1005724,in_yard,18,100000001224
GP,ONEU1005732,in_yard,17,100000001232
GP,ONEU1005740,in_yard,23.1,100000001240
GP,ONEU1005748,in_yard,31.1,100000001248
GP,ONEU1005756,in_yard,5.5,100000001256
RF,ONEU1005764,in_yard,15,100000001264
GP,ONEU1005772,in_yard,10.3,100000001272
DANGER,ONEU1005780,in_yard,22.7,100000001280
GP,ONEU1005788,in_yard,10,100000001288
RF,ONEU1005796,in_yard,5.1,100000001296
GP,ONEU1005804,in_yard,12.2,100000001304
RF,ONEU1005812,in_yard,8.7,100000001312
GP,ONEU1005820,in_yard,28.2,100000001320
GP,ONEU1005828,in_yard,23.5,100000001328
GP,ONEU1005836,in_yard,10,100000001336
GP,ONEU1005844,in_yard,5.9,100000001344
GP,ONEU1005852,in_yard,29.8,100000001352
GP,ONEU1005860,in_yard,6.9,100000001360
RF,ONEU1005868,in_yard,10.3,100000001368
DANGER,ONEU1005876,in_yard,17.9,100000001376
GP,ONEU1005884,in_yard,19.9,100000001384
RF,ONEU1005892,in_yard,29.9,100000001392
GP,ONEU1005900,in_yard,20.1,100000001400
GP,ONEU1005908,in_yard,5,100000001408
DANGER,ONEU1005916,in_yard,20.1,100000001416
RF,ONEU1005924,in_yard,29.3,100000001424
GP,ONEU1005932,in_yard,16,100000001432
RF,ONEU1005940,in_yard,31.2,100000001440
GP,ONEU1005948,in_yard,9.4,100000001448
GP,ONEU1005956,in_yard,11.2,100000001456
GP,ONEU1005964,in_yard,9.3,100000001464
GP,ONEU1005972,in_yard,26.8,100000001472
GP,ONEU1005980,in_yard,13.6,100000001480
GP,ONEU1005988,in_yard,6.7,100000001488
GP,ONEU1005996,in_yard,32.3,100000001496
GP,ONEU1006004,in_yard,21.4,100000000004
GP,ONEU1006012,in_yard,7.7,100000000012
GP,ONEU1006020,in_yard,30.2,100000000020
GP,ONEU1006028,in_yard,6.2,100000000028
GP,ONEU1006036,in_yard,9.8,100000000036
GP,ONEU1006044,in_yard,13.3,100000000044
GP,ONEU1006052,in_yard,10.3,100000000052
RF,ONEU1006060,in_yard,31.8,100000000060
RF,ONEU1006068,in_yard,17.4,100000000068
GP,ONEU1006076,in_yard,13.5,100000000076
RF,ONEU1006084,in_yard,25.6,100000000084
GP,ONEU1006092,in_yard,21.9,100000000092
RF,ONEU1006100,in_yard,12.9,100000000100
RF,ONEU1006108,in_yard,21.8,100000000108
GP,ONEU1006116,in_yard,8.8,100000000116
GP,ONEU1006124,in_yard,17.3,100000000124
GP,ONEU1006132,in_yard,25.9,100000000132
RF,ONEU1006140,in_yard,25.4,100000000140
RF,ONEU1006148,in_yard,4.2,100000000148
GP,ONEU1006156,in_yard,25,100000000156
GP,ONEU1006164,in_yard,17,100000000164
GP,ONEU1006172,in_yard,12,100000000172
GP,ONEU1006180,in_yard,4.8,100000000180
RF,ONEU1006188,in_yard,21.6,100000000188
RF,ONEU1006196,in_yard,19.7,100000000196
DANGER,ONEU1006204,in_yard,20.4,100000000204
GP,ONEU1006212,in_yard,24.8,100000000212
DANGER,ONEU1006220,in_yard,18.3,100000000220
GP,ONEU1006228,in_yard,20.8,100000000228
GP,ONEU1006236,in_yard,12.5,100000000236
DANGER,ONEU1006244,in_yard,31.3,100000000244
GP,ONEU1006252,in_yard,13.5,100000000252
GP,ONEU1006260,in_yard,23.6,100000000260
GP,ONEU1006268,in_yard,27.2,100000000268
DANGER,ONEU1006276,in_yard,4.2,100000000276
RF,ONEU1006284,in_yard,30.7,100000000284
DANGER,ONEU1006292,in_yard,22.9,100000000292
GP,ONEU1006300,in_yard,26.3,100000000300
GP,ONEU1006308,in_yard,30.9,100000000308
DANGER,ONEU1006316,in_yard,3.9,100000000316
GP,ONEU1006324,in_yard,18.3,100000000324
GP,ONEU1006332,in_yard,18.5,100000000332
RF,ONEU1006340,in_yard,31.2,100000000340
GP,ONEU1006348,in_yard,8.7,100000000348
RF,ONEU1006356,in_yard,30.4,100000000356
GP,ONEU1006364,in_yard,30,100000000364
RF,ONEU1006372,in_yard,32.4,100000000372
RF,ONEU1006380,in_yard,17.4,100000000380
GP,ONEU1006388,in_yard,2.7,100000000388
GP,ONEU1006396,in_yard,31.3,100000000396
GP,ONEU1006404,in_yard,14.4,100000000404
GP,ONEU1006412,in_yard,11.3,100000000412
RF,ONEU1006420,in_yard,11.8,100000000420
RF,ONEU1006428,in_yard,22.5,100000000428
GP,ONEU1006436,in_yard,8.5,100000000436
GP,ONEU1006444,in_yard,26.9,100000000444
RF,ONEU1006452,in_yard,9.5,100000000452
RF,ONEU1006460,in_yard,4.1,100000000460
GP,ONEU1006468,in_yard,24.8,100000000468
DANGER,ONEU1006476,in_yard,15.3,100000000476
GP,ONEU1006484,in_yard,4.1,100000000484
GP,ONEU1006492,in_yard,6.4,100000000492
GP,ONEU1006500,in_yard,26.3,100000000500
RF,ONEU1006508,in_yard,5,100000000508
GP,ONEU1006516,in_yard,7.4,100000000516
GP,ONEU1006524,in_yard,30,100000000524
RF,ONEU1006532,in_yard,27.1,100000000532
GP,ONEU1006540,in_yard,19.5,100000000540
GP,ONEU1006548,in_yard,6,100000000548
GP,ONEU1006556,in_yard,14.8,100000000556
DANGER,ONEU1006564,in_yard,28.4,100000000564
RF,ONEU1006572,in_yard,18.8,100000000572
GP,ONEU1006580,in_yard,7.5,100000000580
GP,ONEU1006588,in_yard,21.5,100000000588
GP,ONEU1006596,in_yard,32.2,100000000596
GP,ONEU1006604,in_yard,26.5,100000000604
GP,ONEU1006612,in_yard,24.4,100000000612
GP,ONEU1006620,in_yard,20.2,100000000620
RF,ONEU1006628,in_yard,9.4,100000000628
RF,ONEU1006636,in_yard,6.7,100000000636
RF,ONEU1006644,in_yard,4.2,100000000644
GP,ONEU1006652,in_yard,11.5,100000000652
RF,ONEU1006660,in_yard,4.5,100000000660
RF,ONEU1006668,in_yard,9.1,100000000668
GP,ONEU1006676,in_yard,23.7,100000000676
RF,ONEU1006684,in_yard,21.5,100000000684
GP,ONEU1006692,in_yard,6.3,100000000692
GP,ONEU1006700,in_yard,31.9,100000000700
RF,ONEU1006708,in_yard,30.5,100000000708
GP,ONEU1006716,in_yard,28.8,100000000716
RF,ONEU1006724,in_yard,7.2,100000000724
GP,ONEU1006732,in_yard,30.3,100000000732
DANGER,ONEU1006740,in_yard,15.1,100000000740
GP,ONEU1006748,in_yard,29.5,100000000748
GP,ONEU1006756,in_yard,26.1,100000000756
RF,ONEU1006764,in_yard,6.8,100000000764
DANGER,ONEU1006772,in_yard,3.1,100000000772
GP,ONEU1006780,in_yard,24.2,100000000780
RF,ONEU1006788,in_yard,16.9,100000000788
RF,ONEU1006796,in_yard,2.6,100000000796
GP,ONEU1006804,in_yard,23.2,100000000804
GP,ONEU1006812,in_yard,4.8,100000000812
GP,ONEU1006820,in_yard,3,100000000820
GP,ONEU1006828,in_yard,20.3,100000000828
GP,ONEU1006836,in_yard,14.9,100000000836
GP,ONEU1006844,in_yard,18.3,100000000844
RF,ONEU1006852,in_yard,32.5,100000000852
RF,ONEU1006860,in_yard,19.2,100000000860
RF,ONEU1006868,in_yard,24.8,100000000868
GP,ONEU1006876,in_yard,22.5,100000000876
RF,ONEU1006884,in_yard,4.2,100000000884
GP,ONEU1006892,in_yard,19.3,100000000892
GP,ONEU1006900,in_yard,30.5,100000000900
GP,ONEU1006908,in_yard,22.1,100000000908
GP,ONEU1006916,in_yard,26.6,100000000916
GP,ONEU1006924,in_yard,18.4,100000000924
RF,ONEU1006932,in_yard,22.7,100000000932
GP,ONEU1006940,in_yard,13,100000000940
GP,ONEU1006948,in_yard,32.5,100000000948
GP,ONEU1006956,in_yard,6.5,100000000956
RF,ONEU1006964,in_yard,30.9,100000000964
GP,ONEU1006972,in_yard,4.2,100000000972
GP,ONEU1006980,in_yard,32,100000000980
GP,ONEU1006988,in_yard,3.1,100000000988
GP,ONEU1006996,in_yard,15.6,100000000996
GP,ONEU1007004,in_yard,17.5,100000001004
RF,ONEU1007012,in_yard,26.4,100000001012
RF,ONEU1007020,in_yard,10.7,100000001020
RF,ONEU1007028,in_yard,10.5,100000001028
GP,ONEU1007036,in_yard,31.7,100000001036
GP,ONEU1007044,in_yard,21.6,100000001044
GP,ONEU1007052,in_yard,14.4,100000001052
GP,ONEU1007060,in_yard,10.4,100000001060
RF,ONEU1007068,in_yard,4.4,100000001068
RF,ONEU1007076,in_yard,22.9,100000001076
GP,ONEU1007084,in_yard,8.6,100000001084
GP,ONEU1007092,in_yard,10.5,100000001092
RF,ONEU1007100,in_yard,8.9,100000001100
GP,ONEU1007108,in_yard,32.2,100000001108
GP,ONEU1007116,in_yard,12.8,100000001116
GP,ONEU1007124,in_yard,5.7,100000001124
GP,ONEU1007132,in_yard,6.8,100000001132
RF,ONEU1007140,in_yard,16.6,100000001140
GP,ONEU1007148,in_yard,25.1,100000001148
GP,ONEU1007156,in_yard,25.6,100000001156
GP,ONEU1007164,in_yard,2.9,100000001164
GP,ONEU1007172,in_yard,24.4,100000001172
RF,ONEU1007180,in_yard,5,100000001180
GP,ONEU1007188,in_yard,4.5,100000001188
GP,ONEU1007196,in_yard,27.3,100000001196
GP,ONEU1007204,in_yard,18.5,100000001204
GP,ONEU1007212,in_yard,10.9,100000001212
DANGER,ONEU1007220,in_yard,32.4,100000001220
GP,ONEU1007228,in_yard,20.6,100000001228
RF,ONEU1007236,in_yard,13.2,100000001236
GP,ONEU1007244,in_yard,28.1,100000001244
DANGER,ONEU1007252,in_yard,9.5,100000001252
GP,ONEU1007260,in_yard,4.6,100000001260
GP,ONEU1007268,in_yard,31.4,100000001268
GP,ONEU1007276,in_yard,24.8,100000001276
GP,ONEU1007284,in_yard,29.7,100000001284
GP,ONEU1007292,in_yard,22.4,100000001292
GP,ONEU1007300,in_yard,23.2,100000001300
GP,ONEU1007308,in_yard,16.5,100000001308
RF,ONEU1007316,in_yard,23.5,100000001316
RF,ONEU1007324,in_yard,5.6,100000001324
GP,ONEU1007332,in_yard,19.8,100000001332
GP,ONEU1007340,in_yard,9.6,100000001340
DANGER,ONEU1007348,in_yard,24.5,100000001348
GP,ONEU1007356,in_yard,23.4,100000001356
RF,ONEU1007364,in_yard,27.3,100000001364
GP,ONEU1007372,in_yard,11.3,100000001372
GP,ONEU1007380,in_yard,23.3,100000001380
GP,ONEU1007388,in_yard,3.2,100000001388
GP,ONEU1007396,in_yard,20.8,100000001396
GP,ONEU1007404,in_yard,24.1,100000001404
GP,ONEU1007412,in_yard,19.4,100000001412
RF,ONEU1007420,in_yard,18.2,100000001420
DANGER,ONEU1007428,in_yard,32.2,100000001428
RF,ONEU1007436,in_yard,7.2,100000001436
GP,ONEU1007444,in_yard,3.5,100000001444
GP,ONEU1007452,in_yard,30.1,100000001452
GP,ONEU1007460,in_yard,2.8,100000001460
RF,ONEU1007468,in_yard,15,100000001468
DANGER,ONEU1007476,in_yard,9.1,100000001476
GP,ONEU1007484,in_yard,9.6,100000001484
GP,ONEU1007492,in_yard,6.7,100000001492
RF,ONEU1007500,in_yard,10.9,100000001500
GP,ONEU1007508,in_yard,27,100000000008
GP,ONEU1007516,in_yard,20.9,100000000016
GP,ONEU1007524,in_yard,7,100000000024
RF,ONEU1007532,in_yard,15.1,100000000032
DANGER,ONEU1007540,in_yard,4.7,100000000040
GP,ONEU1007548,in_yard,4.5,100000000048
RF,ONEU1007556,in_yard,13.7,100000000056
RF,ONEU1007564,in_yard,21.2,100000000064
GP,ONEU1007572,in_yard,10.6,100000000072
GP,ONEU1007580,in_yard,16.5,100000000080
GP,ONEU1007588,in_yard,23.9,100000000088
GP,ONEU1007596,in_yard,23.3,100000000096
GP,ONEU1007604,in_yard,30.7,100000000104
GP,ONEU1007612,in_yard,31.7,100000000112
DANGER,ONEU1007620,in_yard,25.8,100000000120
GP,ONEU1007628,in_yard,10.8,100000000128
GP,ONEU1007636,in_yard,17.2,100000000136
GP,ONEU1007644,in_yard,15.8,100000000144
GP,ONEU1007652,in_yard,8.4,100000000152
DANGER,ONEU1007660,in_yard,16.3,100000000160
GP,ONEU1007668,in_yard,7.9,100000000168
GP,ONEU1007676,in_yard,3.7,100000000176
GP,ONEU1007684,in_yard,15.9,100000000184
GP,ONEU1007692,in_yard,16.8,100000000192
RF,ONEU1007700,in_yard,15.4,100000000200
RF,ONEU1007708,in_yard,21.4,100000000208
GP,ONEU1007716,in_yard,11.2,100000000216
GP,ONEU1007724,in_yard,18.8,100000000224
GP,ONEU1007732,in_yard,21.3,100000000232
GP,ONEU1007740,in_yard,13.6,100000000240
GP,ONEU1007748,in_yard,12.6,100000000248
RF,ONEU1007756,in_yard,7.6,100000000256
RF,ONEU1007764,in_yard,8,100000000264
GP,ONEU1007772,in_yard,6.2,100000000272
GP,ONEU1007780,in_yard,13.2,100000000280
DANGER,ONEU1007788,in_yard,11.6,100000000288
GP,ONEU1007796,in_yard,17.4,100000000296
GP,ONEU1007804,in_yard,4,100000000304
GP,ONEU1007812,in_yard,23,100000000312
RF,ONEU1007820,in_yard,16.2,100000000320
GP,ONEU1007828,in_yard,32,100000000328
GP,ONEU1007836,in_yard,28.9,100000000336
RF,ONEU1007844,in_yard,13.1,100000000344
GP,ONEU1007852,in_yard,23.7,100000000352
RF,ONEU1007860,in_yard,25.1,100000000360
GP,ONEU1007868,in_yard,3.7,100000000368
GP,ONEU1007876,in_yard,19.7,100000000376
GP,ONEU1007884,in_yard,19.4,100000000384
GP,ONEU1007892,in_yard,21.8,100000000392
GP,ONEU1007900,in_yard,10.4,100000000400
RF,ONEU1007908,in_yard,13.7,100000000408
GP,ONEU1007916,in_yard,27.7,100000000416
GP,ONEU1007924,in_yard,21.3,100000000424
GP,ONEU1007932,in_yard,19.6,100000000432
DANGER,ONEU1007940,in_yard,31.4,100000000440
RF,ONEU1007948,in_yard,7.7,100000000448
RF,ONEU1007956,in_yard,14.3,100000000456
GP,ONEU1007964,in_yard,31.3,100000000464
GP,ONEU1007972,in_yard,17.8,100000000472
RF,ONEU1007980,in_yard,26.3,100000000480
RF,ONEU1007988,in_yard,4.5,100000000488
GP,ONEU1007996,in_yard,24.4,100000000496
GP,ONEU1008004,in_yard,5,100000000504
GP,EVER1000003,in_yard,23.8,100000000003
GP,EVER1000011,in_yard,3.7,100000000011
RF,EVER1000019,in_yard,31.4,100000000019
GP,EVER1000027,in_yard,5.6,100000000027
DANGER,EVER1000035,in_yard,20.7,100000000035
GP,EVER1000043,in_yard,10.9,100000000043
RF,EVER1000051,in_yard,22,100000000051
GP,EVER1000059,in_yard,18.8,100000000059
RF,EVER1000067,in_yard,16.1,100000000067
GP,EVER1000075,in_yard,13.9,100000000075
GP,EVER1000083,in_yard,16.7,100000000083
DANGER,EVER1000091,in_yard,17.1,100000000091
RF,EVER1000099,in_yard,18.3,100000000099
RF,EVER1000107,in_yard,26.5,100000000107
GP,EVER1000115,in_yard,30.5,100000000115
GP,EVER1000123,in_yard,24.8,100000000123
GP,EVER1000131,in_yard,31.2,100000000131
GP,EVER1000139,in_yard,27.6,100000000139
RF,EVER1000147,in_yard,13.5,100000000147
GP,EVER1000155,in_yard,23.2,100000000155
GP,EVER1000163,in_yard,7.2,100000000163
GP,EVER1000171,in_yard,22.9,100000000171
GP,EVER1000179,in_yard,14.8,100000000179
RF,EVER1000187,in_yard,6.6,100000000187
RF,EVER1000195,in_yard,27.8,100000000195
RF,EVER1000203,in_yard,25.4,100000000203
DANGER,EVER1000211,in_yard,6.3,100000000211
GP,EVER1000219,in_yard,12.5,100000000219
GP,EVER1000227,in_yard,19.6,100000000227
RF,EVER1000235,in_yard,10.6,100000000235
RF,EVER1000243,in_yard,15.4,100000000243
GP,EVER1000251,in_yard,4.9,100000000251
DANGER,EVER1000259,in_yard,12.2,100000000259
RF,EVER1000267,in_yard,21.7,100000000267
RF,EVER1000275,in_yard,9.7,100000000275
GP,EVER1000283,in_yard,25.6,100000000283
GP,EVER1000291,in_yard,18.3,100000000291
GP,EVER1000299,in_yard,4.2,100000000299
GP,EVER1000307,in_yard,16.7,100000000307
GP,EVER1000315,in_yard,4.3,100000000315
GP,EVER1000323,in_yard,3.1,100000000323
RF,EVER1000331,in_yard,27.2,100000000331
GP,EVER1000339,in_yard,8.3,100000000339
GP,EVER1000347,in_yard,16.8,100000000347
GP,EVER1000355,in_yard,13.6,100000000355
GP,EVER1000363,in_yard,18.3,100000000363
GP,EVER1000371,in_yard,3.4,100000000371
DANGER,EVER1000379,in_yard,23.3,100000000379
GP,EVER1000387,in_yard,15.1,100000000387
RF,EVER1000395,in_yard,30.4,100000000395
DANGER,EVER1000403,in_yard,12.4,100000000403
GP,EVER1000411,in_yard,31,100000000411
RF,EVER1000419,in_yard,16.2,100000000419
RF,EVER1000427,in_yard,3.2,100000000427
GP,EVER1000435,in_yard,20.1,100000000435
GP,EVER1000443,in_yard,4.1,100000000443
GP,EVER1000451,in_yard,24.5,100000000451
DANGER,EVER1000459,in_yard,15.7,100000000459
GP,EVER1000467,in_yard,6.6,100000000467
RF,EVER1000475,in_yard,18.4,100000000475
GP,EVER1000483,in_yard,14.5,100000000483
GP,EVER1000491,in_yard,3.6,100000000491
DANGER,EVER1000499,in_yard,21.1,100000000499
GP,EVER1000507,in_yard,29.8,100000000507
DANGER,EVER1000515,in_yard,19.9,100000000515
RF,EVER1000523,in_yard,23.9,100000000523
RF,EVER1000531,in_yard,5.5,100000000531
GP,EVER1000539,in_yard,23.7,100000000539
GP,EVER1000547,in_yard,23.3,100000000547
GP,EVER1000555,in_yard,4,100000000555
GP,EVER1000563,in_yard,13,100000000563
GP,EVER1000571,in_yard,20.4,100000000571
GP,EVER1000579,in_yard,15.9,100000000579
GP,EVER1000587,in_yard,5.1,100000000587
GP,EVER1000595,in_yard,19.6,100000000595
GP,EVER1000603,in_yard,31.4,100000000603
GP,EVER1000611,in_yard,18.7,100000000611
RF,EVER1000619,in_yard,14.9,100000000619
RF,EVER1000627,in_yard,18.5,100000000627
GP,EVER1000635,in_yard,20.7,100000000635
RF,EVER1000643,in_yard,27.1,100000000643
GP,EVER1000651,in_yard,8.3,100000000651
RF,EVER1000659,in_yard,7.5,100000000659
RF,EVER1000667,in_yard,30.1,100000000667
RF,EVER1000675,in_yard,19.5,100000000675
RF,EVER1000683,in_yard,24.9,100000000683
GP,EVER1000691,in_yard,13.9,100000000691
GP,EVER1000699,in_yard,15.3,100000000699
GP,EVER1000707,in_yard,29.8,100000000707
GP,EVER1000715,in_yard,13.7,100000000715
GP,EVER1000723,in_yard,9.6,100000000723
GP,EVER1000731,in_yard,22,100000000731
DANGER,EVER1000739,in_yard,10.3,100000000739
RF,EVER1000747,in_yard,18.6,100000000747
RF,EVER1000755,in_yard,17.8,100000000755
GP,EVER1000763,in_yard,14.5,100000000763
GP,EVER1000771,in_yard,16.7,100000000771
RF,EVER1000779,in_yard,10.1,100000000779
GP,EVER1000787,in_yard,10.5,100000000787
GP,EVER1000795,in_yard,30.1,100000000795
GP,EVER1000803,in_yard,31.5,100000000803
GP,EVER1000811,in_yard,32.3,100000000811
RF,EVER1000819,in_yard,10.8,100000000819
GP,EVER1000827,in_yard,2.9,100000000827
RF,EVER1000835,in_yard,24.3,100000000835
RF,EVER1000843,in_yard,3.8,100000000843
GP,EVER1000851,in_yard,20.7,100000000851
GP,EVER1000859,in_yard,4.6,100000000859
GP,EVER1000867,in_yard,7.6,100000000867
GP,EVER1000875,in_yard,24.6,100000000875
GP,EVER1000883,in_yard,7.4,100000000883
DANGER,EVER1000891,in_yard,29.4,100000000891
GP,EVER1000899,in_yard,11.1,100000000899
RF,EVER1000907,in_yard,13.4,100000000907
RF,EVER1000915,in_yard,28.8,100000000915
GP,EVER1000923,in_yard,20.3,100000000923
GP,EVER1000931,in_yard,17.3,100000000931
RF,EVER1000939,in_yard,10.1,100000000939
GP,EVER1000947,in_yard,22.1,100000000947
GP,EVER1000955,in_yard,9.9,100000000955
GP,EVER1000963,in_yard,17.7,100000000963
GP,EVER1000971,in_yard,19.5,100000000971
GP,EVER1000979,in_yard,15.3,100000000979
DANGER,EVER1000987,in_yard,31.6,100000000987
GP,EVER1000995,in_yard,2.9,100000000995
GP,EVER1001003,in_yard,29.4,100000001003
RF,EVER1001011,in_yard,5.4,100000001011
GP,EVER1001019,in_yard,19.3,100000001019
RF,EVER1001027,in_yard,28.6,100000001027
GP,EVER1001035,in_yard,10.5,100000001035
GP,EVER1001043,in_yard,24.7,100000001043
GP,EVER1001051,in_yard,18.8,100000001051
GP,EVER1001059,in_yard,17.1,100000001059
GP,EVER1001067,in_yard,6.8,100000001067
GP,EVER1001075,in_yard,6,100000001075
GP,EVER1001083,in_yard,16.2,100000001083
GP,EVER1001091,in_yard,28.3,100000001091
DANGER,EVER1001099,in_yard,23.1,100000001099
RF,EVER1001107,in_yard,11.5,100000001107
DANGER,EVER1001115,in_yard,26.8,100000001115
RF,EVER1001123,in_yard,14.5,100000001123
GP,EVER1001131,in_yard,17.1,100000001131
GP,EVER1001139,in_yard,4.3,100000001139
GP,EVER1001147,in_yard,10.9,100000001147
DANGER,EVER1001155,in_yard,31.4,100000001155
GP,EVER1001163,in_yard,15.6,100000001163
GP,EVER1001171,in_yard,20.4,100000001171
GP,EVER1001179,in_yard,5.8,100000001179
GP,EVER1001187,in_yard,31.4,100000001187
RF,EVER1001195,in_yard,10.6,100000001195
GP,EVER1001203,in_yard,14.8,100000001203
RF,EVER1001211,in_yard,14,100000001211
GP,EVER1001219,in_yard,14.2,100000001219
RF,EVER1001227,in_yard,2.8,100000001227
GP,EVER1001235,in_yard,27.7,100000001235
GP,EVER1001243,in_yard,8.7,100000001243
RF,EVER1001251,in_yard,26.5,100000001251
GP,EVER1001259,in_yard,6,100000001259
GP,EVER1001267,in_yard,18.1,100000001267
GP,EVER1001275,in_yard,14.2,100000001275
DANGER,EVER1001283,in_yard,29.6,100000001283
GP,EVER1001291,in_yard,25.2,100000001291
GP,EVER1001299,in_yard,26.2,100000001299
GP,EVER1001307,in_yard,11.8,100000001307
GP,EVER1001315,in_yard,10.1,100000001315
RF,EVER1001323,in_yard,13.8,100000001323
GP,EVER1001331,in_yard,2.7,100000001331
RF,EVER1001339,in_yard,25.9,100000001339
RF,EVER1001347,in_yard,27.9,100000001347
GP,EVER1001355,in_yard,7,100000001355
GP,EVER1001363,in_yard,22.1,100000001363
GP,EVER1001371,in_yard,29.7,100000001371
GP,EVER1001379,in_yard,31.1,100000001379
GP,EVER1001387,in_yard,18.5,100000001387
RF,EVER1001395,in_yard,9.1,100000001395
GP,EVER1001403,in_yard,25.5,100000001403
GP,EVER1001411,in_yard,19.6,100000001411
GP,EVER1001419,in_yard,23.2,100000001419
GP,EVER1001427,in_yard,4.1,100000001427
GP,EVER1001435,in_yard,16.7,100000001435
DANGER,EVER1001443,in_yard,5.7,100000001443
GP,EVER1001451,in_yard,4.6,100000001451
GP,EVER1001459,in_yard,22,100000001459
RF,EVER1001467,in_yard,31.8,100000001467
GP,EVER1001475,in_yard,23.4,100000001475
RF,EVER1001483,in_yard,23.9,100000001483
GP,EVER1001491,in_yard,12.8,100000001491
RF,EVER1001499,in_yard,17.7,100000001499
DANGER,EVER1001507,in_yard,16.7,100000000007
GP,EVER1001515,in_yard,8.7,100000000015
DANGER,EVER1001523,in_yard,25.8,100000000023
RF,EVER1001531,in_yard,29.1,100000000031
RF,EVER1001539,in_yard,15.5,100000000039
GP,EVER1001547,in_yard,23.9,100000000047
GP,EVER1001555,in_yard,6.7,100000000055
GP,EVER1001563,in_yard,17.1,100000000063
GP,EVER1001571,in_yard,10.5,100000000071
RF,EVER1001579,in_yard,27.4,100000000079
GP,EVER1001587,in_yard,30.9,100000000087
GP,EVER1001595,in_yard,28,100000000095
RF,EVER1001603,in_yard,18.9,100000000103
GP,EVER1001611,in_yard,11.7,100000000111
GP,EVER1001619,in_yard,22.4,100000000119
GP,EVER1001627,in_yard,21.3,100000000127
RF,EVER1001635,in_yard,31.6,100000000135
GP,EVER1001643,in_yard,2.9,100000000143
RF,EVER1001651,in_yard,26.1,100000000151
RF,EVER1001659,in_yard,17.2,100000000159
RF,EVER1001667,in_yard,13.9,100000000167
RF,EVER1001675,in_yard,23.7,100000000175
GP,EVER1001683,in_yard,14.1,100000000183
RF,EVER1001691,in_yard,23,100000000191
RF,EVER1001699,in_yard,4.5,100000000199
GP,EVER1001707,in_yard,10,100000000207
GP,EVER1001715,in_yard,17.7,100000000215
GP,EVER1001723,in_yard,2.9,100000000223
GP,EVER1001731,in_yard,6.9,100000000231
GP,EVER1001739,in_yard,22.7,100000000239
GP,EVER1001747,in_yard,4.7,100000000247
GP,EVER1001755,in_yard,28.6,100000000255
GP,EVER1001763,in_yard,3.8,100000000263
DANGER,EVER1001771,in_yard,11.3,100000000271
GP,EVER1001779,in_yard,24.4,100000000279
GP,EVER1001787,in_yard,3.9,100000000287
GP,EVER1001795,in_yard,20.7,100000000295
DANGER,EVER1001803,in_yard,10.8,100000000303
GP,EVER1001811,in_yard,26.6,100000000311
RF,EVER1001819,in_yard,26.6,100000000319
DANGER,EVER1001827,in_yard,14.2,100000000327
RF,EVER1001835,in_yard,9.1,100000000335
GP,EVER1001843,in_yard,30.6,100000000343
GP,EVER1001851,in_yard,4.8,100000000351
RF,EVER1001859,in_yard,5.6,100000000359
GP,EVER1001867,in_yard,6.9,100000000367
GP,EVER1001875,in_yard,8.3,100000000375
GP,EVER1001883,in_yard,31.8,100000000383
DANGER,EVER1001891,in_yard,15.9,100000000391
RF,EVER1001899,in_yard,26.2,100000000399
DANGER,EVER1001907,in_yard,16.9,100000000407
GP,EVER1001915,in_yard,11.8,100000000415
GP,EVER1001923,in_yard,6.3,100000000423
GP,EVER1001931,in_yard,29.5,100000000431
RF,EVER1001939,in_yard,24.4,100000000439
GP,EVER1001947,in_yard,20.4,100000000447
DANGER,EVER1001955,in_yard,23.7,100000000455
GP,EVER1001963,in_yard,8.8,100000000463
GP,EVER1001971,in_yard,27.9,100000000471
GP,EVER1001979,in_yard,17.7,100000000479
GP,EVER1001987,in_yard,3.2,100000000487
GP,EVER1001995,in_yard,25,100000000495
GP,EVER1002003,in_yard,29.4,100000000503
GP,EVER1002011,in_yard,11.1,100000000511
GP,EVER1002019,in_yard,21.9,100000000519
GP,EVER1002027,in_yard,5.7,100000000527
DANGER,EVER1002035,in_yard,17.9,100000000535
RF,EVER1002043,in_yard,29,100000000543
GP,EVER1002051,in_yard,15,100000000551
RF,EVER1002059,in_yard,7.9,100000000559
GP,EVER1002067,in_yard,29.7,100000000567
RF,EVER1002075,in_yard,18.5,100000000575
GP,EVER1002083,in_yard,25.2,100000000583
GP,EVER1002091,in_yard,27.4,100000000591
RF,EVER1002099,in_yard,27.7,100000000599
RF,EVER1002107,in_yard,4,100000000607
GP,EVER1002115,in_yard,18,100000000615
GP,EVER1002123,in_yard,26.9,100000000623
GP,EVER1002131,in_yard,18,100000000631
RF,EVER1002139,in_yard,27.1,100000000639
GP,EVER1002147,in_yard,14.1,100000000647
GP,EVER1002155,in_yard,28.3,100000000655
DANGER,EVER1002163,in_yard,15.7,100000000663
GP,EVER1002171,in_yard,13.5,100000000671
GP,EVER1002179,in_yard,4.9,100000000679
GP,EVER1002187,in_yard,32.5,100000000687
GP,EVER1002195,in_yard,30.9,100000000695
RF,EVER1002203,in_yard,13.1,100000000703
RF,EVER1002211,in_yard,3,100000000711
GP,EVER1002219,in_yard,23,100000000719
DANGER,EVER1002227,in_yard,22.5,100000000727
GP,EVER1002235,in_yard,16.1,100000000735
GP,EVER1002243,in_yard,12.2,100000000743
GP,EVER1002251,in_yard,4.9,100000000751
GP,EVER1002259,in_yard,26.7,100000000759
GP,EVER1002267,in_yard,25.5,100000000767
GP,EVER1002275,in_yard,6.7,100000000775
GP,EVER1002283,in_yard,26.1,100000000783
GP,EVER1002291,in_yard,32.5,100000000791
DANGER,EVER1002299,in_yard,18,100000000799
GP,EVER1002307,in_yard,24.4,100000000807
RF,EVER1002315,in_yard,23.2,100000000815
RF,EVER1002323,in_yard,16,100000000823
RF,EVER1002331,in_yard,18.6,100000000831
GP,EVER1002339,in_yard,9.5,100000000839
GP,EVER1002347,in_yard,18.1,100000000847
GP,EVER1002355,in_yard,26.3,100000000855
GP,EVER1002363,in_yard,3.8,100000000863
GP,EVER1002371,in_yard,26,100000000871
GP,EVER1002379,in_yard,7.4,100000000879
DANGER,EVER1002387,in_yard,13.4,100000000887
GP,EVER1002395,in_yard,7,100000000895
GP,EVER1002403,in_yard,26.2,100000000903
GP,EVER1002411,in_yard,13.4,100000000911
RF,EVER1002419,in_yard,22.5,100000000919
GP,EVER1002427,in_yard,22.4,100000000927
GP,EVER1002435,in_yard,5.6,100000000935
GP,EVER1002443,in_yard,32.5,100000000943
GP,EVER1002451,in_yard,3.4,100000000951
DANGER,EVER1002459,in_yard,31.3,100000000959
RF,EVER1002467,in_yard,6.9,100000000967
GP,EVER1002475,in_yard,26.7,100000000975
GP,EVER1002483,in_yard,31.5,100000000983
GP,EVER1002491,in_yard,23.9,100000000991
GP,EVER1002499,in_yard,25.7,100000000999
DANGER,EVER1002507,in_yard,22.7,100000001007
RF,EVER1002515,in_yard,26.7,100000001015
RF,EVER1002523,in_yard,11.7,100000001023
GP,EVER1002531,in_yard,22.5,100000001031
GP,EVER1002539,in_yard,12.4,100000001039
DANGER,EVER1002547,in_yard,7.9,100000001047
RF,EVER1002555,in_yard,23,100000001055
RF,EVER1002563,in_yard,22.9,100000001063
GP,EVER1002571,in_yard,22.6,100000001071
GP,EVER1002579,in_yard,11.5,100000001079
DANGER,EVER1002587,in_yard,31.1,100000001087
GP,EVER1002595,in_yard,5.3,100000001095
GP,EVER1002603,in_yard,11.1,100000001103
GP,EVER1002611,in_yard,26.4,100000001111
GP,EVER1002619,in_yard,30.3,100000001119
DANGER,EVER1002627,in_yard,29.6,100000001127
RF,EVER1002635,in_yard,12.8,100000001135
RF,EVER1002643,in_yard,28.6,100000001143
DANGER,EVER1002651,in_yard,5.8,100000001151
GP,EVER1002659,in_yard,22.1,100000001159
GP,EVER1002667,in_yard,11.4,100000001167
RF,EVER1002675,in_yard,7.1,100000001175
GP,EVER1002683,in_yard,4.1,100000001183
GP,EVER1002691,in_yard,4.3,100000001191
GP,EVER1002699,in_yard,7.7,100000001199
GP,EVER1002707,in_yard,32.4,100000001207
RF,EVER1002715,in_yard,10.5,100000001215
GP,EVER1002723,in_yard,27.1,100000001223
RF,EVER1002731,in_yard,19.7,100000001231
RF,EVER1002739,in_yard,29.1,100000001239
GP,EVER1002747,in_yard,15.2,100000001247
GP,EVER1002755,in_yard,21.8,100000001255
GP,EVER1002763,in_yard,18,100000001263
GP,EVER1002771,in_yard,3.3,100000001271
GP,EVER1002779,in_yard,29.7,100000001279
GP,EVER1002787,in_yard,4.9,100000001287
GP,EVER1002795,in_yard,24.6,100000001295
GP,EVER1002803,in_yard,8.4,100000001303
GP,EVER1002811,in_yard,18.1,100000001311
DANGER,EVER1002819,in_yard,6.4,100000001319
RF,EVER1002827,in_yard,6.2,100000001327
GP,EVER1002835,in_yard,20.3,100000001335
GP,EVER1002843,in_yard,17.8,100000001343
GP,EVER1002851,in_yard,4.4,100000001351
RF,EVER1002859,in_yard,10.6,100000001359
GP,EVER1002867,in_yard,28,100000001367
GP,EVER1002875,in_yard,27.2,100000001375
DANGER,EVER1002883,in_yard,28.8,100000001383
GP,EVER1002891,in_yard,8.7,100000001391
GP,EVER1002899,in_yard,3.4,100000001399
GP,EVER1002907,in_yard,19.5,100000001407
DANGER,EVER1002915,in_yard,31.8,100000001415
GP,EVER1002923,in_yard,14.2,100000001423
GP,EVER1002931,in_yard,3.9,100000001431
GP,EVER1002939,in_yard,23,100000001439
GP,EVER1002947,in_yard,9.1,100000001447
GP,EVER1002955,in_yard,6.1,100000001455
GP,EVER1002963,in_yard,27.5,100000001463
GP,EVER1002971,in_yard,15.1,100000001471
GP,EVER1002979,in_yard,11.6,100000001479
GP,EVER1002987,in_yard,28.1,100000001487
GP,EVER1002995,in_yard,11.1,100000001495
GP,EVER1003003,in_yard,20.2,100000000003
GP,EVER1003011,in_yard,30.5,100000000011
GP,EVER1003019,in_yard,21,100000000019
GP,EVER1003027,in_yard,16.9,100000000027
DANGER,EVER1003035,in_yard,19.4,100000000035
GP,EVER1003043,in_yard,18.4,100000000043
GP,EVER1003051,in_yard,2.6,100000000051
GP,EVER1003059,in_yard,3.9,100000000059
GP,EVER1003067,in_yard,3.1,100000000067
GP,EVER1003075,in_yard,9,100000000075
GP,EVER1003083,in_yard,3.9,100000000083
RF,EVER1003091,in_yard,12.2,100000000091
DANGER,EVER1003099,in_yard,16.8,100000000099
GP,EVER1003107,in_yard,6.8,100000000107
GP,EVER1003115,in_yard,8.5,100000000115
GP,EVER1003123,in_yard,26.9,100000000123
DANGER,EVER1003131,in_yard,16.5,100000000131
GP,EVER1003139,in_yard,19.4,100000000139
DANGER,EVER1003147,in_yard,25.3,100000000147
GP,EVER1003155,in_yard,28.1,100000000155
RF,EVER1003163,in_yard,17.8,100000000163
GP,EVER1003171,in_yard,21.3,100000000171
RF,EVER1003179,in_yard,4.1,100000000179
GP,EVER1003187,in_yard,4.6,100000000187
GP,EVER1003195,in_yard,14.9,100000000195
GP,EVER1003203,in_yard,16.1,100000000203
RF,EVER1003211,in_yard,9.7,100000000211
RF,EVER1003219,in_yard,18.8,100000000219
GP,EVER1003227,in_yard,11,100000000227
RF,EVER1003235,in_yard,16.5,100000000235
RF,EVER1003243,in_yard,26,100000000243
GP,EVER1003251,in_yard,7.6,100000000251
GP,EVER1003259,in_yard,8.6,100000000259
DANGER,EVER1003267,in_yard,13.7,100000000267
GP,EVER1003275,in_yard,31.8,100000000275
GP,EVER1003283,in_yard,29.1,100000000283
GP,EVER1003291,in_yard,6.9,100000000291
DANGER,EVER1003299,in_yard,28.7,100000000299
RF,EVER1003307,in_yard,6.7,100000000307
GP,EVER1003315,in_yard,20.4,100000000315
GP,EVER1003323,in_yard,12.3,100000000323
GP,EVER1003331,in_yard,26.8,100000000331
GP,EVER1003339,in_yard,15.8,100000000339
GP,EVER1003347,in_yard,13.4,100000000347
GP,EVER1003355,in_yard,24.1,100000000355
GP,EVER1003363,in_yard,20.7,100000000363
GP,EVER1003371,in_yard,12.8,100000000371
GP,EVER1003379,in_yard,27.4,100000000379
GP,EVER1003387,in_yard,6.5,100000000387
GP,EVER1003395,in_yard,5.7,100000000395
RF,EVER1003403,in_yard,2.5,100000000403
GP,EVER1003411,in_yard,12.3,100000000411
RF,EVER1003419,in_yard,4.9,100000000419
GP,EVER1003427,in_yard,28.8,100000000427
GP,EVER1003435,in_yard,2.8,100000000435
RF,EVER1003443,in_yard,13.3,100000000443
GP,EVER1003451,in_yard,13.8,100000000451
GP,EVER1003459,in_yard,25.2,100000000459
GP,EVER1003467,in_yard,10.4,100000000467
DANGER,EVER1003475,in_yard,10.4,100000000475
GP,EVER1003483,in_yard,6.2,100000000483
RF,EVER1003491,in_yard,11.6,100000000491
GP,EVER1003499,in_yard,13.2,100000000499
GP,EVER1003507,in_yard,18.6,100000000507
GP,EVER1003515,in_yard,6.5,100000000515
RF,EVER1003523,in_yard,9.6,100000000523
DANGER,EVER1003531,in_yard,16,100000000531
GP,EVER1003539,in_yard,22.1,100000000539
RF,EVER1003547,in_yard,30.3,100000000547
GP,EVER1003555,in_yard,9.8,100000000555
GP,EVER1003563,in_yard,6.6,100000000563
RF,EVER1003571,in_yard,31.8,100000000571
RF,EVER1003579,in_yard,7.5,100000000579
RF,EVER1003587,in_yard,3.6,100000000587
GP,EVER1003595,in_yard,11.9,100000000595
GP,EVER1003603,in_yard,27.9,100000000603
GP,EVER1003611,in_yard,5.6,100000000611
DANGER,EVER1003619,in_yard,7.7,100000000619
GP,EVER1003627,in_yard,19.5,100000000627
GP,EVER1003635,in_yard,29.4,100000000635
RF,EVER1003643,in_yard,27.1,100000000643
GP,EVER1003651,in_yard,17.7,100000000651
DANGER,EVER1003659,in_yard,4.4,100000000659
DANGER,EVER1003667,in_yard,16.4,100000000667
GP,EVER1003675,in_yard,11,100000000675
GP,EVER1003683,in_yard,20.1,100000000683
DANGER,EVER1003691,in_yard,10.4,100000000691
GP,EVER1003699,in_yard,30,100000000699
GP,EVER1003707,in_yard,15.7,100000000707
GP,EVER1003715,in_yard,6.3,100000000715
RF,EVER1003723,in_yard,8.3,100000000723
GP,EVER1003731,in_yard,24.1,100000000731
RF,EVER1003739,in_yard,18.6,100000000739
GP,EVER1003747,in_yard,27.2,100000000747
GP,EVER1003755,in_yard,19.9,100000000755
GP,EVER1003763,in_yard,18,100000000763
RF,EVER1003771,in_yard,18.1,100000000771
GP,EVER1003779,in_yard,14.1,100000000779
GP,EVER1003787,in_yard,12,100000000787
GP,EVER1003795,in_yard,13.7,100000000795
RF,EVER1003803,in_yard,21.3,100000000803
GP,EVER1003811,in_yard,17.8,100000000811
GP,EVER1003819,in_yard,32.5,100000000819
RF,EVER1003827,in_yard,4.1,100000000827
GP,EVER1003835,in_yard,22.7,100000000835
GP,EVER1003843,in_yard,25.6,100000000843
RF,EVER1003851,in_yard,22.1,100000000851
GP,EVER1003859,in_yard,21.5,100000000859
RF,EVER1003867,in_yard,29.5,100000000867
GP,EVER1003875,in_yard,28.2,100000000875
GP,EVER1003883,in_yard,2.6,100000000883
RF,EVER1003891,in_yard,2.8,100000000891
RF,EVER1003899,in_yard,10,100000000899
GP,EVER1003907,in_yard,25.3,100000000907
GP,EVER1003915,in_yard,27,100000000915
GP,EVER1003923,in_yard,6.1,100000000923
GP,EVER1003931,in_yard,27.7,100000000931
RF,EVER1003939,in_yard,21.2,100000000939
RF,EVER1003947,in_yard,31.1,100000000947
RF,EVER1003955,in_yard,28.7,100000000955
GP,EVER1003963,in_yard,24.8,100000000963
DANGER,EVER1003971,in_yard,19.6,100000000971
RF,EVER1003979,in_yard,11.4,100000000979
GP,EVER1003987,in_yard,8.1,100000000987
GP,EVER1003995,in_yard,30.5,100000000995
RF,EVER1004003,in_yard,3,100000001003
RF,EVER1004011,in_yard,12,100000001011
GP,EVER1004019,in_yard,32,100000001019
GP,EVER1004027,in_yard,13.1,100000001027
GP,EVER1004035,in_yard,31.3,100000001035
GP,EVER1004043,in_yard,11.7,100000001043
DANGER,EVER1004051,in_yard,12,100000001051
GP,EVER1004059,in_yard,18.2,100000001059
RF,EVER1004067,in_yard,22.6,100000001067
GP,EVER1004075,in_yard,24.3,100000001075
RF,EVER1004083,in_yard,31.6,100000001083
GP,EVER1004091,in_yard,32,100000001091
GP,EVER1004099,in_yard,6.6,100000001099
GP,EVER1004107,in_yard,20.5,100000001107
GP,EVER1004115,in_yard,32.5,100000001115
DANGER,EVER1004123,in_yard,5.6,100000001123
GP,EVER1004131,in_yard,30.1,100000001131
GP,EVER1004139,in_yard,14.2,100000001139
GP,EVER1004147,in_yard,3.7,100000001147
GP,EVER1004155,in_yard,23.7,100000001155
GP,EVER1004163,in_yard,24.4,100000001163
RF,EVER1004171,in_yard,14.3,100000001171
GP,EVER1004179,in_yard,19.7,100000001179
GP,EVER1004187,in_yard,7.2,100000001187
GP,EVER1004195,in_yard,10.1,100000001195
GP,EVER1004203,in_yard,30.5,100000001203
GP,EVER1004211,in_yard,31.2,100000001211
GP,EVER1004219,in_yard,6.7,100000001219
GP,EVER1004227,in_yard,9,100000001227
DANGER,EVER1004235,in_yard,7.5,100000001235
GP,EVER1004243,in_yard,18.4,100000001243
RF,EVER1004251,in_yard,3.4,100000001251
GP,EVER1004259,in_yard,3.3,100000001259
GP,EVER1004267,in_yard,23.5,100000001267
GP,EVER1004275,in_yard,30.4,100000001275
GP,EVER1004283,in_yard,21.7,100000001283
GP,EVER1004291,in_yard,27,100000001291
RF,EVER1004299,in_yard,19,100000001299
GP,EVER1004307,in_yard,13.1,100000001307
RF,EVER1004315,in_yard,12.9,100000001315
RF,EVER1004323,in_yard,28.2,100000001323
GP,EVER1004331,in_yard,11.9,100000001331
RF,EVER1004339,in_yard,19.9,100000001339
RF,EVER1004347,in_yard,27.3,100000001347
GP,EVER1004355,in_yard,6.8,100000001355
RF,EVER1004363,in_yard,29,100000001363
GP,EVER1004371,in_yard,18.5,100000001371
GP,EVER1004379,in_yard,16.1,100000001379
GP,EVER1004387,in_yard,5.2,100000001387
RF,EVER1004395,in_yard,32.2,100000001395
RF,EVER1004403,in_yard,6.1,100000001403
RF,EVER1004411,in_yard,3.7,100000001411
GP,EVER1004419,in_yard,23.1,100000001419
GP,EVER1004427,in_yard,22.2,100000001427
RF,EVER1004435,in_yard,18.9,100000001435
GP,EVER1004443,in_yard,27.5,100000001443
GP,EVER1004451,in_yard,8.9,100000001451
GP,EVER1004459,in_yard,12.8,100000001459
RF,EVER1004467,in_yard,11.7,100000001467
DANGER,EVER1004475,in_yard,25.8,100000001475
GP,EVER1004483,in_yard,26.4,100000001483
GP,EVER1004491,in_yard,9,100000001491
GP,EVER1004499,in_yard,24.9,100000001499
GP,EVER1004507,in_yard,31.8,100000000007
GP,EVER1004515,in_yard,24,100000000015
RF,EVER1004523,in_yard,24.4,100000000023
GP,EVER1004531,in_yard,17.3,100000000031
RF,EVER1004539,in_yard,13.9,100000000039
GP,EVER1004547,in_yard,31.2,100000000047
RF,EVER1004555,in_yard,3.9,100000000055
GP,EVER1004563,in_yard,21,100000000063
RF,EVER1004571,in_yard,9.3,100000000071
RF,EVER1004579,in_yard,30.7,100000000079
GP,EVER1004587,in_yard,21.4,100000000087
RF,EVER1004595,in_yard,29.2,100000000095
DANGER,EVER1004603,in_yard,16.6,100000000103
GP,EVER1004611,in_yard,22,100000000111
GP,EVER1004619,in_yard,21.7,100000000119
GP,EVER1004627,in_yard,21.8,100000000127
GP,EVER1004635,in_yard,8.8,100000000135
RF,EVER1004643,in_yard,17.8,100000000143
GP,EVER1004651,in_yard,22.5,100000000151
GP,EVER1004659,in_yard,9.9,100000000159
GP,EVER1004667,in_yard,10.3,100000000167
GP,EVER1004675,in_yard,13.4,100000000175
GP,EVER1004683,in_yard,20.7,100000000183
RF,EVER1004691,in_yard,7.8,100000000191
GP,EVER1004699,in_yard,6.6,100000000199
GP,EVER1004707,in_yard,21.6,100000000207
GP,EVER1004715,in_yard,4.1,100000000215
GP,EVER1004723,in_yard,30.3,100000000223
RF,EVER1004731,in_yard,17.9,100000000231
GP,EVER1004739,in_yard,15.9,100000000239
GP,EVER1004747,in_yard,7.5,100000000247
DANGER,EVER1004755,in_yard,27.6,100000000255
RF,EVER1004763,in_yard,21.4,100000000263
GP,EVER1004771,in_yard,4.9,100000000271
GP,EVER1004779,in_yard,10.7,100000000279
GP,EVER1004787,in_yard,14.6,100000000287
GP,EVER1004795,in_yard,15.5,100000000295
GP,EVER1004803,in_yard,14,100000000303
GP,EVER1004811,in_yard,26.7,100000000311
GP,EVER1004819,in_yard,31.6,100000000319
GP,EVER1004827,in_yard,7.5,100000000327
GP,EVER1004835,in_yard,4,100000000335
GP,EVER1004843,in_yard,31,100000000343
GP,EVER1004851,in_yard,3.3,100000000351
RF,EVER1004859,in_yard,21.9,100000000359
RF,EVER1004867,in_yard,26.4,100000000367
RF,EVER1004875,in_yard,2.5,100000000375
GP,EVER1004883,in_yard,4.3,100000000383
GP,EVER1004891,in_yard,5.7,100000000391
GP,EVER1004899,in_yard,3.5,100000000399
GP,EVER1004907,in_yard,15.3,100000000407
GP,EVER1004915,in_yard,15.3,100000000415
GP,EVER1004923,in_yard,17.6,100000000423
DANGER,EVER1004931,in_yard,29.4,100000000431
GP,EVER1004939,in_yard,9.9,100000000439
DANGER,EVER1004947,in_yard,16.4,100000000447
GP,EVER1004955,in_yard,4.5,100000000455
RF,EVER1004963,in_yard,22.2,100000000463
GP,EVER1004971,in_yard,8.3,100000000471
GP,EVER1004979,in_yard,30.9,100000000479
RF,EVER1004987,in_yard,17,100000000487
GP,EVER1004995,in_yard,7.5,100000000495
GP,EVER1005003,in_yard,3.1,100000000503
DANGER,EVER1005011,in_yard,26.5,100000000511
GP,EVER1005019,in_yard,10.3,100000000519
GP,EVER1005027,in_yard,6.1,100000000527
GP,EVER1005035,in_yard,20.5,100000000535
DANGER,EVER1005043,in_yard,30.5,100000000543
DANGER,EVER1005051,in_yard,30.7,100000000551
RF,EVER1005059,in_yard,9.5,100000000559
GP,EVER1005067,in_yard,22.9,100000000567
GP,EVER1005075,in_yard,14.8,100000000575
RF,EVER1005083,in_yard,7.6,100000000583
GP,EVER1005091,in_yard,4.2,100000000591
RF,EVER1005099,in_yard,6.3,100000000599
GP,EVER1005107,in_yard,2.6,100000000607
GP,EVER1005115,in_yard,21.4,100000000615
RF,EVER1005123,in_yard,15.8,100000000623
RF,EVER1005131,in_yard,27.6,100000000631
DANGER,EVER1005139,in_yard,26.1,100000000639
GP,EVER1005147,in_yard,15.1,100000000647
RF,EVER1005155,in_yard,26.8,100000000655
GP,EVER1005163,in_yard,10.4,100000000663
GP,EVER1005171,in_yard,18.1,100000000671
GP,EVER1005179,in_yard,21.3,100000000679
RF,EVER1005187,in_yard,10.9,100000000687
GP,EVER1005195,in_yard,23.8,100000000695
RF,EVER1005203,in_yard,14.8,100000000703
GP,EVER1005211,in_yard,13.1,100000000711
RF,EVER1005219,in_yard,2.5,100000000719
GP,EVER1005227,in_yard,21.4,100000000727
GP,EVER1005235,in_yard,5.3,100000000735
GP,EVER1005243,in_yard,19.1,100000000743
GP,EVER1005251,in_yard,5.3,100000000751
RF,EVER1005259,in_yard,30.1,100000000759
GP,EVER1005267,in_yard,21.5,100000000767
GP,EVER1005275,in_yard,16.4,100000000775
GP,EVER1005283,in_yard,31.9,100000000783
GP,EVER1005291,in_yard,15.6,100000000791
GP,EVER1005299,in_yard,30.7,100000000799
GP,EVER1005307,in_yard,29.5,100000000807
GP,EVER1005315,in_yard,13.6,100000000815
DANGER,EVER1005323,in_yard,30.9,100000000823
GP,EVER1005331,in_yard,4.8,100000000831
RF,EVER1005339,in_yard,9.4,100000000839
GP,EVER1005347,in_yard,5.3,100000000847
RF,EVER1005355,in_yard,7.6,100000000855
RF,EVER1005363,in_yard,22.9,100000000863
GP,EVER1005371,in_yard,6.7,100000000871
GP,EVER1005379,in_yard,24.4,100000000879
GP,EVER1005387,in_yard,6.8,100000000887
RF,EVER1005395,in_yard,5.1,100000000895
GP,EVER1005403,in_yard,2.6,100000000903
GP,EVER1005411,in_yard,27.4,100000000911
GP,EVER1005419,in_yard,12,100000000919
RF,EVER1005427,in_yard,26.5,100000000927
GP,EVER1005435,in_yard,21.5,100000000935
GP,EVER1005443,in_yard,14,100000000943
GP,EVER1005451,in_yard,28.3,100000000951
DANGER,EVER1005459,in_yard,2.9,100000000959
GP,EVER1005467,in_yard,14.7,100000000967
GP,EVER1005475,in_yard,26.8,100000000975
GP,EVER1005483,in_yard,13.4,100000000983
RF,EVER1005491,in_yard,17.7,100000000991
GP,EVER1005499,in_yard,28.4,100000000999
GP,EVER1005507,in_yard,31.2,100000001007
GP,EVER1005515,in_yard,28.1,100000001015
GP,EVER1005523,in_yard,16.9,100000001023
RF,EVER1005531,in_yard,22,100000001031
GP,EVER1005539,in_yard,13.8,100000001039
RF,EVER1005547,in_yard,26.2,100000001047
GP,EVER1005555,in_yard,19.5,100000001055
GP,EVER1005563,in_yard,11.7,100000001063
GP,EVER1005571,in_yard,30.4,100000001071
RF,EVER1005579,in_yard,12.4,100000001079
GP,EVER1005587,in_yard,27.5,100000001087
GP,EVER1005595,in_yard,13,100000001095
GP,EVER1005603,in_yard,3.2,100000001103
RF,EVER1005611,in_yard,4.9,100000001111
GP,EVER1005619,in_yard,8.1,100000001119
RF,EVER1005627,in_yard,16.2,100000001127
GP,EVER1005635,in_yard,18,100000001135
GP,EVER1005643,in_yard,30.2,100000001143
GP,EVER1005651,in_yard,23.4,100000001151
DANGER,EVER1005659,in_yard,28.5,100000001159
GP,EVER1005667,in_yard,5.3,100000001167
DANGER,EVER1005675,in_yard,16.1,100000001175
RF,EVER1005683,in_yard,32.3,100000001183
GP,EVER1005691,in_yard,22.4,100000001191
RF,EVER1005699,in_yard,16.8,100000001199
GP,EVER1005707,in_yard,27.6,100000001207
RF,EVER1005715,in_yard,10.8,100000001215
RF,EVER1005723,in_yard,26.9,100000001223
RF,EVER1005731,in_yard,4.7,100000001231
GP,EVER1005739,in_yard,18.3,100000001239
RF,EVER1005747,in_yard,8.1,100000001247
GP,EVER1005755,in_yard,14.6,100000001255
GP,EVER1005763,in_yard,3.1,100000001263
RF,EVER1005771,in_yard,23.2,100000001271
RF,EVER1005779,in_yard,8.5,100000001279
RF,EVER1005787,in_yard,18.7,100000001287
GP,EVER1005795,in_yard,20.2,100000001295
GP,EVER1005803,in_yard,30.2,100000001303
RF,EVER1005811,in_yard,18.7,100000001311
GP,EVER1005819,in_yard,7.5,100000001319
GP,EVER1005827,in_yard,25.6,100000001327
GP,EVER1005835,in_yard,31.8,100000001335
DANGER,EVER1005843,in_yard,27,100000001343
GP,EVER1005851,in_yard,18.5,100000001351
GP,EVER1005859,in_yard,27.9,100000001359
GP,EVER1005867,in_yard,24,100000001367
DANGER,EVER1005875,in_yard,14.3,100000001375
GP,EVER1005883,in_yard,11.7,100000001383
GP,EVER1005891,in_yard,30.7,100000001391
GP,EVER1005899,in_yard,7.6,100000001399
DANGER,EVER1005907,in_yard,20.7,100000001407
GP,EVER1005915,in_yard,6.7,100000001415
GP,EVER1005923,in_yard,16.6,100000001423
GP,EVER1005931,in_yard,22.5,100000001431
DANGER,EVER1005939,in_yard,5.3,100000001439
GP,EVER1005947,in_yard,15.6,100000001447
RF,EVER1005955,in_yard,11,100000001455
GP,EVER1005963,in_yard,17.4,100000001463
GP,EVER1005971,in_yard,4.3,100000001471
GP,EVER1005979,in_yard,27.9,100000001479
GP,EVER1005987,in_yard,26.7,100000001487
GP,EVER1005995,in_yard,6.1,100000001495
RF,EVER1006003,in_yard,10.6,100000000003
RF,EVER1006011,in_yard,3.8,100000000011
GP,EVER1006019,in_yard,7.1,100000000019
GP,EVER1006027,in_yard,19.6,100000000027
GP,EVER1006035,in_yard,22.3,100000000035
GP,EVER1006043,in_yard,10.7,100000000043
GP,EVER1006051,in_yard,16.9,100000000051
RF,EVER1006059,in_yard,19.5,100000000059
GP,EVER1006067,in_yard,6.4,100000000067
RF,EVER1006075,in_yard,12.9,100000000075
RF,EVER1006083,in_yard,29.5,100000000083
GP,EVER1006091,in_yard,28.7,100000000091
RF,EVER1006099,in_yard,29.2,100000000099
DANGER,EVER1006107,in_yard,21.6,100000000107
GP,EVER1006115,in_yard,23.5,100000000115
GP,EVER1006123,in_yard,13,100000000123
GP,EVER1006131,in_yard,15.5,100000000131
GP,EVER1006139,in_yard,31.3,100000000139
GP,EVER1006147,in_yard,2.5,100000000147
GP,EVER1006155,in_yard,29.4,100000000155
GP,EVER1006163,in_yard,31.4,100000000163
GP,EVER1006171,in_yard,19.1,100000000171
RF,EVER1006179,in_yard,5.2,100000000179
GP,EVER1006187,in_yard,31.3,100000000187
RF,EVER1006195,in_yard,14.1,100000000195
GP,EVER1006203,in_yard,13.5,100000000203
GP,EVER1006211,in_yard,31,100000000211
GP,EVER1006219,in_yard,27.9,100000000219
GP,EVER1006227,in_yard,21.6,100000000227
RF,EVER1006235,in_yard,17.8,100000000235
GP,EVER1006243,in_yard,32.5,100000000243
GP,EVER1006251,in_yard,2.8,100000000251
RF,EVER1006259,in_yard,17,100000000259
GP,EVER1006267,in_yard,26.2,100000000267
GP,EVER1006275,in_yard,9.2,100000000275
RF,EVER1006283,in_yard,17.1,100000000283
RF,EVER1006291,in_yard,6.3,100000000291
GP,EVER1006299,in_yard,24.1,100000000299
DANGER,EVER1006307,in_yard,3.9,100000000307
GP,EVER1006315,in_yard,24.3,100000000315
RF,EVER1006323,in_yard,8.6,100000000323
GP,EVER1006331,in_yard,31.8,100000000331
GP,EVER1006339,in_yard,11.9,100000000339
RF,EVER1006347,in_yard,3.2,100000000347
RF,EVER1006355,in_yard,4,100000000355
RF,EVER1006363,in_yard,30.6,100000000363
GP,EVER1006371,in_yard,20,100000000371
GP,EVER1006379,in_yard,28.1,100000000379
RF,EVER1006387,in_yard,7.5,100000000387
DANGER,EVER1006395,in_yard,10.8,100000000395
GP,EVER1006403,in_yard,19.5,100000000403
GP,EVER1006411,in_yard,5.1,100000000411
RF,EVER1006419,in_yard,25.3,100000000419
DANGER,EVER1006427,in_yard,13.8,100000000427
GP,EVER1006435,in_yard,31.2,100000000435
GP,EVER1006443,in_yard,16.6,100000000443
GP,EVER1006451,in_yard,20.3,100000000451
GP,EVER1006459,in_yard,3.9,100000000459
GP,EVER1006467,in_yard,16.5,100000000467
GP,EVER1006475,in_yard,3.1,100000000475
DANGER,EVER1006483,in_yard,24.6,100000000483
GP,EVER1006491,in_yard,18.3,100000000491
GP,EVER1006499,in_yard,22.1,100000000499
RF,EVER1006507,in_yard,12.6,100000000507
RF,EVER1006515,in_yard,31.4,100000000515
DANGER,EVER1006523,in_yard,25.5,100000000523
GP,EVER1006531,in_yard,17.5,100000000531
GP,EVER1006539,in_yard,11.7,100000000539
GP,EVER1006547,in_yard,16.5,100000000547
GP,EVER1006555,in_yard,2.6,100000000555
GP,EVER1006563,in_yard,11.2,100000000563
RF,EVER1006571,in_yard,22.5,100000000571
RF,EVER1006579,in_yard,29.3,100000000579
GP,EVER1006587,in_yard,4.1,100000000587
GP,EVER1006595,in_yard,7,100000000595
GP,EVER1006603,in_yard,15.6,100000000603
GP,EVER1006611,in_yard,15.7,100000000611
GP,EVER1006619,in_yard,7.3,100000000619
GP,EVER1006627,in_yard,9.2,100000000627
DANGER,EVER1006635,in_yard,4.8,100000000635
GP,EVER1006643,in_yard,20.6,100000000643
RF,EVER1006651,in_yard,6.3,100000000651
RF,EVER1006659,in_yard,25.6,100000000659
RF,EVER1006667,in_yard,25.1,100000000667
GP,EVER1006675,in_yard,28.4,100000000675
GP,EVER1006683,in_yard,16.9,100000000683
GP,EVER1006691,in_yard,30.5,100000000691
GP,EVER1006699,in_yard,4.2,100000000699
GP,EVER1006707,in_yard,28,100000000707
GP,EVER1006715,in_yard,24.9,100000000715
RF,EVER1006723,in_yard,27.7,100000000723
GP,EVER1006731,in_yard,29,100000000731
GP,EVER1006739,in_yard,17.3,100000000739
RF,EVER1006747,in_yard,11.7,100000000747
RF,EVER1006755,in_yard,25.6,100000000755
GP,EVER1006763,in_yard,27.1,100000000763
GP,EVER1006771,in_yard,27.8,100000000771
GP,EVER1006779,in_yard,31.9,100000000779
RF,EVER1006787,in_yard,27.9,100000000787
GP,EVER1006795,in_yard,7.6,100000000795
GP,EVER1006803,in_yard,23,100000000803
GP,EVER1006811,in_yard,6.5,100000000811
RF,EVER1006819,in_yard,13,100000000819
RF,EVER1006827,in_yard,6,100000000827
GP,EVER1006835,in_yard,4.4,100000000835
GP,EVER1006843,in_yard,20.1,100000000843
GP,EVER1006851,in_yard,10.7,100000000851
GP,EVER1006859,in_yard,31.5,100000000859
RF,EVER1006867,in_yard,30.1,100000000867
GP,EVER1006875,in_yard,15.8,100000000875
GP,EVER1006883,in_yard,3.4,100000000883
RF,EVER1006891,in_yard,11.6,100000000891
GP,EVER1006899,in_yard,2.7,100000000899
GP,EVER1006907,in_yard,26.1,100000000907
RF,EVER1006915,in_yard,16.7,100000000915
GP,EVER1006923,in_yard,3.3,100000000923
GP,EVER1006931,in_yard,14.7,100000000931
GP,EVER1006939,in_yard,28.2,100000000939
GP,EVER1006947,in_yard,7.1,100000000947
GP,EVER1006955,in_yard,24.3,100000000955
GP,EVER1006963,in_yard,3,100000000963
RF,EVER1006971,in_yard,8.2,100000000971
GP,EVER1006979,in_yard,30.4,100000000979
GP,EVER1006987,in_yard,15.4,100000000987
GP,EVER1006995,in_yard,29.8,100000000995
GP,EVER1007003,in_yard,15.9,100000001003
GP,EVER1007011,in_yard,12.9,100000001011
RF,EVER1007019,in_yard,28.6,100000001019
DANGER,EVER1007027,in_yard,28,100000001027
DANGER,EVER1007035,in_yard,11.2,100000001035
RF,EVER1007043,in_yard,10.3,100000001043
GP,EVER1007051,in_yard,30.6,100000001051
DANGER,EVER1007059,in_yard,25.7,100000001059
RF,EVER1007067,in_yard,31.8,100000001067
RF,EVER1007075,in_yard,5.1,100000001075
GP,EVER1007083,in_yard,9.1,100000001083
GP,EVER1007091,in_yard,20,100000001091
GP,EVER1007099,in_yard,15.6,100000001099
GP,EVER1007107,in_yard,23,100000001107
RF,EVER1007115,in_yard,29.1,100000001115
GP,EVER1007123,in_yard,17,100000001123
GP,EVER1007131,in_yard,30.2,100000001131
GP,EVER1007139,in_yard,20.3,100000001139
GP,EVER1007147,in_yard,10.3,100000001147
GP,EVER1007155,in_yard,31.8,100000001155
GP,EVER1007163,in_yard,5.7,100000001163
GP,EVER1007171,in_yard,27,100000001171
RF,EVER1007179,in_yard,21.6,100000001179
DANGER,EVER1007187,in_yard,14.3,100000001187
GP,EVER1007195,in_yard,17.7,100000001195
DANGER,EVER1007203,in_yard,21.2,100000001203
DANGER,EVER1007211,in_yard,16.8,100000001211
GP,EVER1007219,in_yard,13.7,100000001219
GP,EVER1007227,in_yard,26.3,100000001227
RF,EVER1007235,in_yard,2.6,100000001235
RF,EVER1007243,in_yard,26.7,100000001243
RF,EVER1007251,in_yard,32,100000001251
GP,EVER1007259,in_yard,8.8,100000001259
RF,EVER1007267,in_yard,14,100000001267
GP,EVER1007275,in_yard,9,100000001275
RF,EVER1007283,in_yard,6.2,100000001283
GP,EVER1007291,in_yard,27.8,100000001291
GP,EVER1007299,in_yard,24.8,100000001299
GP,EVER1007307,in_yard,24.7,100000001307
GP,EVER1007315,in_yard,28.7,100000001315
GP,EVER1007323,in_yard,26.3,100000001323
GP,EVER1007331,in_yard,17.6,100000001331
RF,EVER1007339,in_yard,31.6,100000001339
GP,EVER1007347,in_yard,28.2,100000001347
GP,EVER1007355,in_yard,24.6,100000001355
DANGER,EVER1007363,in_yard,17.8,100000001363
RF,EVER1007371,in_yard,30.4,100000001371
RF,EVER1007379,in_yard,10.8,100000001379
RF,EVER1007387,in_yard,12.3,100000001387
DANGER,EVER1007395,in_yard,8.1,100000001395
RF,EVER1007403,in_yard,8.9,100000001403
GP,EVER1007411,in_yard,25.8,100000001411
GP,EVER1007419,in_yard,5.4,100000001419
DANGER,EVER1007427,in_yard,22.2,100000001427
GP,EVER1007435,in_yard,28.1,100000001435
GP,EVER1007443,in_yard,23,100000001443
GP,EVER1007451,in_yard,15.5,100000001451
GP,EVER1007459,in_yard,8.5,100000001459
GP,EVER1007467,in_yard,11.6,100000001467
GP,EVER1007475,in_yard,21.7,100000001475
GP,EVER1007483,in_yard,6.8,100000001483
GP,EVER1007491,in_yard,26.6,100000001491
RF,EVER1007499,in_yard,28.5,100000001499
DANGER,EVER1007507,in_yard,23.9,100000000007
GP,EVER1007515,in_yard,20.6,100000000015
GP,EVER1007523,in_yard,29.1,100000000023
GP,EVER1007531,in_yard,28.3,100000000031
GP,EVER1007539,in_yard,22.5,100000000039
GP,EVER1007547,in_yard,17.2,100000000047
RF,EVER1007555,in_yard,11.4,100000000055
RF,EVER1007563,in_yard,15.9,100000000063
GP,EVER1007571,in_yard,23.8,100000000071
RF,EVER1007579,in_yard,7.9,100000000079
DANGER,EVER1007587,in_yard,20.4,100000000087
RF,EVER1007595,in_yard,9.3,100000000095
GP,EVER1007603,in_yard,16.7,100000000103
GP,EVER1007611,in_yard,17.1,100000000111
DANGER,EVER1007619,in_yard,21.3,100000000119
GP,EVER1007627,in_yard,9.2,100000000127
GP,EVER1007635,in_yard,7.3,100000000135
GP,EVER1007643,in_yard,26.2,100000000143
GP,EVER1007651,in_yard,26.9,100000000151
DANGER,EVER1007659,in_yard,29.4,100000000159
RF,EVER1007667,in_yard,14.7,100000000167
GP,EVER1007675,in_yard,25.3,100000000175
GP,EVER1007683,in_yard,6.6,100000000183
GP,EVER1007691,in_yard,14.7,100000000191
GP,EVER1007699,in_yard,15,100000000199
RF,EVER1007707,in_yard,21.7,100000000207
RF,EVER1007715,in_yard,3.2,100000000215
GP,EVER1007723,in_yard,12.9,100000000223
GP,EVER1007731,in_yard,31.3,100000000231
GP,EVER1007739,in_yard,17.9,100000000239
RF,EVER1007747,in_yard,16.1,100000000247
RF,EVER1007755,in_yard,20.9,100000000255
GP,EVER1007763,in_yard,5.4,100000000263
RF,EVER1007771,in_yard,17.2,100000000271
RF,EVER1007779,in_yard,23.9,100000000279
GP,EVER1007787,in_yard,30.5,100000000287
RF,EVER1007795,in_yard,20.8,100000000295
GP,EVER1007803,in_yard,13.7,100000000303
GP,EVER1007811,in_yard,30.2,100000000311
GP,EVER1007819,in_yard,12.5,100000000319
GP,EVER1007827,in_yard,19.2,100000000327
GP,EVER1007835,in_yard,19,100000000335
DANGER,EVER1007843,in_yard,13.4,100000000343
GP,EVER1007851,in_yard,6.5,100000000351
RF,EVER1007859,in_yard,23.8,100000000359
GP,EVER1007867,in_yard,23.3,100000000367
GP,EVER1007875,in_yard,3.3,100000000375
RF,EVER1007883,in_yard,25.8,100000000383
GP,EVER1007891,in_yard,6.5,100000000391
GP,EVER1007899,in_yard,11.8,100000000399
GP,EVER1007907,in_yard,12.4,100000000407
RF,EVER1007915,in_yard,19.9,100000000415
RF,EVER1007923,in_yard,24.7,100000000423
RF,EVER1007931,in_yard,5,100000000431
GP,EVER1007939,in_yard,10.2,100000000439
RF,EVER1007947,in_yard,19.5,100000000447
GP,EVER1007955,in_yard,20.3,100000000455
GP,EVER1007963,in_yard,10.1,100000000463
GP,EVER1007971,in_yard,5.2,100000000471
RF,EVER1007979,in_yard,16.7,100000000479
GP,EVER1007987,in_yard,12.3,100000000487
GP,EVER1007995,in_yard,25.5,100000000495
GP,EVER1008003,in_yard,31.3,100000000503
DANGER,COSU1000002,in_yard,12.4,100000000002
GP,COSU1000010,in_yard,31.2,100000000010
RF,COSU1000018,in_yard,29.9,100000000018
GP,COSU1000026,in_yard,4.7,100000000026
RF,COSU1000034,in_yard,29.5,100000000034
GP,COSU1000042,in_yard,23.4,100000000042
RF,COSU1000050,in_yard,15.6,100000000050
GP,COSU1000058,in_yard,7.7,100000000058
GP,COSU1000066,in_yard,5.5,100000000066
GP,COSU1000074,in_yard,3.1,100000000074
GP,COSU1000082,in_yard,30.1,100000000082
GP,COSU1000090,in_yard,16.7,100000000090
RF,COSU1000098,in_yard,16.9,100000000098
GP,COSU1000106,in_yard,30.1,100000000106
GP,COSU1000114,in_yard,5.8,100000000114
RF,COSU1000122,in_yard,25.4,100000000122
RF,COSU1000130,in_yard,6.8,100000000130
GP,COSU1000138,in_yard,18.9,100000000138
GP,COSU1000146,in_yard,12.7,100000000146
RF,COSU1000154,in_yard,19,100000000154
GP,COSU1000162,in_yard,29.9,100000000162
GP,COSU1000170,in_yard,16.8,100000000170
RF,COSU1000178,in_yard,17.5,100000000178
GP,COSU1000186,in_yard,29.6,100000000186
GP,COSU1000194,in_yard,21,100000000194
GP,COSU1000202,in_yard,6.6,100000000202
GP,COSU1000210,in_yard,4,100000000210
GP,COSU1000218,in_yard,3.9,100000000218
DANGER,COSU1000226,in_yard,4.6,100000000226
GP,COSU1000234,in_yard,9.8,100000000234
GP,COSU1000242,in_yard,21.1,100000000242
DANGER,COSU1000250,in_yard,12.5,100000000250
GP,COSU1000258,in_yard,14.1,100000000258
RF,COSU1000266,in_yard,30.9,100000000266
GP,COSU1000274,in_yard,26.5,100000000274
RF,COSU1000282,in_yard,28,100000000282
GP,COSU1000290,in_yard,27.6,100000000290
RF,COSU1000298,in_yard,31.3,100000000298
DANGER,COSU1000306,in_yard,12.9,100000000306
GP,COSU1000314,in_yard,30.6,100000000314
GP,COSU1000322,in_yard,30.4,100000000322
GP,COSU1000330,in_yard,19.7,100000000330
RF,COSU1000338,in_yard,20.3,100000000338
GP,COSU1000346,in_yard,27.2,100000000346
GP,COSU1000354,in_yard,4.9,100000000354
DANGER,COSU1000362,in_yard,17.6,100000000362
GP,COSU1000370,in_yard,15.2,100000000370
GP,COSU1000378,in_yard,19.9,100000000378
GP,COSU1000386,in_yard,14.3,100000000386
GP,COSU1000394,in_yard,29.5,100000000394
GP,COSU1000402,in_yard,3.5,100000000402
GP,COSU1000410,in_yard,23.9,100000000410
GP,COSU1000418,in_yard,14.8,100000000418
GP,COSU1000426,in_yard,25,100000000426
RF,COSU1000434,in_yard,20.3,100000000434
GP,COSU1000442,in_yard,2.9,100000000442
GP,COSU1000450,in_yard,18,100000000450
GP,COSU1000458,in_yard,30.6,100000000458
RF,COSU1000466,in_yard,6.8,100000000466
GP,COSU1000474,in_yard,10.3,100000000474
RF,COSU1000482,in_yard,31.9,100000000482
RF,COSU1000490,in_yard,11.7,100000000490
GP,COSU1000498,in_yard,28.4,100000000498
GP,COSU1000506,in_yard,10,100000000506
DANGER,COSU1000514,in_yard,3.8,100000000514
GP,COSU1000522,in_yard,11.1,100000000522
GP,COSU1000530,in_yard,26.4,100000000530
RF,COSU1000538,in_yard,17,100000000538
GP,COSU1000546,in_yard,10,100000000546
GP,COSU1000554,in_yard,12.1,100000000554
GP,COSU1000562,in_yard,27.7,100000000562
GP,COSU1000570,in_yard,29.3,100000000570
GP,COSU1000578,in_yard,28,100000000578
GP,COSU1000586,in_yard,23.4,100000000586
GP,COSU1000594,in_yard,16.1,100000000594
DANGER,COSU1000602,in_yard,5.9,100000000602
RF,COSU1000610,in_yard,9.7,100000000610
GP,COSU1000618,in_yard,14.5,100000000618
GP,COSU1000626,in_yard,18.6,100000000626
RF,COSU1000634,in_yard,31.1,100000000634
GP,COSU1000642,in_yard,26.9,100000000642
GP,COSU1000650,in_yard,11.8,100000000650
RF,COSU1000658,in_yard,14.8,100000000658
GP,COSU1000666,in_yard,3.5,100000000666
GP,COSU1000674,in_yard,27.3,100000000674
GP,COSU1000682,in_yard,15.1,100000000682
GP,COSU1000690,in_yard,27.5,100000000690
GP,COSU1000698,in_yard,7.5,100000000698
RF,COSU1000706,in_yard,22.6,100000000706
GP,COSU1000714,in_yard,24.6,100000000714
GP,COSU1000722,in_yard,6.4,100000000722
RF,COSU1000730,in_yard,28.1,100000000730
GP,COSU1000738,in_yard,29,100000000738
GP,COSU1000746,in_yard,10.1,100000000746
RF,COSU1000754,in_yard,12.4,100000000754
DANGER,COSU1000762,in_yard,11.1,100000000762
DANGER,COSU1000770,in_yard,15.7,100000000770
RF,COSU1000778,in_yard,28,100000000778
GP,COSU1000786,in_yard,21.3,100000000786
GP,COSU1000794,in_yard,23.8,100000000794
GP,COSU1000802,in_yard,2.9,100000000802
GP,COSU1000810,in_yard,22,100000000810
GP,COSU1000818,in_yard,3.9,100000000818
DANGER,COSU1000826,in_yard,12.1,100000000826
GP,COSU1000834,in_yard,24.2,100000000834
GP,COSU1000842,in_yard,18.3,100000000842
GP,COSU1000850,in_yard,25.9,100000000850
RF,COSU1000858,in_yard,13,100000000858
DANGER,COSU1000866,in_yard,5.5,100000000866
GP,COSU1000874,in_yard,16.8,100000000874
RF,COSU1000882,in_yard,24.1,100000000882
DANGER,COSU1000890,in_yard,28.7,100000000890
RF,COSU1000898,in_yard,14.4,100000000898
GP,COSU1000906,in_yard,21.9,100000000906
DANGER,COSU1000914,in_yard,8.2,100000000914
DANGER,COSU1000922,in_yard,18.1,100000000922
GP,COSU1000930,in_yard,7.1,100000000930
RF,COSU1000938,in_yard,21.1,100000000938
GP,COSU1000946,in_yard,9.2,100000000946
GP,COSU1000954,in_yard,31.2,100000000954
GP,COSU1000962,in_yard,16.9,100000000962
GP,COSU1000970,in_yard,26.9,100000000970
RF,COSU1000978,in_yard,2.7,100000000978
GP,COSU1000986,in_yard,31.1,100000000986
GP,COSU1000994,in_yard,30,100000000994
RF,COSU1001002,in_yard,26.9,100000001002
RF,COSU1001010,in_yard,11.6,100000001010
DANGER,COSU1001018,in_yard,15.9,100000001018
GP,COSU1001026,in_yard,19.6,100000001026
GP,COSU1001034,in_yard,3.7,100000001034
RF,COSU1001042,in_yard,23.7,100000001042
GP,COSU1001050,in_yard,26.5,100000001050
GP,COSU1001058,in_yard,32.2,100000001058
RF,COSU1001066,in_yard,30.7,100000001066
GP,COSU1001074,in_yard,27.6,100000001074
GP,COSU1001082,in_yard,31,100000001082
GP,COSU1001090,in_yard,19,100000001090
GP,COSU1001098,in_yard,4.5,100000001098
GP,COSU1001106,in_yard,11.3,100000001106
GP,COSU1001114,in_yard,18.5,100000001114
DANGER,COSU1001122,in_yard,18.2,100000001122
GP,COSU1001130,in_yard,28.6,100000001130
GP,COSU1001138,in_yard,27.6,100000001138
GP,COSU1001146,in_yard,16.9,100000001146
RF,COSU1001154,in_yard,11.2,100000001154
RF,COSU1001162,in_yard,25.7,100000001162
GP,COSU1001170,in_yard,22,100000001170
GP,COSU1001178,in_yard,7.3,100000001178
DANGER,COSU1001186,in_yard,10.3,100000001186
GP,COSU1001194,in_yard,13,100000001194
GP,COSU1001202,in_yard,25.5,100000001202
GP,COSU1001210,in_yard,25.9,100000001210
DANGER,COSU1001218,in_yard,22.8,100000001218
GP,COSU1001226,in_yard,29.4,100000001226
RF,COSU1001234,in_yard,17.8,100000001234
GP,COSU1001242,in_yard,19.4,100000001242
RF,COSU1001250,in_yard,30.8,100000001250
GP,COSU1001258,in_yard,10.2,100000001258
GP,COSU1001266,in_yard,21.8,100000001266
RF,COSU1001274,in_yard,20.1,100000001274
GP,COSU1001282,in_yard,15.7,100000001282
GP,COSU1001290,in_yard,16,100000001290
DANGER,COSU1001298,in_yard,25.3,100000001298
GP,COSU1001306,in_yard,17,100000001306
RF,COSU1001314,in_yard,15.8,100000001314
DANGER,COSU1001322,in_yard,12.3,100000001322
RF,COSU1001330,in_yard,16.9,100000001330
GP,COSU1001338,in_yard,30,100000001338
GP,COSU1001346,in_yard,12.3,100000001346
RF,COSU1001354,in_yard,3.7,100000001354
RF,COSU1001362,in_yard,6.5,100000001362
GP,COSU1001370,in_yard,22.2,100000001370
GP,COSU1001378,in_yard,21.8,100000001378
GP,COSU1001386,in_yard,15.8,100000001386
GP,COSU1001394,in_yard,24.9,100000001394
RF,COSU1001402,in_yard,17.6,100000001402
RF,COSU1001410,in_yard,13.1,100000001410
GP,COSU1001418,in_yard,27.1,100000001418
DANGER,COSU1001426,in_yard,21.9,100000001426
GP,COSU1001434,in_yard,5.4,100000001434
DANGER,COSU1001442,in_yard,10.9,100000001442
GP,COSU1001450,in_yard,20.9,100000001450
RF,COSU1001458,in_yard,16.2,100000001458
GP,COSU1001466,in_yard,9.5,100000001466
GP,COSU1001474,in_yard,14.2,100000001474
GP,COSU1001482,in_yard,10,100000001482
GP,COSU1001490,in_yard,29.7,100000001490
GP,COSU1001498,in_yard,19.1,100000001498
GP,COSU1001506,in_yard,9.4,100000000006
GP,COSU1001514,in_yard,11.8,100000000014
GP,COSU1001522,in_yard,17,100000000022
GP,COSU1001530,in_yard,27.9,100000000030
GP,COSU1001538,in_yard,3.9,100000000038
DANGER,COSU1001546,in_yard,13,100000000046
DANGER,COSU1001554,in_yard,26.1,100000000054
GP,COSU1001562,in_yard,25.2,100000000062
DANGER,COSU1001570,in_yard,9.7,100000000070
GP,COSU1001578,in_yard,22.9,100000000078
GP,COSU1001586,in_yard,19.6,100000000086
GP,COSU1001594,in_yard,8.9,100000000094
DANGER,COSU1001602,in_yard,8.4,100000000102
GP,COSU1001610,in_yard,28.3,100000000110
GP,COSU1001618,in_yard,11.4,100000000118
GP,COSU1001626,in_yard,24.2,100000000126
RF,COSU1001634,in_yard,12.1,100000000134
RF,COSU1001642,in_yard,16.5,100000000142
GP,COSU1001650,in_yard,20.3,100000000150
GP,COSU1001658,in_yard,9,100000000158
GP,COSU1001666,in_yard,24.2,100000000166
DANGER,COSU1001674,in_yard,22.1,100000000174
RF,COSU1001682,in_yard,4,100000000182
GP,COSU1001690,in_yard,8.3,100000000190
GP,COSU1001698,in_yard,4.7,100000000198
GP,COSU1001706,in_yard,10.7,100000000206
RF,COSU1001714,in_yard,15.4,100000000214
GP,COSU1001722,in_yard,20.3,100000000222
GP,COSU1001730,in_yard,17.3,100000000230
GP,COSU1001738,in_yard,20.8,100000000238
RF,COSU1001746,in_yard,4.2,100000000246
GP,COSU1001754,in_yard,30,100000000254
GP,COSU1001762,in_yard,18,100000000262
RF,COSU1001770,in_yard,9.9,100000000270
DANGER,COSU1001778,in_yard,23.1,100000000278
GP,COSU1001786,in_yard,9.2,100000000286
DANGER,COSU1001794,in_yard,10.2,100000000294
GP,COSU1001802,in_yard,16.6,100000000302
RF,COSU1001810,in_yard,30.1,100000000310
GP,COSU1001818,in_yard,29.3,100000000318
GP,COSU1001826,in_yard,14.1,100000000326
GP,COSU1001834,in_yard,6.5,100000000334
GP,COSU1001842,in_yard,17.9,100000000342
RF,COSU1001850,in_yard,28,100000000350
GP,COSU1001858,in_yard,3.1,100000000358
GP,COSU1001866,in_yard,9.9,100000000366
GP,COSU1001874,in_yard,22.1,100000000374
GP,COSU1001882,in_yard,24.5,100000000382
GP,COSU1001890,in_yard,19.4,100000000390
GP,COSU1001898,in_yard,18.5,100000000398
GP,COSU1001906,in_yard,17.8,100000000406
GP,COSU1001914,in_yard,16.9,100000000414
GP,COSU1001922,in_yard,10.2,100000000422
GP,COSU1001930,in_yard,14.8,100000000430
DANGER,COSU1001938,in_yard,6.5,100000000438
GP,COSU1001946,in_yard,16.1,100000000446
DANGER,COSU1001954,in_yard,26.1,100000000454
GP,COSU1001962,in_yard,20.5,100000000462
GP,COSU1001970,in_yard,15.1,100000000470
GP,COSU1001978,in_yard,28.3,100000000478
RF,COSU1001986,in_yard,6,100000000486
RF,COSU1001994,in_yard,5.7,100000000494
RF,COSU1002002,in_yard,31.6,100000000502
GP,COSU1002010,in_yard,26.2,100000000510
GP,COSU1002018,in_yard,30.5,100000000518
DANGER,COSU1002026,in_yard,30.5,100000000526
RF,COSU1002034,in_yard,14.3,100000000534
GP,COSU1002042,in_yard,20.2,100000000542
GP,COSU1002050,in_yard,12.6,100000000550
GP,COSU1002058,in_yard,5,100000000558
GP,COSU1002066,in_yard,7.4,100000000566
GP,COSU1002074,in_yard,21.1,100000000574
GP,COSU1002082,in_yard,28.9,100000000582
RF,COSU1002090,in_yard,14.9,100000000590
GP,COSU1002098,in_yard,3.5,100000000598
GP,COSU1002106,in_yard,27.1,100000000606
GP,COSU1002114,in_yard,26.5,100000000614
GP,COSU1002122,in_yard,8.8,100000000622
RF,COSU1002130,in_yard,16.6,100000000630
RF,COSU1002138,in_yard,27.3,100000000638
RF,COSU1002146,in_yard,13.5,100000000646
RF,COSU1002154,in_yard,4.1,100000000654
RF,COSU1002162,in_yard,9.2,100000000662
GP,COSU1002170,in_yard,11.3,100000000670
GP,COSU1002178,in_yard,5.5,100000000678
DANGER,COSU1002186,in_yard,5.3,100000000686
DANGER,COSU1002194,in_yard,21.2,100000000694
RF,COSU1002202,in_yard,2.6,100000000702
GP,COSU1002210,in_yard,14.8,100000000710
RF,COSU1002218,in_yard,12.1,100000000718
RF,COSU1002226,in_yard,23.4,100000000726
GP,COSU1002234,in_yard,25.1,100000000734
GP,COSU1002242,in_yard,10.4,100000000742
GP,COSU1002250,in_yard,29.1,100000000750
RF,COSU1002258,in_yard,21.5,100000000758
GP,COSU1002266,in_yard,7.7,100000000766
GP,COSU1002274,in_yard,16.8,100000000774
GP,COSU1002282,in_yard,13.5,100000000782
DANGER,COSU1002290,in_yard,16.5,100000000790
GP,COSU1002298,in_yard,4.6,100000000798
RF,COSU1002306,in_yard,7.2,100000000806
GP,COSU1002314,in_yard,8.1,100000000814
GP,COSU1002322,in_yard,14,100000000822
GP,COSU1002330,in_yard,4.8,100000000830
RF,COSU1002338,in_yard,24,100000000838
GP,COSU1002346,in_yard,30.4,100000000846
GP,COSU1002354,in_yard,10.8,100000000854
RF,COSU1002362,in_yard,6.3,100000000862
DANGER,COSU1002370,in_yard,18.4,100000000870
GP,COSU1002378,in_yard,28.9,100000000878
GP,COSU1002386,in_yard,16.8,100000000886
GP,COSU1002394,in_yard,24.2,100000000894
GP,COSU1002402,in_yard,28.6,100000000902
GP,COSU1002410,in_yard,25.1,100000000910
GP,COSU1002418,in_yard,28.6,100000000918
GP,COSU1002426,in_yard,22.3,100000000926
RF,COSU1002434,in_yard,5.9,100000000934
GP,COSU1002442,in_yard,23.5,100000000942
GP,COSU1002450,in_yard,26.1,100000000950
GP,COSU1002458,in_yard,24,100000000958
GP,COSU1002466,in_yard,26.9,100000000966
RF,COSU1002474,in_yard,23.8,100000000974
GP,COSU1002482,in_yard,6.1,100000000982
RF,COSU1002490,in_yard,23.1,100000000990
GP,COSU1002498,in_yard,30.4,100000000998
GP,COSU1002506,in_yard,22.4,100000001006
GP,COSU1002514,in_yard,8.3,100000001014
GP,COSU1002522,in_yard,30.7,100000001022
GP,COSU1002530,in_yard,6.9,100000001030
GP,COSU1002538,in_yard,18.9,100000001038
DANGER,COSU1002546,in_yard,29.7,100000001046
DANGER,COSU1002554,in_yard,22.7,100000001054
RF,COSU1002562,in_yard,24,100000001062
DANGER,COSU1002570,in_yard,17.8,100000001070
DANGER,COSU1002578,in_yard,19.8,100000001078
GP,COSU1002586,in_yard,10.3,100000001086
GP,COSU1002594,in_yard,3.4,100000001094
RF,COSU1002602,in_yard,10.6,100000001102
DANGER,COSU1002610,in_yard,5.5,100000001110
GP,COSU1002618,in_yard,25.6,100000001118
GP,COSU1002626,in_yard,8.8,100000001126
RF,COSU1002634,in_yard,6,100000001134
GP,COSU1002642,in_yard,22.6,100000001142
RF,COSU1002650,in_yard,19.4,100000001150
GP,COSU1002658,in_yard,30.4,100000001158
RF,COSU1002666,in_yard,21.4,100000001166
GP,COSU1002674,in_yard,16,100000001174
RF,COSU1002682,in_yard,24,100000001182
GP,COSU1002690,in_yard,15.5,100000001190
RF,COSU1002698,in_yard,9.3,100000001198
GP,COSU1002706,in_yard,17.3,100000001206
GP,COSU1002714,in_yard,20.1,100000001214
GP,COSU1002722,in_yard,32.2,100000001222
GP,COSU1002730,in_yard,17.4,100000001230
GP,COSU1002738,in_yard,23.3,100000001238
GP,COSU1002746,in_yard,10.1,100000001246
RF,COSU1002754,in_yard,32,100000001254
GP,COSU1002762,in_yard,24,100000001262
RF,COSU1002770,in_yard,17.9,100000001270
GP,COSU1002778,in_yard,8.8,100000001278
GP,COSU1002786,in_yard,31.1,100000001286
RF,COSU1002794,in_yard,16.7,100000001294
GP,COSU1002802,in_yard,27.9,100000001302
RF,COSU1002810,in_yard,14.3,100000001310
GP,COSU1002818,in_yard,28.8,100000001318
GP,COSU1002826,in_yard,12.2,100000001326
RF,COSU1002834,in_yard,28.8,100000001334
GP,COSU1002842,in_yard,7.6,100000001342
GP,COSU1002850,in_yard,19.3,100000001350
GP,COSU1002858,in_yard,24,100000001358
GP,COSU1002866,in_yard,21.8,100000001366
RF,COSU1002874,in_yard,24.9,100000001374
RF,COSU1002882,in_yard,32.1,100000001382
RF,COSU1002890,in_yard,4.4,100000001390
GP,COSU1002898,in_yard,12.3,100000001398
DANGER,COSU1002906,in_yard,17,100000001406
GP,COSU1002914,in_yard,23.2,100000001414
GP,COSU1002922,in_yard,27.2,100000001422
GP,COSU1002930,in_yard,27.4,100000001430
GP,COSU1002938,in_yard,12.1,100000001438
GP,COSU1002946,in_yard,30.1,100000001446
GP,COSU1002954,in_yard,18.8,100000001454
GP,COSU1002962,in_yard,20.7,100000001462
GP,COSU1002970,in_yard,25.2,100000001470
DANGER,COSU1002978,in_yard,9,100000001478
GP,COSU1002986,in_yard,26.9,100000001486
GP,COSU1002994,in_yard,15,100000001494
GP,COSU1003002,in_yard,24.2,100000000002
GP,COSU1003010,in_yard,19.2,100000000010
GP,COSU1003018,in_yard,25.8,100000000018
GP,COSU1003026,in_yard,24.3,100000000026
GP,COSU1003034,in_yard,28.3,100000000034
GP,COSU1003042,in_yard,25,100000000042
GP,COSU1003050,in_yard,11,100000000050
GP,COSU1003058,in_yard,6.9,100000000058
GP,COSU1003066,in_yard,5.5,100000000066
RF,COSU1003074,in_yard,29.7,100000000074
GP,COSU1003082,in_yard,17.4,100000000082
RF,COSU1003090,in_yard,11.1,100000000090
GP,COSU1003098,in_yard,26.8,100000000098
DANGER,COSU1003106,in_yard,15.5,100000000106
GP,COSU1003114,in_yard,6.1,100000000114
GP,COSU1003122,in_yard,25.4,100000000122
GP,COSU1003130,in_yard,4.2,100000000130
GP,COSU1003138,in_yard,19.8,100000000138
GP,COSU1003146,in_yard,20.1,100000000146
DANGER,COSU1003154,in_yard,7.7,100000000154
GP,COSU1003162,in_yard,8.9,100000000162
GP,COSU1003170,in_yard,2.8,100000000170
GP,COSU1003178,in_yard,12.5,100000000178
GP,COSU1003186,in_yard,10.8,100000000186
GP,COSU1003194,in_yard,12.7,100000000194
GP,COSU1003202,in_yard,19.8,100000000202
GP,COSU1003210,in_yard,26.1,100000000210
GP,COSU1003218,in_yard,14.4,100000000218
GP,COSU1003226,in_yard,4.9,100000000226
GP,COSU1003234,in_yard,5.1,100000000234
RF,COSU1003242,in_yard,22.3,100000000242
GP,COSU1003250,in_yard,15.3,100000000250
GP,COSU1003258,in_yard,5.3,100000000258
GP,COSU1003266,in_yard,22.1,100000000266
GP,COSU1003274,in_yard,31.7,100000000274
GP,COSU1003282,in_yard,19.2,100000000282
RF,COSU1003290,in_yard,3,100000000290
RF,COSU1003298,in_yard,26.9,100000000298
RF,COSU1003306,in_yard,23.8,100000000306
GP,COSU1003314,in_yard,31.2,100000000314
GP,COSU1003322,in_yard,30.3,100000000322
GP,COSU1003330,in_yard,22.8,100000000330
GP,COSU1003338,in_yard,3.1,100000000338
DANGER,COSU1003346,in_yard,22.7,100000000346
GP,COSU1003354,in_yard,3.7,100000000354
GP,COSU1003362,in_yard,26.2,100000000362
GP,COSU1003370,in_yard,21.3,100000000370
GP,COSU1003378,in_yard,24.7,100000000378
GP,COSU1003386,in_yard,19.7,100000000386
GP,COSU1003394,in_yard,10.2,100000000394
GP,COSU1003402,in_yard,22.8,100000000402
GP,COSU1003410,in_yard,12.9,100000000410
GP,COSU1003418,in_yard,29.1,100000000418
GP,COSU1003426,in_yard,29.4,100000000426
GP,COSU1003434,in_yard,7.2,100000000434
GP,COSU1003442,in_yard,22.2,100000000442
RF,COSU1003450,in_yard,3.9,100000000450
RF,COSU1003458,in_yard,18.7,100000000458
GP,COSU1003466,in_yard,31,100000000466
GP,COSU1003474,in_yard,24.3,100000000474
GP,COSU1003482,in_yard,19.5,100000000482
GP,COSU1003490,in_yard,2.7,100000000490
RF,COSU1003498,in_yard,29.6,100000000498
GP,COSU1003506,in_yard,16,100000000506
GP,COSU1003514,in_yard,9.5,100000000514
RF,COSU1003522,in_yard,6.4,100000000522
RF,COSU1003530,in_yard,15.8,100000000530
GP,COSU1003538,in_yard,11,100000000538
RF,COSU1003546,in_yard,19.2,100000000546
RF,COSU1003554,in_yard,28.6,100000000554
RF,COSU1003562,in_yard,2.9,100000000562
GP,COSU1003570,in_yard,32.3,100000000570
RF,COSU1003578,in_yard,24.5,100000000578
RF,COSU1003586,in_yard,3.9,100000000586
GP,COSU1003594,in_yard,3.6,100000000594
GP,COSU1003602,in_yard,3.4,100000000602
GP,COSU1003610,in_yard,32.5,100000000610
RF,COSU1003618,in_yard,13,100000000618
GP,COSU1003626,in_yard,5.3,100000000626
GP,COSU1003634,in_yard,11.4,100000000634
RF,COSU1003642,in_yard,19.2,100000000642
GP,COSU1003650,in_yard,29.2,100000000650
RF,COSU1003658,in_yard,20.8,100000000658
GP,COSU1003666,in_yard,27.8,100000000666
RF,COSU1003674,in_yard,21.6,100000000674
GP,COSU1003682,in_yard,12.6,100000000682
GP,COSU1003690,in_yard,3.2,100000000690
RF,COSU1003698,in_yard,27.6,100000000698
GP,COSU1003706,in_yard,11.8,100000000706
RF,COSU1003714,in_yard,22.7,100000000714
GP,COSU1003722,in_yard,29.5,100000000722
GP,COSU1003730,in_yard,16.4,100000000730
GP,COSU1003738,in_yard,8.9,100000000738
GP,COSU1003746,in_yard,23.6,100000000746
GP,COSU1003754,in_yard,27,100000000754
DANGER,COSU1003762,in_yard,25.2,100000000762
DANGER,COSU1003770,in_yard,6.8,100000000770
GP,COSU1003778,in_yard,10.6,100000000778
GP,COSU1003786,in_yard,30.1,100000000786
RF,COSU1003794,in_yard,25.6,100000000794
GP,COSU1003802,in_yard,20.6,100000000802
GP,COSU1003810,in_yard,4,100000000810
RF,COSU1003818,in_yard,4.5,100000000818
GP,COSU1003826,in_yard,22.5,100000000826
GP,COSU1003834,in_yard,22.3,100000000834
GP,COSU1003842,in_yard,7.2,100000000842
GP,COSU1003850,in_yard,10.7,100000000850
GP,COSU1003858,in_yard,17.5,100000000858
RF,COSU1003866,in_yard,23,100000000866
GP,COSU1003874,in_yard,14.4,100000000874
GP,COSU1003882,in_yard,18.4,100000000882
RF,COSU1003890,in_yard,15.6,100000000890
GP,COSU1003898,in_yard,24.7,100000000898
GP,COSU1003906,in_yard,20.9,100000000906
GP,COSU1003914,in_yard,31.9,100000000914
GP,COSU1003922,in_yard,22.5,100000000922
GP,COSU1003930,in_yard,8.3,100000000930
GP,COSU1003938,in_yard,16.9,100000000938
GP,COSU1003946,in_yard,12.8,100000000946
RF,COSU1003954,in_yard,31,100000000954
GP,COSU1003962,in_yard,10.2,100000000962
RF,COSU1003970,in_yard,5.8,100000000970
GP,COSU1003978,in_yard,25.7,100000000978
GP,COSU1003986,in_yard,28.9,100000000986
GP,COSU1003994,in_yard,7.1,100000000994
GP,COSU1004002,in_yard,7.8,100000001002
GP,COSU1004010,in_yard,6.1,100000001010
DANGER,COSU1004018,in_yard,4.8,100000001018
GP,COSU1004026,in_yard,31.2,100000001026
GP,COSU1004034,in_yard,22.3,100000001034
RF,COSU1004042,in_yard,18.6,100000001042
GP,COSU1004050,in_yard,6.9,100000001050
GP,COSU1004058,in_yard,7.3,100000001058
GP,COSU1004066,in_yard,13.5,100000001066
GP,COSU1004074,in_yard,24.5,100000001074
GP,COSU1004082,in_yard,19.5,100000001082
DANGER,COSU1004090,in_yard,23.8,100000001090
RF,COSU1004098,in_yard,6.6,100000001098
GP,COSU1004106,in_yard,2.6,100000001106
RF,COSU1004114,in_yard,4.7,100000001114
GP,COSU1004122,in_yard,5.3,100000001122
RF,COSU1004130,in_yard,22.1,100000001130
GP,COSU1004138,in_yard,4.3,100000001138
GP,COSU1004146,in_yard,11.2,100000001146
RF,COSU1004154,in_yard,10.2,100000001154
GP,COSU1004162,in_yard,7.1,100000001162
DANGER,COSU1004170,in_yard,4.2,100000001170
GP,COSU1004178,in_yard,22.9,100000001178
GP,COSU1004186,in_yard,27.6,100000001186
RF,COSU1004194,in_yard,8,100000001194
GP,COSU1004202,in_yard,27.9,100000001202
RF,COSU1004210,in_yard,6.4,100000001210
GP,COSU1004218,in_yard,21.1,100000001218
GP,COSU1004226,in_yard,28.1,100000001226
GP,COSU1004234,in_yard,19.7,100000001234
GP,COSU1004242,in_yard,27.6,100000001242
GP,COSU1004250,in_yard,10.1,100000001250
GP,COSU1004258,in_yard,19.5,100000001258
GP,COSU1004266,in_yard,31.3,100000001266
GP,COSU1004274,in_yard,23.1,100000001274
GP,COSU1004282,in_yard,18.5,100000001282
RF,COSU1004290,in_yard,23.7,100000001290
DANGER,COSU1004298,in_yard,11.2,100000001298
GP,COSU1004306,in_yard,6.8,100000001306
RF,COSU1004314,in_yard,5.3,100000001314
RF,COSU1004322,in_yard,22.8,100000001322
RF,COSU1004330,in_yard,11,100000001330
RF,COSU1004338,in_yard,31.7,100000001338
GP,COSU1004346,in_yard,24.7,100000001346
RF,COSU1004354,in_yard,24.2,100000001354
GP,COSU1004362,in_yard,5.1,100000001362
GP,COSU1004370,in_yard,21.3,100000001370
GP,COSU1004378,in_yard,5.5,100000001378
RF,COSU1004386,in_yard,14.2,100000001386
RF,COSU1004394,in_yard,19.2,100000001394
GP,COSU1004402,in_yard,28.5,100000001402
RF,COSU1004410,in_yard,10,100000001410
GP,COSU1004418,in_yard,26.1,100000001418
RF,COSU1004426,in_yard,27.8,100000001426
GP,COSU1004434,in_yard,3,100000001434
GP,COSU1004442,in_yard,15,100000001442
GP,COSU1004450,in_yard,20.1,100000001450
GP,COSU1004458,in_yard,22.3,100000001458
GP,COSU1004466,in_yard,5.7,100000001466
GP,COSU1004474,in_yard,22.7,100000001474
RF,COSU1004482,in_yard,21.4,100000001482
RF,COSU1004490,in_yard,11.3,100000001490
GP,COSU1004498,in_yard,8.3,100000001498
RF,COSU1004506,in_yard,17.9,100000000006
GP,COSU1004514,in_yard,28.6,100000000014
GP,COSU1004522,in_yard,16.4,100000000022
RF,COSU1004530,in_yard,15.8,100000000030
RF,COSU1004538,in_yard,2.9,100000000038
GP,COSU1004546,in_yard,6.5,100000000046
GP,COSU1004554,in_yard,12.1,100000000054
GP,COSU1004562,in_yard,3.6,100000000062
RF,COSU1004570,in_yard,14.7,100000000070
DANGER,COSU1004578,in_yard,10,100000000078
RF,COSU1004586,in_yard,19.9,100000000086
RF,COSU1004594,in_yard,28.9,100000000094
GP,COSU1004602,in_yard,29.2,100000000102
GP,COSU1004610,in_yard,7.9,100000000110
GP,COSU1004618,in_yard,22.4,100000000118
GP,COSU1004626,in_yard,11.1,100000000126
RF,COSU1004634,in_yard,31.6,100000000134
RF,COSU1004642,in_yard,16.6,100000000142
RF,COSU1004650,in_yard,7.1,100000000150
DANGER,COSU1004658,in_yard,7.2,100000000158
GP,COSU1004666,in_yard,15.7,100000000166
RF,COSU1004674,in_yard,13.5,100000000174
DANGER,COSU1004682,in_yard,8.4,100000000182
GP,COSU1004690,in_yard,22.9,100000000190
RF,COSU1004698,in_yard,26.7,100000000198
RF,COSU1004706,in_yard,14.8,100000000206
DANGER,COSU1004714,in_yard,26.2,100000000214
RF,COSU1004722,in_yard,3.1,100000000222
GP,COSU1004730,in_yard,10.7,100000000230
RF,COSU1004738,in_yard,23.9,100000000238
DANGER,COSU1004746,in_yard,26.6,100000000246
GP,COSU1004754,in_yard,9.5,100000000254
RF,COSU1004762,in_yard,4.6,100000000262
GP,COSU1004770,in_yard,30.9,100000000270
RF,COSU1004778,in_yard,13.5,100000000278
GP,COSU1004786,in_yard,12.9,100000000286
DANGER,COSU1004794,in_yard,10.5,100000000294
RF,COSU1004802,in_yard,5.1,100000000302
GP,COSU1004810,in_yard,13.1,100000000310
GP,COSU1004818,in_yard,23.2,100000000318
GP,COSU1004826,in_yard,9.3,100000000326
RF,COSU1004834,in_yard,27,100000000334
GP,COSU1004842,in_yard,21.2,100000000342
GP,COSU1004850,in_yard,7,100000000350
GP,COSU1004858,in_yard,7.2,100000000358
GP,COSU1004866,in_yard,9.7,100000000366
RF,COSU1004874,in_yard,16.2,100000000374
RF,COSU1004882,in_yard,30.2,100000000382
GP,COSU1004890,in_yard,15.3,100000000390
GP,COSU1004898,in_yard,29.5,100000000398
GP,COSU1004906,in_yard,19.8,100000000406
GP,COSU1004914,in_yard,3.4,100000000414
GP,COSU1004922,in_yard,31.5,100000000422
GP,COSU1004930,in_yard,29.7,100000000430
RF,COSU1004938,in_yard,10.3,100000000438
RF,COSU1004946,in_yard,22.6,100000000446
GP,COSU1004954,in_yard,10.7,100000000454
GP,COSU1004962,in_yard,30.6,100000000462
GP,COSU1004970,in_yard,5.4,100000000470
RF,COSU1004978,in_yard,28.6,100000000478
DANGER,COSU1004986,in_yard,15.3,100000000486
GP,COSU1004994,in_yard,5.5,100000000494
GP,COSU1005002,in_yard,9.6,100000000502
GP,COSU1005010,in_yard,27,100000000510
RF,COSU1005018,in_yard,26.1,100000000518
GP,COSU1005026,in_yard,30.7,100000000526
GP,COSU1005034,in_yard,22.4,100000000534
GP,COSU1005042,in_yard,18.7,100000000542
GP,COSU1005050,in_yard,11,100000000550
GP,COSU1005058,in_yard,19.4,100000000558
RF,COSU1005066,in_yard,18.4,100000000566
RF,COSU1005074,in_yard,9.5,100000000574
GP,COSU1005082,in_yard,19.3,100000000582
GP,COSU1005090,in_yard,17.9,100000000590
GP,COSU1005098,in_yard,14.9,100000000598
GP,COSU1005106,in_yard,26.1,100000000606
RF,COSU1005114,in_yard,19,100000000614
GP,COSU1005122,in_yard,3.5,100000000622
DANGER,COSU1005130,in_yard,24.9,100000000630
GP,COSU1005138,in_yard,22.4,100000000638
GP,COSU1005146,in_yard,20.9,100000000646
GP,COSU1005154,in_yard,22.7,100000000654
GP,COSU1005162,in_yard,9.5,100000000662
RF,COSU1005170,in_yard,17.1,100000000670
GP,COSU1005178,in_yard,27.3,100000000678
DANGER,COSU1005186,in_yard,18.5,100000000686
GP,COSU1005194,in_yard,29.5,100000000694
GP,COSU1005202,in_yard,28,100000000702
GP,COSU1005210,in_yard,23.2,100000000710
RF,COSU1005218,in_yard,7.2,100000000718
GP,COSU1005226,in_yard,20.2,100000000726
GP,COSU1005234,in_yard,17.9,100000000734
GP,COSU1005242,in_yard,6.4,100000000742
GP,COSU1005250,in_yard,22.2,100000000750
GP,COSU1005258,in_yard,20.3,100000000758
GP,COSU1005266,in_yard,30.7,100000000766
DANGER,COSU1005274,in_yard,22.3,100000000774
GP,COSU1005282,in_yard,23.8,100000000782
GP,COSU1005290,in_yard,21.3,100000000790
GP,COSU1005298,in_yard,24.9,100000000798
GP,COSU1005306,in_yard,8.6,100000000806
GP,COSU1005314,in_yard,15.2,100000000814
DANGER,COSU1005322,in_yard,27.8,100000000822
GP,COSU1005330,in_yard,14.4,100000000830
GP,COSU1005338,in_yard,10.5,100000000838
GP,COSU1005346,in_yard,12.7,100000000846
GP,COSU1005354,in_yard,5.2,100000000854
DANGER,COSU1005362,in_yard,26.2,100000000862
DANGER,COSU1005370,in_yard,30.2,100000000870
RF,COSU1005378,in_yard,19.6,100000000878
GP,COSU1005386,in_yard,14.1,100000000886
RF,COSU1005394,in_yard,13.9,100000000894
RF,COSU1005402,in_yard,18.4,100000000902
GP,COSU1005410,in_yard,26.3,100000000910
GP,COSU1005418,in_yard,24.1,100000000918
GP,COSU1005426,in_yard,26.3,100000000926
GP,COSU1005434,in_yard,3.2,100000000934
GP,COSU1005442,in_yard,31.9,100000000942
GP,COSU1005450,in_yard,5.6,100000000950
DANGER,COSU1005458,in_yard,17.2,100000000958
GP,COSU1005466,in_yard,3.8,100000000966
RF,COSU1005474,in_yard,26.7,100000000974
GP,COSU1005482,in_yard,14.3,100000000982
RF,COSU1005490,in_yard,9.2,100000000990
DANGER,COSU1005498,in_yard,14.2,100000000998
GP,COSU1005506,in_yard,18.1,100000001006
GP,COSU1005514,in_yard,28.7,100000001014
GP,COSU1005522,in_yard,20.5,100000001022
GP,COSU1005530,in_yard,23.3,100000001030
GP,COSU1005538,in_yard,14.3,100000001038
GP,COSU1005546,in_yard,6.1,100000001046
GP,COSU1005554,in_yard,9.6,100000001054
GP,COSU1005562,in_yard,29.3,100000001062
GP,COSU1005570,in_yard,26.6,100000001070
GP,COSU1005578,in_yard,11.3,100000001078
GP,COSU1005586,in_yard,16.2,100000001086
RF,COSU1005594,in_yard,17.2,100000001094
GP,COSU1005602,in_yard,11.4,100000001102
RF,COSU1005610,in_yard,13.8,100000001110
GP,COSU1005618,in_yard,11.3,100000001118
GP,COSU1005626,in_yard,14.9,100000001126
RF,COSU1005634,in_yard,27.8,100000001134
GP,COSU1005642,in_yard,18.1,100000001142
RF,COSU1005650,in_yard,4.6,100000001150
GP,COSU1005658,in_yard,3.5,100000001158
GP,COSU1005666,in_yard,10.2,100000001166
GP,COSU1005674,in_yard,11.7,100000001174
GP,COSU1005682,in_yard,23,100000001182
RF,COSU1005690,in_yard,19.2,100000001190
GP,COSU1005698,in_yard,17.8,100000001198
GP,COSU1005706,in_yard,3,100000001206
GP,COSU1005714,in_yard,12.1,100000001214
GP,COSU1005722,in_yard,12.8,100000001222
RF,COSU1005730,in_yard,11,100000001230
GP,COSU1005738,in_yard,17.9,100000001238
GP,COSU1005746,in_yard,28.7,100000001246
GP,COSU1005754,in_yard,12.5,100000001254
GP,COSU1005762,in_yard,19.1,100000001262
GP,COSU1005770,in_yard,30.7,100000001270
GP,COSU1005778,in_yard,22.6,100000001278
DANGER,COSU1005786,in_yard,3.2,100000001286
RF,COSU1005794,in_yard,32.2,100000001294
GP,COSU1005802,in_yard,2.9,100000001302
RF,COSU1005810,in_yard,24.7,100000001310
GP,COSU1005818,in_yard,17.1,100000001318
GP,COSU1005826,in_yard,23.7,100000001326
GP,COSU1005834,in_yard,3.1,100000001334
GP,COSU1005842,in_yard,10.7,100000001342
GP,COSU1005850,in_yard,5,100000001350
RF,COSU1005858,in_yard,13.9,100000001358
RF,COSU1005866,in_yard,18.9,100000001366
RF,COSU1005874,in_yard,11.5,100000001374
RF,COSU1005882,in_yard,29.2,100000001382
RF,COSU1005890,in_yard,32.2,100000001390
DANGER,COSU1005898,in_yard,28.7,100000001398
GP,COSU1005906,in_yard,2.7,100000001406
RF,COSU1005914,in_yard,10.5,100000001414
GP,COSU1005922,in_yard,4.4,100000001422
DANGER,COSU1005930,in_yard,28.2,100000001430
GP,COSU1005938,in_yard,7.1,100000001438
RF,COSU1005946,in_yard,15.2,100000001446
DANGER,COSU1005954,in_yard,32.5,100000001454
GP,COSU1005962,in_yard,21.7,100000001462
GP,COSU1005970,in_yard,12.6,100000001470
GP,COSU1005978,in_yard,16.1,100000001478
GP,COSU1005986,in_yard,8.2,100000001486
GP,COSU1005994,in_yard,31,100000001494
RF,COSU1006002,in_yard,12,100000000002
GP,COSU1006010,in_yard,23.3,100000000010
DANGER,COSU1006018,in_yard,25.2,100000000018
GP,COSU1006026,in_yard,30.5,100000000026
DANGER,COSU1006034,in_yard,15,100000000034
DANGER,COSU1006042,in_yard,17.9,100000000042
RF,COSU1006050,in_yard,13.4,100000000050
RF,COSU1006058,in_yard,15.6,100000000058
RF,COSU1006066,in_yard,18.4,100000000066
GP,COSU1006074,in_yard,27.9,100000000074
GP,COSU1006082,in_yard,32.4,100000000082
GP,COSU1006090,in_yard,25.2,100000000090
GP,COSU1006098,in_yard,32.1,100000000098
DANGER,COSU1006106,in_yard,8.2,100000000106
GP,COSU1006114,in_yard,16.3,100000000114
GP,COSU1006122,in_yard,12.4,100000000122
GP,COSU1006130,in_yard,22.6,100000000130
GP,COSU1006138,in_yard,17.1,100000000138
RF,COSU1006146,in_yard,24.5,100000000146
DANGER,COSU1006154,in_yard,24.1,100000000154
RF,COSU1006162,in_yard,25.9,100000000162
GP,COSU1006170,in_yard,9.3,100000000170
DANGER,COSU1006178,in_yard,13.2,100000000178
RF,COSU1006186,in_yard,17.6,100000000186
GP,COSU1006194,in_yard,16.9,100000000194
GP,COSU1006202,in_yard,17.2,100000000202
GP,COSU1006210,in_yard,15.7,100000000210
GP,COSU1006218,in_yard,27.6,100000000218
GP,COSU1006226,in_yard,27.1,100000000226
GP,COSU1006234,in_yard,21.7,100000000234
GP,COSU1006242,in_yard,26.4,100000000242
GP,COSU1006250,in_yard,19.5,100000000250
RF,COSU1006258,in_yard,23.4,100000000258
RF,COSU1006266,in_yard,24.7,100000000266
GP,COSU1006274,in_yard,10.3,100000000274
RF,COSU1006282,in_yard,27.9,100000000282
GP,COSU1006290,in_yard,23.7,100000000290
RF,COSU1006298,in_yard,11.4,100000000298
GP,COSU1006306,in_yard,22.1,100000000306
RF,COSU1006314,in_yard,14.2,100000000314
GP,COSU1006322,in_yard,16.6,100000000322
GP,COSU1006330,in_yard,5.7,100000000330
RF,COSU1006338,in_yard,30.8,100000000338
GP,COSU1006346,in_yard,21.3,100000000346
GP,COSU1006354,in_yard,16,100000000354
GP,COSU1006362,in_yard,22.7,100000000362
GP,COSU1006370,in_yard,22.6,100000000370
GP,COSU1006378,in_yard,32.4,100000000378
GP,COSU1006386,in_yard,14.7,100000000386
GP,COSU1006394,in_yard,8.5,100000000394
GP,COSU1006402,in_yard,9,100000000402
GP,COSU1006410,in_yard,30.1,100000000410
GP,COSU1006418,in_yard,22.4,100000000418
RF,COSU1006426,in_yard,30.1,100000000426
RF,COSU1006434,in_yard,28.3,100000000434
GP,COSU1006442,in_yard,5.9,100000000442
GP,COSU1006450,in_yard,9.9,100000000450
RF,COSU1006458,in_yard,3.4,100000000458
GP,COSU1006466,in_yard,31.7,100000000466
RF,COSU1006474,in_yard,20.5,100000000474
GP,COSU1006482,in_yard,17.2,100000000482
RF,COSU1006490,in_yard,25.6,100000000490
GP,COSU1006498,in_yard,31.4,100000000498
GP,COSU1006506,in_yard,17.4,100000000506
RF,COSU1006514,in_yard,6.8,100000000514
RF,COSU1006522,in_yard,12.7,100000000522
GP,COSU1006530,in_yard,30.7,100000000530
GP,COSU1006538,in_yard,18.9,100000000538
GP,COSU1006546,in_yard,18.5,100000000546
DANGER,COSU1006554,in_yard,5.6,100000000554
GP,COSU1006562,in_yard,24.1,100000000562
GP,COSU1006570,in_yard,28.8,100000000570
RF,COSU1006578,in_yard,19.3,100000000578
GP,COSU1006586,in_yard,6.6,100000000586
GP,COSU1006594,in_yard,6.6,100000000594
GP,COSU1006602,in_yard,21.6,100000000602
DANGER,COSU1006610,in_yard,22.8,100000000610
RF,COSU1006618,in_yard,22.6,100000000618
GP,COSU1006626,in_yard,2.7,100000000626
GP,COSU1006634,in_yard,14.7,100000000634
GP,COSU1006642,in_yard,17.8,100000000642
GP,COSU1006650,in_yard,29.5,100000000650
GP,COSU1006658,in_yard,11.6,100000000658
GP,COSU1006666,in_yard,16.7,100000000666
GP,COSU1006674,in_yard,22.2,100000000674
RF,COSU1006682,in_yard,12.5,100000000682
GP,COSU1006690,in_yard,23.7,100000000690
RF,COSU1006698,in_yard,23.3,100000000698
GP,COSU1006706,in_yard,28.7,100000000706
GP,COSU1006714,in_yard,25.6,100000000714
GP,COSU1006722,in_yard,12,100000000722
RF,COSU1006730,in_yard,4.6,100000000730
GP,COSU1006738,in_yard,17.1,100000000738
RF,COSU1006746,in_yard,27.8,100000000746
GP,COSU1006754,in_yard,23.1,100000000754
GP,COSU1006762,in_yard,20.7,100000000762
GP,COSU1006770,in_yard,14.1,100000000770
DANGER,COSU1006778,in_yard,17.2,100000000778
GP,COSU1006786,in_yard,30.2,100000000786
RF,COSU1006794,in_yard,11.7,100000000794
RF,COSU1006802,in_yard,29.7,100000000802
DANGER,COSU1006810,in_yard,8.8,100000000810
RF,COSU1006818,in_yard,23.4,100000000818
GP,COSU1006826,in_yard,29.4,100000000826
GP,COSU1006834,in_yard,26.4,100000000834
GP,COSU1006842,in_yard,30.7,100000000842
RF,COSU1006850,in_yard,32.2,100000000850
GP,COSU1006858,in_yard,26.1,100000000858
RF,COSU1006866,in_yard,22.3,100000000866
GP,COSU1006874,in_yard,7.7,100000000874
RF,COSU1006882,in_yard,16.7,100000000882
GP,COSU1006890,in_yard,19.5,100000000890
GP,COSU1006898,in_yard,5.9,100000000898
RF,COSU1006906,in_yard,28.1,100000000906
GP,COSU1006914,in_yard,10.4,100000000914
GP,COSU1006922,in_yard,18.1,100000000922
RF,COSU1006930,in_yard,21.2,100000000930
GP,COSU1006938,in_yard,16.8,100000000938
GP,COSU1006946,in_yard,3.4,100000000946
GP,COSU1006954,in_yard,13.5,100000000954
RF,COSU1006962,in_yard,4.8,100000000962
GP,COSU1006970,in_yard,31.9,100000000970
GP,COSU1006978,in_yard,25.2,100000000978
GP,COSU1006986,in_yard,10.1,100000000986
GP,COSU1006994,in_yard,26.7,100000000994
RF,COSU1007002,in_yard,32.5,100000001002
GP,COSU1007010,in_yard,5.8,100000001010
RF,COSU1007018,in_yard,3.4,100000001018
GP,COSU1007026,in_yard,19.5,100000001026
GP,COSU1007034,in_yard,12.3,100000001034
RF,COSU1007042,in_yard,4.7,100000001042
RF,COSU1007050,in_yard,28.3,100000001050
RF,COSU1007058,in_yard,27.1,100000001058
RF,COSU1007066,in_yard,16.7,100000001066
GP,COSU1007074,in_yard,16.1,100000001074
DANGER,COSU1007082,in_yard,15.8,100000001082
RF,COSU1007090,in_yard,12.1,100000001090
GP,COSU1007098,in_yard,21.7,100000001098
RF,COSU1007106,in_yard,9.3,100000001106
GP,COSU1007114,in_yard,4.8,100000001114
GP,COSU1007122,in_yard,18.6,100000001122
GP,COSU1007130,in_yard,4.1,100000001130
RF,COSU1007138,in_yard,4.6,100000001138
RF,COSU1007146,in_yard,16.8,100000001146
GP,COSU1007154,in_yard,9,100000001154
RF,COSU1007162,in_yard,22.2,100000001162
DANGER,COSU1007170,in_yard,31.3,100000001170
GP,COSU1007178,in_yard,30.3,100000001178
GP,COSU1007186,in_yard,23.4,100000001186
RF,COSU1007194,in_yard,8.8,100000001194
GP,COSU1007202,in_yard,23.7,100000001202
RF,COSU1007210,in_yard,2.6,100000001210
GP,COSU1007218,in_yard,2.5,100000001218
GP,COSU1007226,in_yard,14.2,100000001226
GP,COSU1007234,in_yard,6.9,100000001234
GP,COSU1007242,in_yard,2.6,100000001242
GP,COSU1007250,in_yard,12,100000001250
GP,COSU1007258,in_yard,31.3,100000001258
GP,COSU1007266,in_yard,5.4,100000001266
GP,COSU1007274,in_yard,21.7,100000001274
GP,COSU1007282,in_yard,22.9,100000001282
GP,COSU1007290,in_yard,19.9,100000001290
RF,COSU1007298,in_yard,18.4,100000001298
GP,COSU1007306,in_yard,8.3,100000001306
RF,COSU1007314,in_yard,10.7,100000001314
GP,COSU1007322,in_yard,3.4,100000001322
GP,COSU1007330,in_yard,6.2,100000001330
GP,COSU1007338,in_yard,18.2,100000001338
GP,COSU1007346,in_yard,28.3,100000001346
GP,COSU1007354,in_yard,5.7,100000001354
GP,COSU1007362,in_yard,32.2,100000001362
DANGER,COSU1007370,in_yard,17.7,100000001370
GP,COSU1007378,in_yard,3.4,100000001378
DANGER,COSU1007386,in_yard,11.8,100000001386
RF,COSU1007394,in_yard,22.4,100000001394
GP,COSU1007402,in_yard,6.4,100000001402
GP,COSU1007410,in_yard,19.1,100000001410
RF,COSU1007418,in_yard,23.9,100000001418
RF,COSU1007426,in_yard,14.3,100000001426
GP,COSU1007434,in_yard,18.9,100000001434
RF,COSU1007442,in_yard,29,100000001442
DANGER,COSU1007450,in_yard,22.8,100000001450
GP,COSU1007458,in_yard,20.2,100000001458
RF,COSU1007466,in_yard,20.7,100000001466
GP,COSU1007474,in_yard,21.7,100000001474
GP,COSU1007482,in_yard,10.6,100000001482
GP,COSU1007490,in_yard,17.3,100000001490
RF,COSU1007498,in_yard,12.3,100000001498
RF,COSU1007506,in_yard,11.2,100000000006
GP,COSU1007514,in_yard,28.4,100000000014
GP,COSU1007522,in_yard,21.9,100000000022
GP,COSU1007530,in_yard,19.3,100000000030
GP,COSU1007538,in_yard,24.3,100000000038
GP,COSU1007546,in_yard,18.2,100000000046
RF,COSU1007554,in_yard,7.2,100000000054
GP,COSU1007562,in_yard,20.2,100000000062
GP,COSU1007570,in_yard,6.5,100000000070
GP,COSU1007578,in_yard,25,100000000078
RF,COSU1007586,in_yard,23.8,100000000086
GP,COSU1007594,in_yard,32.5,100000000094
GP,COSU1007602,in_yard,23,100000000102
GP,COSU1007610,in_yard,16.9,100000000110
GP,COSU1007618,in_yard,10.6,100000000118
GP,COSU1007626,in_yard,4.7,100000000126
RF,COSU1007634,in_yard,15.2,100000000134
GP,COSU1007642,in_yard,4.9,100000000142
GP,COSU1007650,in_yard,18.1,100000000150
RF,COSU1007658,in_yard,22.6,100000000158
GP,COSU1007666,in_yard,14.2,100000000166
DANGER,COSU1007674,in_yard,25.1,100000000174
DANGER,COSU1007682,in_yard,19.5,100000000182
GP,COSU1007690,in_yard,26.4,100000000190
DANGER,COSU1007698,in_yard,29.7,100000000198
GP,COSU1007706,in_yard,28.5,100000000206
GP,COSU1007714,in_yard,31.2,100000000214
GP,COSU1007722,in_yard,11.8,100000000222
GP,COSU1007730,in_yard,28.4,100000000230
DANGER,COSU1007738,in_yard,13,100000000238
GP,COSU1007746,in_yard,26.2,100000000246
GP,COSU1007754,in_yard,13.2,100000000254
GP,COSU1007762,in_yard,16.1,100000000262
GP,COSU1007770,in_yard,23.8,100000000270
GP,COSU1007778,in_yard,29.3,100000000278
RF,COSU1007786,in_yard,26.4,100000000286
GP,COSU1007794,in_yard,19.5,100000000294
GP,COSU1007802,in_yard,2.9,100000000302
GP,COSU1007810,in_yard,5.2,100000000310
RF,COSU1007818,in_yard,25.7,100000000318
GP,COSU1007826,in_yard,22.6,100000000326
DANGER,COSU1007834,in_yard,21.4,100000000334
GP,COSU1007842,in_yard,4.5,100000000342
DANGER,COSU1007850,in_yard,2.7,100000000350
GP,COSU1007858,in_yard,22.1,100000000358
RF,COSU1007866,in_yard,21.2,100000000366
GP,COSU1007874,in_yard,30.6,100000000374
GP,COSU1007882,in_yard,26,100000000382
GP,COSU1007890,in_yard,23.8,100000000390
GP,COSU1007898,in_yard,13.3,100000000398
RF,COSU1007906,in_yard,13.5,100000000406
GP,COSU1007914,in_yard,27.1,100000000414
GP,COSU1007922,in_yard,24.4,100000000422
DANGER,COSU1007930,in_yard,29.9,100000000430
RF,COSU1007938,in_yard,12.7,100000000438
GP,COSU1007946,in_yard,10.4,100000000446
DANGER,COSU1007954,in_yard,7.7,100000000454
GP,COSU1007962,in_yard,21.9,100000000462
GP,COSU1007970,in_yard,22.4,100000000470
GP,COSU1007978,in_yard,31.8,100000000478
DANGER,COSU1007986,in_yard,22.5,100000000486
DANGER,COSU1007994,in_yard,25.5,100000000494
GP,COSU1008002,in_yard,7.8,100000000502
DANGER,COSU1008010,in_yard,31.4,100000000510
GP,MAEU1000001,in_yard,17.7,100000000001
GP,MAEU1000009,in_yard,29.3,100000000009
GP,MAEU1000017,in_yard,31.6,100000000017
GP,MAEU1000025,in_yard,13.6,100000000025
RF,MAEU1000033,in_yard,32.2,100000000033
GP,MAEU1000041,in_yard,10.9,100000000041
GP,MAEU1000049,in_yard,6.4,100000000049
GP,MAEU1000057,in_yard,4.9,100000000057
GP,MAEU1000065,in_yard,3.3,100000000065
GP,MAEU1000073,in_yard,7.4,100000000073
GP,MAEU1000081,in_yard,31.7,100000000081
GP,MAEU1000089,in_yard,24,100000000089
GP,MAEU1000097,in_yard,7.8,100000000097
GP,MAEU1000105,in_yard,28.2,100000000105
GP,MAEU1000113,in_yard,14.2,100000000113
GP,MAEU1000121,in_yard,13.1,100000000121
GP,MAEU1000129,in_yard,10.7,100000000129
GP,MAEU1000137,in_yard,17.8,100000000137
RF,MAEU1000145,in_yard,15.7,100000000145
GP,MAEU1000153,in_yard,31.1,100000000153
GP,MAEU1000161,in_yard,28.5,100000000161
RF,MAEU1000169,in_yard,23.7,100000000169
RF,MAEU1000177,in_yard,20.8,100000000177
RF,MAEU1000185,in_yard,16,100000000185
GP,MAEU1000193,in_yard,22.1,100000000193
RF,MAEU1000201,in_yard,8.3,100000000201
GP,MAEU1000209,in_yard,13.4,100000000209
GP,MAEU1000217,in_yard,8.8,100000000217
GP,MAEU1000225,in_yard,7.8,100000000225
RF,MAEU1000233,in_yard,27.4,100000000233
DANGER,MAEU1000241,in_yard,8.2,100000000241
GP,MAEU1000249,in_yard,29.7,100000000249
GP,MAEU1000257,in_yard,11.2,100000000257
RF,MAEU1000265,in_yard,13.2,100000000265
DANGER,MAEU1000273,in_yard,7,100000000273
RF,MAEU1000281,in_yard,25.4,100000000281
GP,MAEU1000289,in_yard,14.2,100000000289
DANGER,MAEU1000297,in_yard,17.4,100000000297
GP,MAEU1000305,in_yard,6.6,100000000305
GP,MAEU1000313,in_yard,20,100000000313
RF,MAEU1000321,in_yard,12.2,100000000321
RF,MAEU1000329,in_yard,6.3,100000000329
GP,MAEU1000337,in_yard,4.6,100000000337
DANGER,MAEU1000345,in_yard,24.7,100000000345
GP,MAEU1000353,in_yard,21.5,100000000353
GP,MAEU1000361,in_yard,31.7,100000000361
RF,MAEU1000369,in_yard,19.9,100000000369
GP,MAEU1000377,in_yard,29.3,100000000377
GP,MAEU1000385,in_yard,7.2,100000000385
RF,MAEU1000393,in_yard,29.8,100000000393
GP,MAEU1000401,in_yard,6.2,100000000401
GP,MAEU1000409,in_yard,14.8,100000000409
GP,MAEU1000417,in_yard,7.6,100000000417
GP,MAEU1000425,in_yard,14.2,100000000425
GP,MAEU1000433,in_yard,30.2,100000000433
GP,MAEU1000441,in_yard,5.3,100000000441
GP,MAEU1000449,in_yard,26.2,100000000449
GP,MAEU1000457,in_yard,19.5,100000000457
GP,MAEU1000465,in_yard,19.7,100000000465
RF,MAEU1000473,in_yard,3.8,100000000473
GP,MAEU1000481,in_yard,6.8,100000000481
GP,MAEU1000489,in_yard,3.1,100000000489
GP,MAEU1000497,in_yard,11.4,100000000497
GP,MAEU1000505,in_yard,8.3,100000000505
RF,MAEU1000513,in_yard,17.1,100000000513
RF,MAEU1000521,in_yard,21.7,100000000521
RF,MAEU1000529,in_yard,19.1,100000000529
GP,MAEU1000537,in_yard,21.7,100000000537
GP,MAEU1000545,in_yard,27,100000000545
RF,MAEU1000553,in_yard,32.5,100000000553
RF,MAEU1000561,in_yard,31.7,100000000561
GP,MAEU1000569,in_yard,16.1,100000000569
GP,MAEU1000577,in_yard,14,100000000577
RF,MAEU1000585,in_yard,10.2,100000000585
GP,MAEU1000593,in_yard,16.7,100000000593
GP,MAEU1000601,in_yard,20.5,100000000601
GP,MAEU1000609,in_yard,16.3,100000000609
DANGER,MAEU1000617,in_yard,24.4,100000000617
GP,MAEU1000625,in_yard,31,100000000625
GP,MAEU1000633,in_yard,6.9,100000000633
GP,MAEU1000641,in_yard,29.1,100000000641
GP,MAEU1000649,in_yard,15.2,100000000649
GP,MAEU1000657,in_yard,16.3,100000000657
GP,MAEU1000665,in_yard,4.2,100000000665
GP,MAEU1000673,in_yard,4.5,100000000673
GP,MAEU1000681,in_yard,4.5,100000000681
GP,MAEU1000689,in_yard,21.4,100000000689
GP,MAEU1000697,in_yard,14.6,100000000697
GP,MAEU1000705,in_yard,32.2,100000000705
RF,MAEU1000713,in_yard,18.7,100000000713
RF,MAEU1000721,in_yard,22,100000000721
RF,MAEU1000729,in_yard,11,100000000729
RF,MAEU1000737,in_yard,30,100000000737
GP,MAEU1000745,in_yard,19.3,100000000745
RF,MAEU1000753,in_yard,6.9,100000000753
GP,MAEU1000761,in_yard,17.3,100000000761
DANGER,MAEU1000769,in_yard,31.4,100000000769
DANGER,MAEU1000777,in_yard,28.7,100000000777
RF,MAEU1000785,in_yard,11.9,100000000785
GP,MAEU1000793,in_yard,10.7,100000000793
GP,MAEU1000801,in_yard,14.5,100000000801
RF,MAEU1000809,in_yard,4.4,100000000809
RF,MAEU1000817,in_yard,21.6,100000000817
GP,MAEU1000825,in_yard,19.1,100000000825
GP,MAEU1000833,in_yard,4.7,100000000833
GP,MAEU1000841,in_yard,15.2,100000000841
GP,MAEU1000849,in_yard,15.8,100000000849
GP,MAEU1000857,in_yard,15.4,100000000857
RF,MAEU1000865,in_yard,18.3,100000000865
RF,MAEU1000873,in_yard,6.2,100000000873
GP,MAEU1000881,in_yard,13.3,100000000881
RF,MAEU1000889,in_yard,23.8,100000000889
RF,MAEU1000897,in_yard,16.3,100000000897
GP,MAEU1000905,in_yard,16.3,100000000905
GP,MAEU1000913,in_yard,20,100000000913
GP,MAEU1000921,in_yard,29.3,100000000921
GP,MAEU1000929,in_yard,15.1,100000000929
GP,MAEU1000937,in_yard,24.6,100000000937
RF,MAEU1000945,in_yard,20.4,100000000945
GP,MAEU1000953,in_yard,17.8,100000000953
GP,MAEU1000961,in_yard,14.1,100000000961
GP,MAEU1000969,in_yard,5.8,100000000969
DANGER,MAEU1000977,in_yard,24.4,100000000977
GP,MAEU1000985,in_yard,26.2,100000000985
GP,MAEU1000993,in_yard,21.4,100000000993
GP,MAEU1001001,in_yard,7.6,100000001001
GP,MAEU1001009,in_yard,16.7,100000001009
RF,MAEU1001017,in_yard,22.7,100000001017
RF,MAEU1001025,in_yard,32.2,100000001025
DANGER,MAEU1001033,in_yard,26.2,100000001033
DANGER,MAEU1001041,in_yard,7.1,100000001041
GP,MAEU1001049,in_yard,18.3,100000001049
GP,MAEU1001057,in_yard,2.8,100000001057
GP,MAEU1001065,in_yard,19.2,100000001065
GP,MAEU1001073,in_yard,10.3,100000001073
RF,MAEU1001081,in_yard,29,100000001081
GP,MAEU1001089,in_yard,14.4,100000001089
GP,MAEU1001097,in_yard,21.2,100000001097
GP,MAEU1001105,in_yard,32.1,100000001105
RF,MAEU1001113,in_yard,5.5,100000001113
GP,MAEU1001121,in_yard,27.5,100000001121
GP,MAEU1001129,in_yard,11.5,100000001129
DANGER,MAEU1001137,in_yard,31.2,100000001137
RF,MAEU1001145,in_yard,32.3,100000001145
DANGER,MAEU1001153,in_yard,3,100000001153
RF,MAEU1001161,in_yard,20.7,100000001161
GP,MAEU1001169,in_yard,17.3,100000001169
GP,MAEU1001177,in_yard,26,100000001177
RF,MAEU1001185,in_yard,17.6,100000001185
RF,MAEU1001193,in_yard,14.5,100000001193
GP,MAEU1001201,in_yard,31.3,100000001201
DANGER,MAEU1001209,in_yard,10.7,100000001209
RF,MAEU1001217,in_yard,32.1,100000001217
RF,MAEU1001225,in_yard,11.1,100000001225
RF,MAEU1001233,in_yard,27,100000001233
GP,MAEU1001241,in_yard,27.7,100000001241
GP,MAEU1001249,in_yard,28.9,100000001249
GP,MAEU1001257,in_yard,32.2,100000001257
GP,MAEU1001265,in_yard,18.9,100000001265
RF,MAEU1001273,in_yard,2.5,100000001273
GP,MAEU1001281,in_yard,11.3,100000001281
GP,MAEU1001289,in_yard,22.3,100000001289
GP,MAEU1001297,in_yard,8.9,100000001297
GP,MAEU1001305,in_yard,10.5,100000001305
GP,MAEU1001313,in_yard,17.7,100000001313
RF,MAEU1001321,in_yard,20.7,100000001321
GP,MAEU1001329,in_yard,19.8,100000001329
GP,MAEU1001337,in_yard,15.6,100000001337
DANGER,MAEU1001345,in_yard,17.1,100000001345
RF,MAEU1001353,in_yard,28.1,100000001353
GP,MAEU1001361,in_yard,27.3,100000001361
GP,MAEU1001369,in_yard,20.8,100000001369
GP,MAEU1001377,in_yard,17.9,100000001377
RF,MAEU1001385,in_yard,6,100000001385
GP,MAEU1001393,in_yard,20.2,100000001393
RF,MAEU1001401,in_yard,20,100000001401
GP,MAEU1001409,in_yard,19.3,100000001409
DANGER,MAEU1001417,in_yard,10.8,100000001417
RF,MAEU1001425,in_yard,4.2,100000001425
GP,MAEU1001433,in_yard,28.4,100000001433
GP,MAEU1001441,in_yard,29.6,100000001441
GP,MAEU1001449,in_yard,30.2,100000001449
RF,MAEU1001457,in_yard,24.1,100000001457
RF,MAEU1001465,in_yard,27.7,100000001465
RF,MAEU1001473,in_yard,22,100000001473
DANGER,MAEU1001481,in_yard,30.4,100000001481
RF,MAEU1001489,in_yard,29.6,100000001489
GP,MAEU1001497,in_yard,7.2,100000001497
GP,MAEU1001505,in_yard,4.6,100000000005
GP,MAEU1001513,in_yard,7.1,100000000013
GP,MAEU1001521,in_yard,5.3,100000000021
DANGER,MAEU1001529,in_yard,12.8,100000000029
DANGER,MAEU1001537,in_yard,7.1,100000000037
GP,MAEU1001545,in_yard,8.7,100000000045
GP,MAEU1001553,in_yard,17.3,100000000053
RF,MAEU1001561,in_yard,25.5,100000000061
GP,MAEU1001569,in_yard,7.3,100000000069
GP,MAEU1001577,in_yard,31,100000000077
GP,MAEU1001585,in_yard,28.2,100000000085
GP,MAEU1001593,in_yard,9.2,100000000093
GP,MAEU1001601,in_yard,8.8,100000000101
RF,MAEU1001609,in_yard,10.1,100000000109
GP,MAEU1001617,in_yard,9.6,100000000117
GP,MAEU1001625,in_yard,31.2,100000000125
GP,MAEU1001633,in_yard,15.6,100000000133
GP,MAEU1001641,in_yard,19.7,100000000141
GP,MAEU1001649,in_yard,14.6,100000000149
RF,MAEU1001657,in_yard,29.2,100000000157
DANGER,MAEU1001665,in_yard,31.1,100000000165
RF,MAEU1001673,in_yard,8.4,100000000173
GP,MAEU1001681,in_yard,14.7,100000000181
GP,MAEU1001689,in_yard,32.3,100000000189
GP,MAEU1001697,in_yard,3.3,100000000197
GP,MAEU1001705,in_yard,11.4,100000000205
GP,MAEU1001713,in_yard,24.6,100000000213
GP,MAEU1001721,in_yard,8.5,100000000221
GP,MAEU1001729,in_yard,17.8,100000000229
RF,MAEU1001737,in_yard,11.6,100000000237
DANGER,MAEU1001745,in_yard,28.2,100000000245
RF,MAEU1001753,in_yard,28.9,100000000253
GP,MAEU1001761,in_yard,4.7,100000000261
GP,MAEU1001769,in_yard,14.3,100000000269
RF,MAEU1001777,in_yard,10.2,100000000277
DANGER,MAEU1001785,in_yard,23.4,100000000285
GP,MAEU1001793,in_yard,15.3,100000000293
GP,MAEU1001801,in_yard,23.9,100000000301
GP,MAEU1001809,in_yard,6.3,100000000309
GP,MAEU1001817,in_yard,29,100000000317
RF,MAEU1001825,in_yard,27.7,100000000325
RF,MAEU1001833,in_yard,24,100000000333
GP,MAEU1001841,in_yard,31.4,100000000341
GP,MAEU1001849,in_yard,13.8,100000000349
GP,MAEU1001857,in_yard,19.4,100000000357
GP,MAEU1001865,in_yard,23.2,100000000365
RF,MAEU1001873,in_yard,9.2,100000000373
GP,MAEU1001881,in_yard,10.6,100000000381
GP,MAEU1001889,in_yard,20.4,100000000389
GP,MAEU1001897,in_yard,26.8,100000000397
GP,MAEU1001905,in_yard,10.3,100000000405
RF,MAEU1001913,in_yard,17.7,100000000413
GP,MAEU1001921,in_yard,8.1,100000000421
RF,MAEU1001929,in_yard,13.4,100000000429
RF,MAEU1001937,in_yard,14.7,100000000437
RF,MAEU1001945,in_yard,11.9,100000000445
GP,MAEU1001953,in_yard,20.8,100000000453
RF,MAEU1001961,in_yard,26.7,100000000461
RF,MAEU1001969,in_yard,6.9,100000000469
GP,MAEU1001977,in_yard,13.3,100000000477
DANGER,MAEU1001985,in_yard,19.6,100000000485
RF,MAEU1001993,in_yard,6.9,100000000493
GP,MAEU1002001,in_yard,26.9,100000000501
GP,MAEU1002009,in_yard,2.7,100000000509
RF,MAEU1002017,in_yard,24.9,100000000517
DANGER,MAEU1002025,in_yard,27.7,100000000525
RF,MAEU1002033,in_yard,3.3,100000000533
GP,MAEU1002041,in_yard,4.4,100000000541
DANGER,MAEU1002049,in_yard,31.9,100000000549
GP,MAEU1002057,in_yard,29.5,100000000557
RF,MAEU1002065,in_yard,28,100000000565
GP,MAEU1002073,in_yard,21.2,100000000573
GP,MAEU1002081,in_yard,22.8,100000000581
GP,MAEU1002089,in_yard,3.8,100000000589
GP,MAEU1002097,in_yard,3.5,100000000597
DANGER,MAEU1002105,in_yard,25.2,100000000605
GP,MAEU1002113,in_yard,18.9,100000000613
GP,MAEU1002121,in_yard,7.1,100000000621
GP,MAEU1002129,in_yard,17.7,100000000629
GP,MAEU1002137,in_yard,19.4,100000000637
GP,MAEU1002145,in_yard,6.4,100000000645
RF,MAEU1002153,in_yard,27.2,100000000653
RF,MAEU1002161,in_yard,11.4,100000000661
RF,MAEU1002169,in_yard,23.7,100000000669
DANGER,MAEU1002177,in_yard,14.7,100000000677
GP,MAEU1002185,in_yard,30.1,100000000685
GP,MAEU1002193,in_yard,8.3,100000000693
GP,MAEU1002201,in_yard,23.2,100000000701
RF,MAEU1002209,in_yard,21.9,100000000709
GP,MAEU1002217,in_yard,7.6,100000000717
GP,MAEU1002225,in_yard,31.2,100000000725
GP,MAEU1002233,in_yard,7.8,100000000733
GP,MAEU1002241,in_yard,27.4,100000000741
GP,MAEU1002249,in_yard,16.2,100000000749
GP,MAEU1002257,in_yard,29.8,100000000757
DANGER,MAEU1002265,in_yard,18.8,100000000765
GP,MAEU1002273,in_yard,13.3,100000000773
RF,MAEU1002281,in_yard,17.4,100000000781
GP,MAEU1002289,in_yard,14.8,100000000789
GP,MAEU1002297,in_yard,11.8,100000000797
RF,MAEU1002305,in_yard,4.9,100000000805
RF,MAEU1002313,in_yard,3.6,100000000813
GP,MAEU1002321,in_yard,30.2,100000000821
DANGER,MAEU1002329,in_yard,32.1,100000000829
DANGER,MAEU1002337,in_yard,14.6,100000000837
GP,MAEU1002345,in_yard,26.4,100000000845
GP,MAEU1002353,in_yard,26.4,100000000853
DANGER,MAEU1002361,in_yard,13.5,100000000861
GP,MAEU1002369,in_yard,7.3,100000000869
RF,MAEU1002377,in_yard,22.2,100000000877
DANGER,MAEU1002385,in_yard,13.3,100000000885
RF,MAEU1002393,in_yard,19.2,100000000893
GP,MAEU1002401,in_yard,29.7,100000000901
GP,MAEU1002409,in_yard,12.6,100000000909
GP,MAEU1002417,in_yard,9.8,100000000917
DANGER,MAEU1002425,in_yard,17,100000000925
DANGER,MAEU1002433,in_yard,20.8,100000000933
GP,MAEU1002441,in_yard,28.3,100000000941
RF,MAEU1002449,in_yard,21.5,100000000949
GP,MAEU1002457,in_yard,10.1,100000000957
GP,MAEU1002465,in_yard,10.8,100000000965
DANGER,MAEU1002473,in_yard,18.4,100000000973
RF,MAEU1002481,in_yard,7.2,100000000981
RF,MAEU1002489,in_yard,26.4,100000000989
GP,MAEU1002497,in_yard,11.1,100000000997
RF,MAEU1002505,in_yard,17.6,100000001005
RF,MAEU1002513,in_yard,28.8,100000001013
RF,MAEU1002521,in_yard,12.8,100000001021
GP,MAEU1002529,in_yard,21.9,100000001029
RF,MAEU1002537,in_yard,9.3,100000001037
RF,MAEU1002545,in_yard,14.6,100000001045
DANGER,MAEU1002553,in_yard,23.6,100000001053
GP,MAEU1002561,in_yard,16.4,100000001061
GP,MAEU1002569,in_yard,28.2,100000001069
RF,MAEU1002577,in_yard,4.8,100000001077
RF,MAEU1002585,in_yard,5.5,100000001085
GP,MAEU1002593,in_yard,7,100000001093
GP,MAEU1002601,in_yard,31.8,100000001101
RF,MAEU1002609,in_yard,18.1,100000001109
GP,MAEU1002617,in_yard,8.7,100000001117
GP,MAEU1002625,in_yard,18.8,100000001125
RF,MAEU1002633,in_yard,12.3,100000001133
GP,MAEU1002641,in_yard,26.1,100000001141
GP,MAEU1002649,in_yard,18.1,100000001149
GP,MAEU1002657,in_yard,4.1,100000001157
RF,MAEU1002665,in_yard,25.6,100000001165
GP,MAEU1002673,in_yard,17.6,100000001173
DANGER,MAEU1002681,in_yard,23.8,100000001181
RF,MAEU1002689,in_yard,18.2,100000001189
GP,MAEU1002697,in_yard,3.9,100000001197
RF,MAEU1002705,in_yard,28.3,100000001205
GP,MAEU1002713,in_yard,2.6,100000001213
GP,MAEU1002721,in_yard,17.4,100000001221
DANGER,MAEU1002729,in_yard,24.8,100000001229
DANGER,MAEU1002737,in_yard,21.2,100000001237
GP,MAEU1002745,in_yard,8.8,100000001245
GP,MAEU1002753,in_yard,26.8,100000001253
GP,MAEU1002761,in_yard,2.8,100000001261
GP,MAEU1002769,in_yard,23.7,100000001269
GP,MAEU1002777,in_yard,23.2,100000001277
DANGER,MAEU1002785,in_yard,24.7,100000001285
RF,MAEU1002793,in_yard,11.5,100000001293
GP,MAEU1002801,in_yard,2.7,100000001301
DANGER,MAEU1002809,in_yard,5.8,100000001309
GP,MAEU1002817,in_yard,14.5,100000001317
RF,MAEU1002825,in_yard,21.4,100000001325
DANGER,MAEU1002833,in_yard,20.2,100000001333
GP,MAEU1002841,in_yard,23.7,100000001341
GP,MAEU1002849,in_yard,4.2,100000001349
RF,MAEU1002857,in_yard,19.9,100000001357
GP,MAEU1002865,in_yard,4.6,100000001365
GP,MAEU1002873,in_yard,14.8,100000001373
GP,MAEU1002881,in_yard,19.3,100000001381
GP,MAEU1002889,in_yard,3.4,100000001389
GP,MAEU1002897,in_yard,17.8,100000001397
GP,MAEU1002905,in_yard,12.2,100000001405
GP,MAEU1002913,in_yard,15.8,100000001413
RF,MAEU1002921,in_yard,23.7,100000001421
GP,MAEU1002929,in_yard,22.6,100000001429
DANGER,MAEU1002937,in_yard,13.9,100000001437
GP,MAEU1002945,in_yard,19.3,100000001445
DANGER,MAEU1002953,in_yard,17,100000001453
RF,MAEU1002961,in_yard,28.8,100000001461
DANGER,MAEU1002969,in_yard,26.9,100000001469
RF,MAEU1002977,in_yard,11.7,100000001477
GP,MAEU1002985,in_yard,31.1,100000001485
GP,MAEU1002993,in_yard,12.8,100000001493
GP,MAEU1003001,in_yard,15.1,100000000001
GP,MAEU1003009,in_yard,18.5,100000000009
RF,MAEU1003017,in_yard,6.2,100000000017
GP,MAEU1003025,in_yard,22.8,100000000025
GP,MAEU1003033,in_yard,11.6,100000000033
GP,MAEU1003041,in_yard,21.8,100000000041
GP,MAEU1003049,in_yard,20.1,100000000049
RF,MAEU1003057,in_yard,9.3,100000000057
GP,MAEU1003065,in_yard,14.4,100000000065
GP,MAEU1003073,in_yard,25,100000000073
RF,MAEU1003081,in_yard,9.1,100000000081
GP,MAEU1003089,in_yard,8,100000000089
DANGER,MAEU1003097,in_yard,30.5,100000000097
DANGER,MAEU1003105,in_yard,28.1,100000000105
GP,MAEU1003113,in_yard,20.7,100000000113
RF,MAEU1003121,in_yard,16,100000000121
GP,MAEU1003129,in_yard,23.8,100000000129
GP,MAEU1003137,in_yard,8.6,100000000137
GP,MAEU1003145,in_yard,29.6,100000000145
DANGER,MAEU1003153,in_yard,26.8,100000000153
GP,MAEU1003161,in_yard,5.5,100000000161
GP,MAEU1003169,in_yard,4.7,100000000169
GP,MAEU1003177,in_yard,15,100000000177
GP,MAEU1003185,in_yard,7,100000000185
GP,MAEU1003193,in_yard,21.5,100000000193
RF,MAEU1003201,in_yard,15.7,100000000201
GP,MAEU1003209,in_yard,11.7,100000000209
GP,MAEU1003217,in_yard,18.7,100000000217
RF,MAEU1003225,in_yard,26.8,100000000225
RF,MAEU1003233,in_yard,19.7,100000000233
GP,MAEU1003241,in_yard,7.1,100000000241
GP,MAEU1003249,in_yard,20.4,100000000249
GP,MAEU1003257,in_yard,11.3,100000000257
RF,MAEU1003265,in_yard,16.1,100000000265
GP,MAEU1003273,in_yard,27.7,100000000273
GP,MAEU1003281,in_yard,17.9,100000000281
GP,MAEU1003289,in_yard,12.2,100000000289
RF,MAEU1003297,in_yard,13,100000000297
RF,MAEU1003305,in_yard,30.9,100000000305
GP,MAEU1003313,in_yard,4.1,100000000313
GP,MAEU1003321,in_yard,27.4,100000000321
GP,MAEU1003329,in_yard,13.8,100000000329
DANGER,MAEU1003337,in_yard,17.2,100000000337
RF,MAEU1003345,in_yard,6.5,100000000345
RF,MAEU1003353,in_yard,29.9,100000000353
GP,MAEU1003361,in_yard,26.7,100000000361
GP,MAEU1003369,in_yard,4.3,100000000369
GP,MAEU1003377,in_yard,22.3,100000000377
DANGER,MAEU1003385,in_yard,13.7,100000000385
DANGER,MAEU1003393,in_yard,21,100000000393
GP,MAEU1003401,in_yard,22.7,100000000401
RF,MAEU1003409,in_yard,18.7,100000000409
GP,MAEU1003417,in_yard,23.9,100000000417
GP,MAEU1003425,in_yard,4.8,100000000425
GP,MAEU1003433,in_yard,25.7,100000000433
RF,MAEU1003441,in_yard,18.7,100000000441
GP,MAEU1003449,in_yard,16.4,100000000449
GP,MAEU1003457,in_yard,7.5,100000000457
GP,MAEU1003465,in_yard,18,100000000465
RF,MAEU1003473,in_yard,28.2,100000000473
GP,MAEU1003481,in_yard,28.2,100000000481
RF,MAEU1003489,in_yard,11.3,100000000489
RF,MAEU1003497,in_yard,8.8,100000000497
RF,MAEU1003505,in_yard,5.7,100000000505
DANGER,MAEU1003513,in_yard,31.5,100000000513
GP,MAEU1003521,in_yard,15.6,100000000521
GP,MAEU1003529,in_yard,7,100000000529
GP,MAEU1003537,in_yard,13.1,100000000537
RF,MAEU1003545,in_yard,24.9,100000000545
RF,MAEU1003553,in_yard,28.5,100000000553
GP,MAEU1003561,in_yard,22,100000000561
GP,MAEU1003569,in_yard,13.2,100000000569
GP,MAEU1003577,in_yard,6.7,100000000577
GP,MAEU1003585,in_yard,19.2,100000000585
RF,MAEU1003593,in_yard,24,100000000593
GP,MAEU1003601,in_yard,11.7,100000000601
GP,MAEU1003609,in_yard,13.9,100000000609
GP,MAEU1003617,in_yard,26.1,100000000617
GP,MAEU1003625,in_yard,4.8,100000000625
GP,MAEU1003633,in_yard,23.3,100000000633
GP,MAEU1003641,in_yard,14.6,100000000641
GP,MAEU1003649,in_yard,22.3,100000000649
GP,MAEU1003657,in_yard,20.9,100000000657
RF,MAEU1003665,in_yard,23.7,100000000665
DANGER,MAEU1003673,in_yard,7.4,100000000673
GP,MAEU1003681,in_yard,12.1,100000000681
DANGER,MAEU1003689,in_yard,29.7,100000000689
GP,MAEU1003697,in_yard,5.7,100000000697
GP,MAEU1003705,in_yard,20.7,100000000705
GP,MAEU1003713,in_yard,28.9,100000000713
GP,MAEU1003721,in_yard,31.7,100000000721
RF,MAEU1003729,in_yard,31.3,100000000729
GP,MAEU1003737,in_yard,5.3,100000000737
GP,MAEU1003745,in_yard,24.9,100000000745
RF,MAEU1003753,in_yard,10.4,100000000753
GP,MAEU1003761,in_yard,2.9,100000000761
DANGER,MAEU1003769,in_yard,11.3,100000000769
GP,MAEU1003777,in_yard,21.1,100000000777
GP,MAEU1003785,in_yard,30.5,100000000785
GP,MAEU1003793,in_yard,8.5,100000000793
GP,MAEU1003801,in_yard,19.8,100000000801
GP,MAEU1003809,in_yard,8.1,100000000809
GP,MAEU1003817,in_yard,15.2,100000000817
GP,MAEU1003833,in_yard,20.6,100000000833
GP,MAEU1003841,in_yard,2.9,100000000841
GP,MAEU1003849,in_yard,25.3,100000000849
GP,MAEU1003857,in_yard,23.4,100000000857
GP,MAEU1003865,in_yard,20.7,100000000865
GP,MAEU1003873,in_yard,26.1,100000000873
GP,MAEU1003881,in_yard,18,100000000881
GP,MAEU1003889,in_yard,23.2,100000000889
GP,MAEU1003897,in_yard,18.2,100000000897
GP,MAEU1003905,in_yard,8.4,100000000905
DANGER,MAEU1003913,in_yard,20,100000000913
GP,MAEU1003921,in_yard,15.8,100000000921
GP,MAEU1003929,in_yard,20.2,100000000929
GP,MAEU1003937,in_yard,30.7,100000000937
DANGER,MAEU1003945,in_yard,22.9,100000000945
RF,MAEU1003953,in_yard,28.3,100000000953
GP,MAEU1003961,in_yard,16.5,100000000961
RF,MAEU1003969,in_yard,19.7,100000000969
GP,MAEU1003977,in_yard,27,100000000977
RF,MAEU1003985,in_yard,28,100000000985
RF,MAEU1003993,in_yard,18.2,100000000993
RF,MAEU1004001,in_yard,22,100000001001
GP,MAEU1004009,in_yard,11.8,100000001009
GP,MAEU1004017,in_yard,7.9,100000001017
RF,MAEU1004025,in_yard,19.3,100000001025
DANGER,MAEU1004033,in_yard,2.5,100000001033
GP,MAEU1004041,in_yard,11.9,100000001041
RF,MAEU1004049,in_yard,3.9,100000001049
GP,MAEU1004057,in_yard,22.8,100000001057
RF,MAEU1004065,in_yard,7.9,100000001065
GP,MAEU1004073,in_yard,14.8,100000001073
GP,MAEU1004081,in_yard,4.5,100000001081
GP,MAEU1004089,in_yard,30.7,100000001089
GP,MAEU1004097,in_yard,3.3,100000001097
RF,MAEU1004105,in_yard,21,100000001105
RF,MAEU1004113,in_yard,11.6,100000001113
GP,MAEU1004121,in_yard,16.1,100000001121
DANGER,MAEU1004129,in_yard,26.8,100000001129
GP,MAEU1004137,in_yard,14,100000001137
GP,MAEU1004145,in_yard,13.8,100000001145
GP,MAEU1004153,in_yard,28.8,100000001153
GP,MAEU1004161,in_yard,21.8,100000001161
RF,MAEU1004169,in_yard,24.3,100000001169
RF,MAEU1004177,in_yard,21,100000001177
GP,MAEU1004185,in_yard,24,100000001185
GP,MAEU1004193,in_yard,22.3,100000001193
GP,MAEU1004201,in_yard,9.3,100000001201
GP,MAEU1004209,in_yard,22,100000001209
GP,MAEU1004217,in_yard,25.6,100000001217
GP,MAEU1004225,in_yard,6,100000001225
RF,MAEU1004233,in_yard,29.8,100000001233
GP,MAEU1004241,in_yard,14.3,100000001241
RF,MAEU1004249,in_yard,2.5,100000001249
GP,MAEU1004257,in_yard,2.7,100000001257
GP,MAEU1004265,in_yard,8.8,100000001265
GP,MAEU1004273,in_yard,29,100000001273
GP,MAEU1004281,in_yard,17.1,100000001281
RF,MAEU1004289,in_yard,20.1,100000001289
GP,MAEU1004297,in_yard,11.3,100000001297
GP,MAEU1004305,in_yard,29.5,100000001305
RF,MAEU1004313,in_yard,11.9,100000001313
GP,MAEU1004321,in_yard,32.1,100000001321
GP,MAEU1004329,in_yard,20.7,100000001329
DANGER,MAEU1004337,in_yard,8.6,100000001337
GP,MAEU1004345,in_yard,11.2,100000001345
GP,MAEU1004353,in_yard,12,100000001353
GP,MAEU1004361,in_yard,11.3,100000001361
GP,MAEU1004369,in_yard,6.4,100000001369
RF,MAEU1004377,in_yard,30.1,100000001377
GP,MAEU1004385,in_yard,28.2,100000001385
GP,MAEU1004393,in_yard,22.8,100000001393
RF,MAEU1004401,in_yard,3.3,100000001401
GP,MAEU1004409,in_yard,20.3,100000001409
GP,MAEU1004417,in_yard,19.9,100000001417
GP,MAEU1004425,in_yard,25.5,100000001425
GP,MAEU1004433,in_yard,13.4,100000001433
GP,MAEU1004441,in_yard,31,100000001441
GP,MAEU1004449,in_yard,29.4,100000001449
RF,MAEU1004457,in_yard,15.1,100000001457
RF,MAEU1004465,in_yard,17,100000001465
GP,MAEU1004473,in_yard,18.1,100000001473
GP,MAEU1004481,in_yard,17.7,100000001481
DANGER,MAEU1004489,in_yard,9.9,100000001489
RF,MAEU1004497,in_yard,24.2,100000001497
GP,MAEU1004505,in_yard,22.7,100000000005
RF,MAEU1004513,in_yard,31.3,100000000013
GP,MAEU1004521,in_yard,5.7,100000000021
GP,MAEU1004529,in_yard,23.6,100000000029
GP,MAEU1004537,in_yard,4.6,100000000037
RF,MAEU1004545,in_yard,9.4,100000000045
GP,MAEU1004553,in_yard,28.9,100000000053
GP,MAEU1004561,in_yard,21,100000000061
GP,MAEU1004569,in_yard,9.2,100000000069
GP,MAEU1004577,in_yard,24.4,100000000077
GP,MAEU1004585,in_yard,2.7,100000000085
GP,MAEU1004593,in_yard,5.2,100000000093
GP,MAEU1004601,in_yard,26.3,100000000101
GP,MAEU1004609,in_yard,7.2,100000000109
GP,MAEU1004617,in_yard,22.1,100000000117
GP,MAEU1004625,in_yard,7.8,100000000125
GP,MAEU1004633,in_yard,2.7,100000000133
GP,MAEU1004641,in_yard,4.3,100000000141
RF,MAEU1004649,in_yard,14.2,100000000149
GP,MAEU1004657,in_yard,17.7,100000000157
RF,MAEU1004665,in_yard,18.6,100000000165
GP,MAEU1004673,in_yard,11,100000000173
GP,MAEU1004681,in_yard,31.7,100000000181
RF,MAEU1004689,in_yard,14.7,100000000189
GP,MAEU1004697,in_yard,29.1,100000000197
GP,MAEU1004705,in_yard,9.4,100000000205
GP,MAEU1004713,in_yard,10.1,100000000213
GP,MAEU1004721,in_yard,17.4,100000000221
GP,MAEU1004729,in_yard,24,100000000229
DANGER,MAEU1004737,in_yard,28.9,100000000237
GP,MAEU1004745,in_yard,5.8,100000000245
RF,MAEU1004753,in_yard,27.7,100000000253
GP,MAEU1004761,in_yard,14.4,100000000261
RF,MAEU1004769,in_yard,17.5,100000000269
GP,MAEU1004777,in_yard,32.5,100000000277
RF,MAEU1004785,in_yard,4.1,100000000285
GP,MAEU1004793,in_yard,20.3,100000000293
GP,MAEU1004801,in_yard,8.8,100000000301
GP,MAEU1004809,in_yard,30.4,100000000309
RF,MAEU1004817,in_yard,12.6,100000000317
GP,MAEU1004825,in_yard,18.7,100000000325
RF,MAEU1004833,in_yard,6.8,100000000333
GP,MAEU1004841,in_yard,21.2,100000000341
GP,MAEU1004849,in_yard,16,100000000349
GP,MAEU1004857,in_yard,7.6,100000000357
GP,MAEU1004865,in_yard,10.8,100000000365
GP,MAEU1004873,in_yard,31.4,100000000373
GP,MAEU1004881,in_yard,15.9,100000000381
DANGER,MAEU1004889,in_yard,24.1,100000000389
GP,MAEU1004897,in_yard,7.2,100000000397
DANGER,MAEU1004905,in_yard,18.5,100000000405
GP,MAEU1004913,in_yard,31.1,100000000413
GP,MAEU1004921,in_yard,23.9,100000000421
GP,MAEU1004929,in_yard,21.1,100000000429
RF,MAEU1004937,in_yard,13,100000000437
RF,MAEU1004945,in_yard,3.1,100000000445
DANGER,MAEU1004953,in_yard,26.4,100000000453
GP,MAEU1004961,in_yard,30.8,100000000461
GP,MAEU1004969,in_yard,28.4,100000000469
GP,MAEU1004977,in_yard,19.1,100000000477
GP,MAEU1004985,in_yard,21.3,100000000485
GP,MAEU1004993,in_yard,5.4,100000000493
GP,MAEU1005001,in_yard,5.1,100000000501
RF,MAEU1005009,in_yard,20.7,100000000509
GP,MAEU1005017,in_yard,11.8,100000000517
GP,MAEU1005025,in_yard,21.6,100000000525
DANGER,MAEU1005033,in_yard,24.9,100000000533
GP,MAEU1005041,in_yard,22.5,100000000541
GP,MAEU1005049,in_yard,25.8,100000000549
GP,MAEU1005057,in_yard,10.1,100000000557
GP,MAEU1005065,in_yard,23.9,100000000565
GP,MAEU1005073,in_yard,4.4,100000000573
GP,MAEU1005081,in_yard,10.2,100000000581
GP,MAEU1005089,in_yard,13.5,100000000589
GP,MAEU1005097,in_yard,15.9,100000000597
GP,MAEU1005105,in_yard,15.1,100000000605
GP,MAEU1005113,in_yard,19.3,100000000613
GP,MAEU1005121,in_yard,31,100000000621
GP,MAEU1005129,in_yard,5.2,100000000629
GP,MAEU1005137,in_yard,30.5,100000000637
RF,MAEU1005145,in_yard,3.9,100000000645
GP,MAEU1005153,in_yard,14.8,100000000653
GP,MAEU1005161,in_yard,5.5,100000000661
GP,MAEU1005169,in_yard,5,100000000669
GP,MAEU1005177,in_yard,10.1,100000000677
RF,MAEU1005185,in_yard,20.1,100000000685
RF,MAEU1005193,in_yard,21.3,100000000693
GP,MAEU1005201,in_yard,8.7,100000000701
GP,MAEU1005209,in_yard,22.8,100000000709
GP,MAEU1005217,in_yard,29.3,100000000717
RF,MAEU1005225,in_yard,5.9,100000000725
GP,MAEU1005233,in_yard,26.3,100000000733
GP,MAEU1005241,in_yard,28,100000000741
RF,MAEU1005249,in_yard,11.5,100000000749
GP,MAEU1005257,in_yard,20.1,100000000757
GP,MAEU1005265,in_yard,3.2,100000000765
GP,MAEU1005273,in_yard,10.7,100000000773
GP,MAEU1005281,in_yard,9.2,100000000781
RF,MAEU1005289,in_yard,17,100000000789
GP,MAEU1005297,in_yard,22.7,100000000797
GP,MAEU1005305,in_yard,25.2,100000000805
GP,MAEU1005313,in_yard,13.3,100000000813
RF,MAEU1005321,in_yard,31.5,100000000821
RF,MAEU1005329,in_yard,26.3,100000000829
GP,MAEU1005337,in_yard,14,100000000837
GP,MAEU1005345,in_yard,14.4,100000000845
GP,MAEU1005353,in_yard,16.8,100000000853
RF,MAEU1005361,in_yard,6.6,100000000861
GP,MAEU1005369,in_yard,5.5,100000000869
GP,MAEU1005377,in_yard,29.5,100000000877
GP,MAEU1005385,in_yard,3.6,100000000885
GP,MAEU1005393,in_yard,21.6,100000000893
GP,MAEU1005401,in_yard,2.5,100000000901
GP,MAEU1005409,in_yard,23.1,100000000909
DANGER,MAEU1005417,in_yard,9.4,100000000917
DANGER,MAEU1005425,in_yard,7.9,100000000925
GP,MAEU1005433,in_yard,3.1,100000000933
GP,MAEU1005441,in_yard,8.1,100000000941
GP,MAEU1005449,in_yard,4.6,100000000949
GP,MAEU1005457,in_yard,23.3,100000000957
GP,MAEU1005465,in_yard,10.3,100000000965
GP,MAEU1005473,in_yard,9,100000000973
RF,MAEU1005481,in_yard,2.7,100000000981
GP,MAEU1005489,in_yard,4.6,100000000989
GP,MAEU1005497,in_yard,22.1,100000000997
RF,MAEU1005505,in_yard,17.2,100000001005
GP,MAEU1005513,in_yard,8.3,100000001013
RF,MAEU1005521,in_yard,9.5,100000001021
RF,MAEU1005529,in_yard,19.5,100000001029
GP,MAEU1005537,in_yard,10.5,100000001037
GP,MAEU1005545,in_yard,4.9,100000001045
GP,MAEU1005553,in_yard,4.8,100000001053
GP,MAEU1005561,in_yard,18.4,100000001061
GP,MAEU1005569,in_yard,26.7,100000001069
GP,MAEU1005577,in_yard,23,100000001077
RF,MAEU1005585,in_yard,18.2,100000001085
GP,MAEU1005593,in_yard,30,100000001093
GP,MAEU1005601,in_yard,5.5,100000001101
RF,MAEU1005609,in_yard,20,100000001109
GP,MAEU1005617,in_yard,12.4,100000001117
GP,MAEU1005625,in_yard,18.1,100000001125
GP,MAEU1005633,in_yard,14.6,100000001133
GP,MAEU1005641,in_yard,26.6,100000001141
GP,MAEU1005649,in_yard,19.3,100000001149
RF,MAEU1005657,in_yard,19.8,100000001157
RF,MAEU1005665,in_yard,28,100000001165
GP,MAEU1005673,in_yard,26,100000001173
RF,MAEU1005681,in_yard,5.6,100000001181
RF,MAEU1005689,in_yard,29.1,100000001189
RF,MAEU1005697,in_yard,19.1,100000001197
RF,MAEU1005705,in_yard,18.9,100000001205
GP,MAEU1005713,in_yard,25.1,100000001213
GP,MAEU1005721,in_yard,27.1,100000001221
GP,MAEU1005729,in_yard,26.1,100000001229
GP,MAEU1005737,in_yard,22.8,100000001237
RF,MAEU1005745,in_yard,14.3,100000001245
GP,MAEU1005753,in_yard,3.6,100000001253
GP,MAEU1005761,in_yard,14.1,100000001261
RF,MAEU1005769,in_yard,12.3,100000001269
GP,MAEU1005777,in_yard,9.3,100000001277
GP,MAEU1005785,in_yard,25.8,100000001285
GP,MAEU1005793,in_yard,3.6,100000001293
GP,MAEU1005801,in_yard,26.8,100000001301
GP,MAEU1005809,in_yard,24.7,100000001309
RF,MAEU1005817,in_yard,31.6,100000001317
DANGER,MAEU1005825,in_yard,11.8,100000001325
GP,MAEU1005833,in_yard,6.6,100000001333
RF,MAEU1005841,in_yard,6.1,100000001341
DANGER,MAEU1005849,in_yard,24,100000001349
GP,MAEU1005857,in_yard,24.9,100000001357
GP,MAEU1005865,in_yard,3.5,100000001365
GP,MAEU1005873,in_yard,6.6,100000001373
GP,MAEU1005881,in_yard,31,100000001381
RF,MAEU1005889,in_yard,8,100000001389
GP,MAEU1005897,in_yard,13.9,100000001397
GP,MAEU1005905,in_yard,27.7,100000001405
RF,MAEU1005913,in_yard,25.6,100000001413
RF,MAEU1005921,in_yard,7.6,100000001421
RF,MAEU1005929,in_yard,25.4,100000001429
GP,MAEU1005937,in_yard,28.2,100000001437
GP,MAEU1005945,in_yard,5.9,100000001445
RF,MAEU1005953,in_yard,19,100000001453
GP,MAEU1005961,in_yard,4.2,100000001461
GP,MAEU1005969,in_yard,9.8,100000001469
RF,MAEU1005977,in_yard,8.8,100000001477
DANGER,MAEU1005985,in_yard,20.2,100000001485
GP,MAEU1005993,in_yard,6.2,100000001493
RF,MAEU1006001,in_yard,29.4,100000000001
GP,MAEU1006009,in_yard,28.5,100000000009
GP,MAEU1006017,in_yard,14.6,100000000017
RF,MAEU1006025,in_yard,19.7,100000000025
GP,MAEU1006033,in_yard,28.7,100000000033
DANGER,MAEU1006041,in_yard,11.7,100000000041
DANGER,MAEU1006049,in_yard,10.4,100000000049
GP,MAEU1006057,in_yard,10.1,100000000057
GP,MAEU1006065,in_yard,26.4,100000000065
GP,MAEU1006073,in_yard,8.6,100000000073
GP,MAEU1006081,in_yard,2.9,100000000081
DANGER,MAEU1006089,in_yard,4.1,100000000089
GP,MAEU1006097,in_yard,28.3,100000000097
GP,MAEU1006105,in_yard,4.1,100000000105
RF,MAEU1006113,in_yard,4.3,100000000113
RF,MAEU1006121,in_yard,19.2,100000000121
DANGER,MAEU1006129,in_yard,19.1,100000000129
GP,MAEU1006137,in_yard,14.3,100000000137
GP,MAEU1006145,in_yard,18,100000000145
GP,MAEU1006153,in_yard,25.9,100000000153
GP,MAEU1006161,in_yard,8.6,100000000161
GP,MAEU1006169,in_yard,24.2,100000000169
GP,MAEU1006177,in_yard,18,100000000177
GP,MAEU1006185,in_yard,7.5,100000000185
RF,MAEU1006193,in_yard,15.6,100000000193
GP,MAEU1006201,in_yard,23.7,100000000201
GP,MAEU1006209,in_yard,7.8,100000000209
GP,MAEU1006217,in_yard,24.7,100000000217
GP,MAEU1006225,in_yard,11.7,100000000225
RF,MAEU1006233,in_yard,19.9,100000000233
GP,MAEU1006241,in_yard,25.6,100000000241
RF,MAEU1006249,in_yard,4.8,100000000249
DANGER,MAEU1006257,in_yard,19.8,100000000257
GP,MAEU1006265,in_yard,6.7,100000000265
GP,MAEU1006273,in_yard,10.5,100000000273
GP,MAEU1006281,in_yard,12.6,100000000281
DANGER,MAEU1006289,in_yard,11.6,100000000289
GP,MAEU1006297,in_yard,25.3,100000000297
GP,MAEU1006305,in_yard,31,100000000305
GP,MAEU1006313,in_yard,27.5,100000000313
GP,MAEU1006321,in_yard,9.9,100000000321
GP,MAEU1006329,in_yard,9.5,100000000329
GP,MAEU1006337,in_yard,26,100000000337
GP,MAEU1006345,in_yard,23.9,100000000345
RF,MAEU1006353,in_yard,16.5,100000000353
GP,MAEU1006361,in_yard,22.5,100000000361
DANGER,MAEU1006369,in_yard,12.1,100000000369
GP,MAEU1006377,in_yard,15.3,100000000377
RF,MAEU1006385,in_yard,19.9,100000000385
GP,MAEU1006393,in_yard,28.1,100000000393
GP,MAEU1006401,in_yard,6.3,100000000401
GP,MAEU1006409,in_yard,32.4,100000000409
DANGER,MAEU1006417,in_yard,26.1,100000000417
GP,MAEU1006425,in_yard,7.3,100000000425
GP,MAEU1006433,in_yard,3.2,100000000433
GP,MAEU1006441,in_yard,32.4,100000000441
GP,MAEU1006449,in_yard,27.8,100000000449
RF,MAEU1006457,in_yard,14.3,100000000457
GP,MAEU1006465,in_yard,19.7,100000000465
RF,MAEU1006473,in_yard,16,100000000473
RF,MAEU1006481,in_yard,26.7,100000000481
GP,MAEU1006489,in_yard,26.1,100000000489
GP,MAEU1006497,in_yard,8.1,100000000497
GP,MAEU1006505,in_yard,30.9,100000000505
RF,MAEU1006513,in_yard,11.6,100000000513
GP,MAEU1006521,in_yard,32.5,100000000521
GP,MAEU1006529,in_yard,31.9,100000000529
GP,MAEU1006537,in_yard,13.1,100000000537
GP,MAEU1006545,in_yard,14.1,100000000545
GP,MAEU1006553,in_yard,18.6,100000000553
RF,MAEU1006561,in_yard,9.1,100000000561
RF,MAEU1006569,in_yard,10.5,100000000569
DANGER,MAEU1006577,in_yard,31.3,100000000577
GP,MAEU1006585,in_yard,30.4,100000000585
GP,MAEU1006593,in_yard,29.1,100000000593
GP,MAEU1006601,in_yard,27.6,100000000601
DANGER,MAEU1006609,in_yard,30.7,100000000609
RF,MAEU1006617,in_yard,23,100000000617
RF,MAEU1006625,in_yard,10,100000000625
RF,MAEU1006633,in_yard,13.6,100000000633
DANGER,MAEU1006641,in_yard,9,100000000641
GP,MAEU1006649,in_yard,12.1,100000000649
GP,MAEU1006657,in_yard,11.2,100000000657
GP,MAEU1006665,in_yard,3.2,100000000665
RF,MAEU1006673,in_yard,24.2,100000000673
GP,MAEU1006681,in_yard,13.2,100000000681
GP,MAEU1006689,in_yard,15,100000000689
GP,MAEU1006697,in_yard,10,100000000697
RF,MAEU1006705,in_yard,8.8,100000000705
RF,MAEU1006713,in_yard,15.9,100000000713
GP,MAEU1006721,in_yard,16.5,100000000721
GP,MAEU1006729,in_yard,8.4,100000000729
RF,MAEU1006737,in_yard,24.7,100000000737
GP,MAEU1006745,in_yard,27.3,100000000745
GP,MAEU1006753,in_yard,32,100000000753
GP,MAEU1006761,in_yard,11.9,100000000761
GP,MAEU1006769,in_yard,4.6,100000000769
DANGER,MAEU1006777,in_yard,15.5,100000000777
RF,MAEU1006785,in_yard,22.8,100000000785
RF,MAEU1006793,in_yard,21.1,100000000793
GP,MAEU1006801,in_yard,10.3,100000000801
RF,MAEU1006809,in_yard,13.4,100000000809
RF,MAEU1006817,in_yard,5,100000000817
RF,MAEU1006825,in_yard,23.3,100000000825
GP,MAEU1006833,in_yard,4.5,100000000833
RF,MAEU1006841,in_yard,15.1,100000000841
GP,MAEU1006849,in_yard,4.1,100000000849
GP,MAEU1006857,in_yard,15.1,100000000857
DANGER,MAEU1006865,in_yard,19,100000000865
GP,MAEU1006873,in_yard,5.5,100000000873
RF,MAEU1006881,in_yard,32.3,100000000881
GP,MAEU1006889,in_yard,18.2,100000000889
GP,MAEU1006897,in_yard,16.5,100000000897
GP,MAEU1006905,in_yard,26.7,100000000905
GP,MAEU1006913,in_yard,24.6,100000000913
GP,MAEU1006921,in_yard,28.8,100000000921
GP,MAEU1006929,in_yard,24.8,100000000929
GP,MAEU1006937,in_yard,7.6,100000000937
RF,MAEU1006945,in_yard,27.5,100000000945
GP,MAEU1006953,in_yard,4.5,100000000953
DANGER,MAEU1006961,in_yard,10.6,100000000961
GP,MAEU1006969,in_yard,24.4,100000000969
GP,MAEU1006977,in_yard,6.2,100000000977
RF,MAEU1006985,in_yard,5.9,100000000985
GP,MAEU1006993,in_yard,5.8,100000000993
GP,MAEU1007001,in_yard,27.8,100000001001
RF,MAEU1007009,in_yard,3,100000001009
GP,MAEU1007017,in_yard,16.4,100000001017
GP,MAEU1007025,in_yard,29,100000001025
DANGER,MAEU1007033,in_yard,12,100000001033
GP,MAEU1007041,in_yard,9,100000001041
RF,MAEU1007049,in_yard,10.5,100000001049
GP,MAEU1007057,in_yard,30.1,100000001057
RF,MAEU1007065,in_yard,14,100000001065
RF,MAEU1007073,in_yard,14.6,100000001073
GP,MAEU1007081,in_yard,31.9,100000001081
RF,MAEU1007089,in_yard,19.6,100000001089
GP,MAEU1007097,in_yard,23.7,100000001097
RF,MAEU1007105,in_yard,15.1,100000001105
GP,MAEU1007113,in_yard,24.9,100000001113
GP,MAEU1007121,in_yard,7.4,100000001121
GP,MAEU1007129,in_yard,26.3,100000001129
GP,MAEU1007137,in_yard,18.6,100000001137
RF,MAEU1007145,in_yard,29,100000001145
GP,MAEU1007153,in_yard,8.3,100000001153
GP,MAEU1007161,in_yard,11.6,100000001161
GP,MAEU1007169,in_yard,24.4,100000001169
GP,MAEU1007177,in_yard,18.8,100000001177
RF,MAEU1007185,in_yard,6,100000001185
RF,MAEU1007193,in_yard,20.8,100000001193
GP,MAEU1007201,in_yard,14.7,100000001201
GP,MAEU1007209,in_yard,7.6,100000001209
GP,MAEU1007217,in_yard,11.3,100000001217
GP,MAEU1007225,in_yard,9.6,100000001225
GP,MAEU1007233,in_yard,14.9,100000001233
RF,MAEU1007241,in_yard,30.3,100000001241
GP,MAEU1007249,in_yard,4,100000001249
GP,MAEU1007257,in_yard,23.4,100000001257
DANGER,MAEU1007265,in_yard,11.2,100000001265
RF,MAEU1007273,in_yard,10.1,100000001273
GP,MAEU1007281,in_yard,2.7,100000001281
GP,MAEU1007289,in_yard,21.9,100000001289
GP,MAEU1007297,in_yard,24.8,100000001297
GP,MAEU1007305,in_yard,11.6,100000001305
RF,MAEU1007313,in_yard,9.3,100000001313
GP,MAEU1007321,in_yard,16.2,100000001321
GP,MAEU1007329,in_yard,11.9,100000001329
GP,MAEU1007337,in_yard,10.2,100000001337
GP,MAEU1007345,in_yard,12.4,100000001345
GP,MAEU1007353,in_yard,26.3,100000001353
GP,MAEU1007361,in_yard,28,100000001361
GP,MAEU1007369,in_yard,18.6,100000001369
DANGER,MAEU1007377,in_yard,21.9,100000001377
RF,MAEU1007385,in_yard,3.2,100000001385
GP,MAEU1007393,in_yard,29.2,100000001393
GP,MAEU1007401,in_yard,16.1,100000001401
RF,MAEU1007409,in_yard,22.5,100000001409
GP,MAEU1007417,in_yard,27,100000001417
DANGER,MAEU1007425,in_yard,2.5,100000001425
GP,MAEU1007433,in_yard,3.2,100000001433
GP,MAEU1007441,in_yard,24,100000001441
RF,MAEU1007449,in_yard,18.5,100000001449
RF,MAEU1007457,in_yard,2.6,100000001457
GP,MAEU1007465,in_yard,27.7,100000001465
GP,MAEU1007473,in_yard,6.9,100000001473
RF,MAEU1007481,in_yard,31.9,100000001481
RF,MAEU1007489,in_yard,16.6,100000001489
GP,MAEU1007497,in_yard,29.8,100000001497
GP,MAEU1007505,in_yard,15.3,100000000005
GP,MAEU1007513,in_yard,14.1,100000000013
DANGER,MAEU1007521,in_yard,26.6,100000000021
GP,MAEU1007529,in_yard,27.1,100000000029
GP,MAEU1007537,in_yard,3.7,100000000037
GP,MAEU1007545,in_yard,19.1,100000000045
GP,MAEU1007553,in_yard,10,100000000053
GP,MAEU1007561,in_yard,20.2,100000000061
GP,MAEU1007569,in_yard,8.1,100000000069
DANGER,MAEU1007577,in_yard,24,100000000077
GP,MAEU1007585,in_yard,27.1,100000000085
GP,MAEU1007593,in_yard,18.3,100000000093
GP,MAEU1007601,in_yard,17.1,100000000101
RF,MAEU1007609,in_yard,18.7,100000000109
GP,MAEU1007617,in_yard,20.9,100000000117
GP,MAEU1007625,in_yard,30.3,100000000125
DANGER,MAEU1007633,in_yard,6.5,100000000133
GP,MAEU1007641,in_yard,18.2,100000000141
GP,MAEU1007649,in_yard,29.9,100000000149
DANGER,MAEU1007657,in_yard,9.5,100000000157
DANGER,MAEU1007665,in_yard,25,100000000165
RF,MAEU1007673,in_yard,12.6,100000000173
GP,MAEU1007681,in_yard,27.3,100000000181
GP,MAEU1007689,in_yard,12.3,100000000189
DANGER,MAEU1007697,in_yard,14.3,100000000197
GP,MAEU1007705,in_yard,8.8,100000000205
DANGER,MAEU1007713,in_yard,17.3,100000000213
RF,MAEU1007721,in_yard,30.5,100000000221
GP,MAEU1007729,in_yard,31.4,100000000229
GP,MAEU1007737,in_yard,5,100000000237
GP,MAEU1007745,in_yard,3.1,100000000245
GP,MAEU1007753,in_yard,4.3,100000000253
GP,MAEU1007761,in_yard,9.6,100000000261
RF,MAEU1007769,in_yard,3.9,100000000269
RF,MAEU1007777,in_yard,23.2,100000000277
GP,MAEU1007785,in_yard,3.3,100000000285
RF,MAEU1007793,in_yard,10.2,100000000293
GP,MAEU1007801,in_yard,29.8,100000000301
GP,MAEU1007809,in_yard,16.6,100000000309
RF,MAEU1007817,in_yard,6.1,100000000317
GP,MAEU1007825,in_yard,30.6,100000000325
GP,MAEU1007833,in_yard,3.4,100000000333
GP,MAEU1007841,in_yard,25.8,100000000341
GP,MAEU1007849,in_yard,26.3,100000000349
RF,MAEU1007857,in_yard,3.6,100000000357
GP,MAEU1007865,in_yard,4.9,100000000365
GP,MAEU1007873,in_yard,15.7,100000000373
DANGER,MAEU1007881,in_yard,30.1,100000000381
DANGER,MAEU1007889,in_yard,21.2,100000000389
GP,MAEU1007897,in_yard,15.4,100000000397
DANGER,MAEU1007905,in_yard,28.9,100000000405
GP,MAEU1007913,in_yard,5,100000000413
GP,MAEU1007921,in_yard,11.7,100000000421
RF,MAEU1007929,in_yard,28.8,100000000429
GP,MAEU1007937,in_yard,30.4,100000000437
RF,MAEU1007945,in_yard,15.9,100000000445
GP,MAEU1007953,in_yard,15.3,100000000453
DANGER,MAEU1007961,in_yard,17.9,100000000461
RF,MAEU1007969,in_yard,6.6,100000000469
RF,MAEU1007977,in_yard,16,100000000477
GP,MAEU1007985,in_yard,16.5,100000000485
GP,MAEU1007993,in_yard,15,100000000493
GP,MAEU1008001,in_yard,12.8,100000000501
GP,MAEU1008009,in_yard,5.7,100000000509
GP,EVER1008011,pre_gate,8.1,100000000511
RF,ONEU1008012,pre_gate,26.4,100000000512
GP,CMAU1008013,pre_gate,20.3,100000000513
GP,SGNG1008014,pre_gate,26.3,100000000514
GP,YMLU1008015,pre_gate,5.8,100000000515
GP,HMMU1008016,pre_gate,23.8,100000000516
GP,MAEU1008017,pre_gate,21.1,100000000517
GP,COSU1008018,pre_gate,30.7,100000000518
GP,EVER1008019,pre_gate,6.8,100000000519
GP,ONEU1008020,pre_gate,12.5,100000000520
RF,CMAU1008021,pre_gate,5.4,100000000521
GP,SGNG1008022,pre_gate,29.2,100000000522
GP,YMLU1008023,pre_gate,28.3,100000000523
GP,HMMU1008024,pre_gate,22.5,100000000524
DANGER,MAEU1008025,pre_gate,19,100000000525
RF,COSU1008026,pre_gate,17.6,100000000526
GP,EVER1008027,pre_gate,28.5,100000000527
RF,ONEU1008028,pre_gate,16.5,100000000528
GP,CMAU1008029,pre_gate,8.5,100000000529
GP,SGNG1008030,pre_gate,32.3,100000000530
GP,YMLU1008031,pre_gate,6.8,100000000531
GP,HMMU1008032,pre_gate,10.7,100000000532
GP,MAEU1008033,pre_gate,31.1,100000000533
RF,COSU1008034,pre_gate,23.4,100000000534
GP,EVER1008035,pre_gate,6.6,100000000535
GP,ONEU1008036,pre_gate,24.1,100000000536
GP,CMAU1008037,pre_gate,6.8,100000000537
GP,SGNG1008038,pre_gate,19.1,100000000538
RF,YMLU1008039,pre_gate,9.6,100000000539
RF,HMMU1008040,pre_gate,29.7,100000000540
GP,MAEU1008041,pre_gate,2.9,100000000541
RF,COSU1008042,pre_gate,8.8,100000000542
DANGER,EVER1008043,pre_gate,11.6,100000000543
DANGER,ONEU1008044,pre_gate,18.4,100000000544
GP,CMAU1008045,pre_gate,22.7,100000000545
DANGER,SGNG1008046,pre_gate,2.8,100000000546
RF,YMLU1008047,pre_gate,29,100000000547
GP,HMMU1008048,pre_gate,4.3,100000000548
RF,MAEU1008049,pre_gate,22,100000000549
RF,COSU1008050,pre_gate,16.9,100000000550
GP,EVER1008051,pre_gate,23,100000000551
GP,ONEU1008052,pre_gate,11.9,100000000552
GP,CMAU1008053,pre_gate,13.2,100000000553
GP,SGNG1008054,pre_gate,30.8,100000000554
GP,YMLU1008055,pre_gate,29.1,100000000555
RF,HMMU1008056,pre_gate,2.9,100000000556
RF,MAEU1008057,pre_gate,27.9,100000000557
GP,COSU1008058,pre_gate,4.2,100000000558
RF,EVER1008059,pre_gate,13.3,100000000559
GP,ONEU1008060,pre_gate,16.8,100000000560
RF,CMAU1008061,pre_gate,17.1,100000000561
GP,SGNG1008062,pre_gate,14.6,100000000562
GP,YMLU1008063,pre_gate,8.5,100000000563
GP,HMMU1008064,pre_gate,15.7,100000000564
RF,MAEU1008065,pre_gate,26.9,100000000565
RF,COSU1008066,pre_gate,8.3,100000000566
GP,EVER1008067,pre_gate,21,100000000567
GP,ONEU1008068,pre_gate,25.2,100000000568
GP,CMAU1008069,pre_gate,18.6,100000000569
GP,SGNG1008070,pre_gate,22.5,100000000570
GP,YMLU1008071,pre_gate,8.9,100000000571
GP,HMMU1008072,pre_gate,18.8,100000000572
RF,MAEU1008073,pre_gate,3.7,100000000573
RF,COSU1008074,pre_gate,29,100000000574
GP,EVER1008075,pre_gate,32.1,100000000575
GP,ONEU1008076,pre_gate,9.7,100000000576
RF,CMAU1008077,pre_gate,4,100000000577
DANGER,SGNG1008078,pre_gate,10.9,100000000578
DANGER,YMLU1008079,pre_gate,30.6,100000000579
GP,HMMU1008080,pre_gate,18.9,100000000580
GP,MAEU1008081,pre_gate,16.7,100000000581
GP,COSU1008082,pre_gate,25,100000000582
GP,EVER1008083,pre_gate,10.7,100000000583
GP,ONEU1008084,pre_gate,19.1,100000000584
GP,CMAU1008085,pre_gate,23.5,100000000585
GP,SGNG1008086,pre_gate,26.2,100000000586
GP,YMLU1008087,pre_gate,28.9,100000000587
RF,HMMU1008088,pre_gate,29.2,100000000588
GP,MAEU1008089,pre_gate,18.6,100000000589
GP,COSU1008090,pre_gate,22.5,100000000590
GP,EVER1008091,pre_gate,21.4,100000000591
RF,ONEU1008092,pre_gate,16.8,100000000592
RF,CMAU1008093,pre_gate,19.7,100000000593
GP,SGNG1008094,pre_gate,13.1,100000000594
RF,YMLU1008095,pre_gate,14.8,100000000595
GP,HMMU1008096,pre_gate,17.5,100000000596
GP,MAEU1008097,pre_gate,12.2,100000000597
DANGER,COSU1008098,pre_gate,12.8,100000000598
RF,EVER1008099,pre_gate,26.9,100000000599
RF,ONEU1008100,pre_gate,9.5,100000000600
DANGER,CMAU1008101,pre_gate,9.7,100000000601
GP,SGNG1008102,pre_gate,26.6,100000000602
GP,YMLU1008103,pre_gate,25,100000000603
GP,HMMU1008104,pre_gate,25.1,100000000604
GP,MAEU1008105,pre_gate,30,100000000605
GP,COSU1008106,pre_gate,18.9,100000000606
GP,EVER1008107,pre_gate,23.3,100000000607
DANGER,ONEU1008108,pre_gate,10.8,100000000608
RF,CMAU1008109,pre_gate,29.8,100000000609
GP,SGNG1008110,pre_gate,16.9,100000000610
DANGER,YMLU1008111,pre_gate,7.9,100000000611
GP,HMMU1008112,pre_gate,28.4,100000000612
GP,MAEU1008113,pre_gate,28.1,100000000613
GP,COSU1008114,pre_gate,25.8,100000000614
RF,EVER1008115,pre_gate,15.2,100000000615
GP,ONEU1008116,pre_gate,11.9,100000000616
GP,CMAU1008117,pre_gate,17,100000000617
RF,SGNG1008118,pre_gate,8.5,100000000618
GP,YMLU1008119,pre_gate,4.4,100000000619
GP,HMMU1008120,pre_gate,19.3,100000000620
GP,MAEU1008121,pre_gate,15.2,100000000621
GP,COSU1008122,pre_gate,18.4,100000000622
GP,EVER1008123,pre_gate,12.9,100000000623
RF,ONEU1008124,pre_gate,29.7,100000000624
GP,CMAU1008125,pre_gate,28,100000000625
RF,SGNG1008126,pre_gate,22.4,100000000626
RF,YMLU1008127,pre_gate,7.5,100000000627
RF,HMMU1008128,pre_gate,21.6,100000000628
GP,MAEU1008129,pre_gate,16.6,100000000629
GP,COSU1008130,pre_gate,6.2,100000000630
RF,EVER1008131,pre_gate,28.1,100000000631
GP,ONEU1008132,pre_gate,12.9,100000000632
GP,CMAU1008133,pre_gate,23,100000000633
GP,SGNG1008134,pre_gate,13.4,100000000634
GP,YMLU1008135,pre_gate,15,100000000635
RF,HMMU1008136,pre_gate,7.4,100000000636
DANGER,MAEU1008137,pre_gate,13.8,100000000637
RF,COSU1008138,pre_gate,21.5,100000000638
RF,EVER1008139,pre_gate,20.1,100000000639
RF,ONEU1008140,pre_gate,24.8,100000000640
GP,CMAU1008141,pre_gate,27.9,100000000641
RF,SGNG1008142,pre_gate,25.8,100000000642
GP,YMLU1008143,pre_gate,17.8,100000000643
GP,HMMU1008144,pre_gate,22.7,100000000644
GP,MAEU1008145,pre_gate,5.9,100000000645
GP,COSU1008146,pre_gate,21,100000000646
RF,EVER1008147,pre_gate,12.5,100000000647
GP,ONEU1008148,pre_gate,2.7,100000000648
GP,CMAU1008149,pre_gate,16.9,100000000649
GP,SGNG1008150,pre_gate,22.5,100000000650
GP,YMLU1008151,pre_gate,13.5,100000000651
RF,HMMU1008152,pre_gate,24.6,100000000652
RF,MAEU1008153,pre_gate,24.8,100000000653
GP,COSU1008154,pre_gate,2.9,100000000654
GP,EVER1008155,pre_gate,29.4,100000000655
RF,ONEU1008156,pre_gate,12.9,100000000656
DANGER,CMAU1008157,pre_gate,6.6,100000000657
GP,SGNG1008158,pre_gate,27.9,100000000658
RF,YMLU1008159,pre_gate,15.7,100000000659
RF,HMMU1008160,pre_gate,2.5,100000000660
GP,MAEU1008161,pre_gate,18,100000000661
RF,COSU1008162,pre_gate,12.9,100000000662
GP,EVER1008163,pre_gate,24.8,100000000663
GP,ONEU1008164,pre_gate,6.7,100000000664
GP,CMAU1008165,pre_gate,24.2,100000000665
GP,SGNG1008166,pre_gate,25.8,100000000666
DANGER,YMLU1008167,pre_gate,9.3,100000000667
GP,HMMU1008168,pre_gate,19.3,100000000668
DANGER,MAEU1008169,pre_gate,11,100000000669
GP,COSU1008170,pre_gate,24.1,100000000670
GP,EVER1008171,pre_gate,32.2,100000000671
DANGER,ONEU1008172,pre_gate,32.3,100000000672
DANGER,CMAU1008173,pre_gate,25.5,100000000673
GP,SGNG1008174,pre_gate,3.8,100000000674
GP,YMLU1008175,pre_gate,23.3,100000000675
GP,HMMU1008176,pre_gate,9,100000000676
DANGER,MAEU1008177,pre_gate,20.9,100000000677
DANGER,COSU1008178,pre_gate,15.4,100000000678
GP,EVER1008179,pre_gate,29.7,100000000679
GP,ONEU1008180,pre_gate,3.3,100000000680
GP,CMAU1008181,pre_gate,25.7,100000000681
RF,SGNG1008182,pre_gate,5.3,100000000682
DANGER,YMLU1008183,pre_gate,2.7,100000000683
GP,HMMU1008184,pre_gate,23.3,100000000684
RF,MAEU1008185,pre_gate,15.3,100000000685
GP,COSU1008186,pre_gate,4.2,100000000686
RF,EVER1008187,pre_gate,4.8,100000000687
GP,ONEU1008188,pre_gate,9.8,100000000688
GP,CMAU1008189,pre_gate,23.2,100000000689
GP,SGNG1008190,pre_gate,6.5,100000000690
DANGER,YMLU1008191,pre_gate,17.2,100000000691
RF,HMMU1008192,pre_gate,17.6,100000000692
GP,MAEU1008193,pre_gate,20.1,100000000693
GP,COSU1008194,pre_gate,32.2,100000000694
GP,EVER1008195,pre_gate,28.9,100000000695
GP,ONEU1008196,pre_gate,26.9,100000000696
GP,CMAU1008197,pre_gate,30.3,100000000697
RF,SGNG1008198,pre_gate,11.7,100000000698
DANGER,YMLU1008199,pre_gate,16.9,100000000699
GP,HMMU1008200,pre_gate,15.6,100000000700
GP,MAEU1008201,pre_gate,18.1,100000000701
GP,COSU1008202,pre_gate,9.3,100000000702
GP,EVER1008203,pre_gate,8.4,100000000703
DANGER,ONEU1008204,pre_gate,14.3,100000000704
RF,CMAU1008205,pre_gate,14.6,100000000705
GP,SGNG1008206,pre_gate,16,100000000706
RF,YMLU1008207,pre_gate,25.1,100000000707
RF,HMMU1008208,pre_gate,29.2,100000000708
DANGER,MAEU1008209,pre_gate,22.9,100000000709
GP,COSU1008210,pre_gate,10.8,100000000710
GP,EVER1008211,pre_gate,4.7,100000000711
RF,ONEU1008212,pre_gate,30.4,100000000712
GP,CMAU1008213,pre_gate,2.5,100000000713
GP,SGNG1008214,pre_gate,31.7,100000000714
GP,YMLU1008215,pre_gate,21.8,100000000715
GP,HMMU1008216,pre_gate,2.5,100000000716
GP,MAEU1008217,pre_gate,19.7,100000000717
RF,COSU1008218,pre_gate,11.3,100000000718
DANGER,EVER1008219,pre_gate,6.8,100000000719
RF,ONEU1008220,pre_gate,7.8,100000000720
RF,CMAU1008221,pre_gate,16.3,100000000721
GP,SGNG1008222,pre_gate,4,100000000722
RF,YMLU1008223,pre_gate,7,100000000723
GP,HMMU1008224,pre_gate,11.4,100000000724
GP,MAEU1008225,pre_gate,26.7,100000000725
GP,COSU1008226,pre_gate,24.1,100000000726
RF,EVER1008227,pre_gate,10.6,100000000727
RF,ONEU1008228,pre_gate,14.5,100000000728
GP,CMAU1008229,pre_gate,7.1,100000000729
RF,SGNG1008230,pre_gate,22.1,100000000730
GP,YMLU1008231,pre_gate,16.1,100000000731
GP,HMMU1008232,pre_gate,24,100000000732
GP,MAEU1008233,pre_gate,18.3,100000000733
GP,COSU1008234,pre_gate,20.6,100000000734
RF,EVER1008235,pre_gate,22.8,100000000735
GP,ONEU1008236,pre_gate,29.5,100000000736
GP,CMAU1008237,pre_gate,30.7,100000000737
RF,SGNG1008238,pre_gate,2.7,100000000738
GP,YMLU1008239,pre_gate,16.4,100000000739
GP,HMMU1008240,pre_gate,26,100000000740
GP,MAEU1008241,pre_gate,30.6,100000000741
DANGER,COSU1008242,pre_gate,12.2,100000000742
RF,EVER1008243,pre_gate,20.8,100000000743
DANGER,ONEU1008244,pre_gate,27.3,100000000744
GP,CMAU1008245,pre_gate,22.1,100000000745
GP,SGNG1008246,pre_gate,4.5,100000000746
GP,YMLU1008247,pre_gate,17.4,100000000747
DANGER,HMMU1008248,pre_gate,30.8,100000000748
RF,MAEU1008249,pre_gate,32,100000000749
GP,COSU1008250,pre_gate,18.1,100000000750
GP,EVER1008251,pre_gate,29.7,100000000751
RF,ONEU1008252,pre_gate,11.9,100000000752
GP,CMAU1008253,pre_gate,23.7,100000000753
GP,SGNG1008254,pre_gate,18.8,100000000754
DANGER,YMLU1008255,pre_gate,27.1,100000000755
DANGER,HMMU1008256,pre_gate,19.5,100000000756
RF,MAEU1008257,pre_gate,11.3,100000000757
GP,COSU1008258,pre_gate,18.1,100000000758
GP,EVER1008259,pre_gate,7.9,100000000759
RF,ONEU1008260,pre_gate,9.7,100000000760
GP,CMAU1008261,pre_gate,31.6,100000000761
GP,SGNG1008262,pre_gate,30.8,100000000762
GP,YMLU1008263,pre_gate,16,100000000763
GP,HMMU1008264,pre_gate,3.2,100000000764
GP,MAEU1008265,pre_gate,12.3,100000000765
GP,COSU1008266,pre_gate,10.6,100000000766
GP,EVER1008267,pre_gate,15.9,100000000767
GP,ONEU1008268,pre_gate,3,100000000768
GP,CMAU1008269,pre_gate,23.5,100000000769
RF,SGNG1008270,pre_gate,25,100000000770
GP,YMLU1008271,pre_gate,19.8,100000000771
GP,HMMU1008272,pre_gate,19.8,100000000772
GP,MAEU1008273,pre_gate,15.6,100000000773
GP,COSU1008274,pre_gate,21,100000000774
RF,EVER1008275,pre_gate,23.9,100000000775
DANGER,ONEU1008276,pre_gate,10.6,100000000776
RF,CMAU1008277,pre_gate,9.5,100000000777
GP,SGNG1008278,pre_gate,28.7,100000000778
GP,YMLU1008279,pre_gate,13.2,100000000779
RF,HMMU1008280,pre_gate,9,100000000780
DANGER,MAEU1008281,pre_gate,29.2,100000000781
GP,COSU1008282,pre_gate,13.7,100000000782
GP,EVER1008283,pre_gate,28.6,100000000783
GP,ONEU1008284,pre_gate,26,100000000784
DANGER,CMAU1008285,pre_gate,13.9,100000000785
DANGER,SGNG1008286,pre_gate,6.6,100000000786
GP,YMLU1008287,pre_gate,12.2,100000000787
GP,HMMU1008288,pre_gate,8.1,100000000788
DANGER,MAEU1008289,pre_gate,16.2,100000000789
RF,COSU1008290,pre_gate,4.4,100000000790
GP,EVER1008291,pre_gate,29.2,100000000791
GP,ONEU1008292,pre_gate,5.6,100000000792
RF,CMAU1008293,pre_gate,9.5,100000000793
DANGER,SGNG1008294,pre_gate,28.8,100000000794
GP,YMLU1008295,pre_gate,20.9,100000000795
GP,HMMU1008296,pre_gate,3,100000000796
DANGER,MAEU1008297,pre_gate,21.7,100000000797
GP,COSU1008298,pre_gate,30.9,100000000798
GP,EVER1008299,pre_gate,5.6,100000000799
RF,ONEU1008300,pre_gate,31.4,100000000800
RF,CMAU1008301,pre_gate,32.5,100000000801
GP,SGNG1008302,pre_gate,23,100000000802
GP,YMLU1008303,pre_gate,10.8,100000000803
GP,HMMU1008304,pre_gate,9.2,100000000804
DANGER,MAEU1008305,pre_gate,31,100000000805
GP,COSU1008306,pre_gate,8.2,100000000806
RF,EVER1008307,pre_gate,3.1,100000000807
GP,ONEU1008308,pre_gate,18.1,100000000808
DANGER,CMAU1008309,pre_gate,31.4,100000000809
RF,SGNG1008310,pre_gate,15.4,100000000810
RF,YMLU1008311,pre_gate,20,100000000811
RF,HMMU1008312,pre_gate,31.6,100000000812
RF,MAEU1008313,pre_gate,9.2,100000000813
GP,COSU1008314,pre_gate,22.1,100000000814
GP,EVER1008315,pre_gate,19.9,100000000815
RF,ONEU1008316,pre_gate,16.8,100000000816
RF,CMAU1008317,pre_gate,24.6,100000000817
GP,SGNG1008318,pre_gate,30.2,100000000818
GP,YMLU1008319,pre_gate,8.6,100000000819
RF,HMMU1008320,pre_gate,12.9,100000000820
GP,MAEU1008321,pre_gate,32.5,100000000821
GP,COSU1008322,pre_gate,16.4,100000000822
GP,EVER1008323,pre_gate,13.9,100000000823
RF,ONEU1008324,pre_gate,20.4,100000000824
RF,CMAU1008325,pre_gate,22.1,100000000825
RF,SGNG1008326,pre_gate,15.8,100000000826
GP,YMLU1008327,pre_gate,9.9,100000000827
DANGER,HMMU1008328,pre_gate,16.2,100000000828
GP,MAEU1008329,pre_gate,12.9,100000000829
GP,COSU1008330,pre_gate,29.9,100000000830
GP,EVER1008331,pre_gate,26.9,100000000831
RF,ONEU1008332,pre_gate,31.8,100000000832
GP,CMAU1008333,pre_gate,15.5,100000000833
RF,SGNG1008334,pre_gate,32,100000000834
GP,YMLU1008335,pre_gate,3.7,100000000835
GP,HMMU1008336,pre_gate,14.5,100000000836
GP,MAEU1008337,pre_gate,22.3,100000000837
GP,COSU1008338,pre_gate,13.6,100000000838
GP,EVER1008339,pre_gate,24.5,100000000839
DANGER,ONEU1008340,pre_gate,6.2,100000000840
GP,CMAU1008341,pre_gate,20.9,100000000841
GP,SGNG1008342,pre_gate,31.2,100000000842
DANGER,YMLU1008343,pre_gate,23.3,100000000843
GP,HMMU1008344,pre_gate,29.6,100000000844
GP,MAEU1008345,pre_gate,9.4,100000000845
GP,COSU1008346,pre_gate,32.5,100000000846
GP,EVER1008347,pre_gate,14.9,100000000847
GP,ONEU1008348,pre_gate,14.4,100000000848
GP,CMAU1008349,pre_gate,20.3,100000000849
GP,SGNG1008350,pre_gate,15,100000000850
GP,YMLU1008351,pre_gate,11,100000000851
GP,HMMU1008352,pre_gate,30.4,100000000852
GP,MAEU1008353,pre_gate,12.3,100000000853
GP,COSU1008354,pre_gate,14.4,100000000854
RF,EVER1008355,pre_gate,4.7,100000000855
RF,ONEU1008356,pre_gate,17,100000000856
GP,CMAU1008357,pre_gate,30.8,100000000857
RF,SGNG1008358,pre_gate,21,100000000858
GP,YMLU1008359,pre_gate,13.2,100000000859
GP,HMMU1008360,pre_gate,32.3,100000000860
GP,MAEU1008361,pre_gate,29.4,100000000861
GP,COSU1008362,pre_gate,21,100000000862
RF,EVER1008363,pre_gate,29.4,100000000863
GP,ONEU1008364,pre_gate,10.6,100000000864
GP,CMAU1008365,pre_gate,29.9,100000000865
GP,SGNG1008366,pre_gate,18,100000000866
GP,YMLU1008367,pre_gate,4.1,100000000867
GP,HMMU1008368,pre_gate,4.3,100000000868
GP,MAEU1008369,pre_gate,4.2,100000000869
GP,COSU1008370,pre_gate,3.9,100000000870
GP,EVER1008371,pre_gate,21.2,100000000871
RF,ONEU1008372,pre_gate,12.8,100000000872
RF,CMAU1008373,pre_gate,14.5,100000000873
DANGER,SGNG1008374,pre_gate,13.1,100000000874
GP,YMLU1008375,pre_gate,3.9,100000000875
GP,HMMU1008376,pre_gate,11.4,100000000876
GP,MAEU1008377,pre_gate,19.4,100000000877
GP,COSU1008378,pre_gate,12.7,100000000878
GP,EVER1008379,pre_gate,12,100000000879
RF,ONEU1008380,pre_gate,19.3,100000000880
GP,CMAU1008381,pre_gate,12.7,100000000881
RF,SGNG1008382,pre_gate,23.9,100000000882
GP,YMLU1008383,pre_gate,27.5,100000000883
GP,HMMU1008384,pre_gate,13.8,100000000884
RF,MAEU1008385,pre_gate,19.3,100000000885
GP,COSU1008386,pre_gate,27.6,100000000886
GP,EVER1008387,pre_gate,27.3,100000000887
GP,ONEU1008388,pre_gate,5.5,100000000888
GP,CMAU1008389,pre_gate,18.6,100000000889
GP,SGNG1008390,pre_gate,10,100000000890
GP,YMLU1008391,pre_gate,22.2,100000000891
RF,HMMU1008392,pre_gate,10,100000000892
GP,MAEU1008393,pre_gate,19.7,100000000893
GP,COSU1008394,pre_gate,21.1,100000000894
RF,EVER1008395,pre_gate,17.9,100000000895
GP,ONEU1008396,pre_gate,9.2,100000000896
GP,CMAU1008397,pre_gate,7.6,100000000897
RF,SGNG1008398,pre_gate,20.3,100000000898
GP,YMLU1008399,pre_gate,4.3,100000000899
GP,HMMU1008400,pre_gate,29.1,100000000900
RF,MAEU1008401,pre_gate,16.7,100000000901
GP,COSU1008402,pre_gate,14.9,100000000902
GP,EVER1008403,pre_gate,25.2,100000000903
RF,ONEU1008404,pre_gate,24.3,100000000904
GP,CMAU1008405,pre_gate,31.6,100000000905
RF,SGNG1008406,pre_gate,10,100000000906
GP,YMLU1008407,pre_gate,15.6,100000000907
GP,HMMU1008408,pre_gate,24.2,100000000908
GP,MAEU1008409,pre_gate,16.2,100000000909
RF,COSU1008410,pre_gate,7.9,100000000910
RF,EVER1008411,pre_gate,18.6,100000000911
GP,ONEU1008412,pre_gate,5.7,100000000912
RF,CMAU1008413,pre_gate,26.6,100000000913
GP,SGNG1008414,pre_gate,12.5,100000000914
GP,YMLU1008415,pre_gate,22.9,100000000915
GP,HMMU1008416,pre_gate,15.9,100000000916
RF,MAEU1008417,pre_gate,5.5,100000000917
GP,COSU1008418,pre_gate,16.2,100000000918
GP,EVER1008419,pre_gate,8,100000000919
RF,ONEU1008420,pre_gate,17.3,100000000920
GP,CMAU1008421,pre_gate,19.5,100000000921
GP,SGNG1008422,pre_gate,12.1,100000000922
RF,YMLU1008423,pre_gate,2.7,100000000923
RF,HMMU1008424,pre_gate,7.3,100000000924
GP,MAEU1008425,pre_gate,23.3,100000000925
GP,COSU1008426,pre_gate,17.5,100000000926
DANGER,EVER1008427,pre_gate,14.4,100000000927
GP,ONEU1008428,pre_gate,30,100000000928
GP,CMAU1008429,pre_gate,5.9,100000000929
GP,SGNG1008430,pre_gate,26.9,100000000930
DANGER,YMLU1008431,pre_gate,31.9,100000000931
GP,HMMU1008432,pre_gate,31.4,100000000932
RF,MAEU1008433,pre_gate,14.4,100000000933
GP,COSU1008434,pre_gate,17.5,100000000934
GP,EVER1008435,pre_gate,25.6,100000000935
GP,ONEU1008436,pre_gate,14.3,100000000936
GP,CMAU1008437,pre_gate,18.5,100000000937
GP,SGNG1008438,pre_gate,15.1,100000000938
GP,YMLU1008439,pre_gate,4.9,100000000939
GP,HMMU1008440,pre_gate,16.1,100000000940
RF,MAEU1008441,pre_gate,32.2,100000000941
DANGER,COSU1008442,pre_gate,12.1,100000000942
GP,EVER1008443,pre_gate,24.8,100000000943
GP,ONEU1008444,pre_gate,30.3,100000000944
RF,CMAU1008445,pre_gate,13.4,100000000945
RF,SGNG1008446,pre_gate,13.5,100000000946
GP,YMLU1008447,pre_gate,13.1,100000000947
RF,HMMU1008448,pre_gate,11.9,100000000948
GP,MAEU1008449,pre_gate,18.1,100000000949
RF,COSU1008450,pre_gate,13.6,100000000950
RF,EVER1008451,pre_gate,2.5,100000000951
GP,ONEU1008452,pre_gate,28.2,100000000952
GP,CMAU1008453,pre_gate,16.3,100000000953
RF,SGNG1008454,pre_gate,22.8,100000000954
GP,YMLU1008455,pre_gate,28.3,100000000955
RF,HMMU1008456,pre_gate,8.8,100000000956
RF,MAEU1008457,pre_gate,10.6,100000000957
GP,COSU1008458,pre_gate,18.8,100000000958
GP,EVER1008459,pre_gate,11.6,100000000959
GP,ONEU1008460,pre_gate,28.3,100000000960
GP,CMAU1008461,pre_gate,20.9,100000000961
RF,SGNG1008462,pre_gate,21.1,100000000962
RF,YMLU1008463,pre_gate,19.1,100000000963
GP,HMMU1008464,pre_gate,23.3,100000000964
GP,MAEU1008465,pre_gate,7,100000000965
RF,COSU1008466,pre_gate,21.4,100000000966
DANGER,EVER1008467,pre_gate,32.5,100000000967
GP,ONEU1008468,pre_gate,29.3,100000000968
GP,CMAU1008469,pre_gate,28.7,100000000969
GP,SGNG1008470,pre_gate,12.9,100000000970
GP,YMLU1008471,pre_gate,21.6,100000000971
GP,HMMU1008472,pre_gate,8.5,100000000972
GP,MAEU1008473,pre_gate,5.9,100000000973
RF,COSU1008474,pre_gate,18.4,100000000974
GP,EVER1008475,pre_gate,11.9,100000000975
GP,ONEU1008476,pre_gate,28.9,100000000976
GP,CMAU1008477,pre_gate,23.8,100000000977
GP,SGNG1008478,pre_gate,8.4,100000000978
RF,YMLU1008479,pre_gate,19.2,100000000979
GP,HMMU1008480,pre_gate,32.5,100000000980
RF,MAEU1008481,pre_gate,17.4,100000000981
GP,COSU1008482,pre_gate,6.1,100000000982
RF,EVER1008483,pre_gate,27.5,100000000983
GP,ONEU1008484,pre_gate,9.3,100000000984
RF,CMAU1008485,pre_gate,4.9,100000000985
RF,SGNG1008486,pre_gate,11.3,100000000986
GP,YMLU1008487,pre_gate,8.8,100000000987
GP,HMMU1008488,pre_gate,8.1,100000000988
RF,MAEU1008489,pre_gate,29.4,100000000989
GP,COSU1008490,pre_gate,12.4,100000000990
DANGER,EVER1008491,pre_gate,31.3,100000000991
RF,ONEU1008492,pre_gate,32.4,100000000992
RF,CMAU1008493,pre_gate,15.6,100000000993
RF,SGNG1008494,pre_gate,24.9,100000000994
DANGER,YMLU1008495,pre_gate,27.5,100000000995
GP,HMMU1008496,pre_gate,11.8,100000000996
GP,MAEU1008497,pre_gate,9.4,100000000997
GP,COSU1008498,pre_gate,19.3,100000000998
GP,EVER1008499,pre_gate,30.8,100000000999
GP,ONEU1008500,pre_gate,21.1,100000001000
GP,CMAU1008501,pre_gate,8.4,100000001001
RF,SGNG1008502,pre_gate,26.6,100000001002
GP,YMLU1008503,pre_gate,16.4,100000001003
DANGER,HMMU1008504,pre_gate,5.5,100000001004
GP,MAEU1008505,pre_gate,25.8,100000001005
GP,COSU1008506,pre_gate,20.7,100000001006
RF,EVER1008507,pre_gate,4.3,100000001007
RF,ONEU1008508,pre_gate,10.2,100000001008
DANGER,CMAU1008509,pre_gate,13.5,100000001009
GP,SGNG1008510,pre_gate,30.1,100000001010
DANGER,YMLU1008511,pre_gate,27.1,100000001011
RF,HMMU1008512,pre_gate,23,100000001012
GP,MAEU1008513,pre_gate,2.8,100000001013
GP,COSU1008514,pre_gate,27,100000001014
RF,EVER1008515,pre_gate,14.3,100000001015
GP,ONEU1008516,pre_gate,26.9,100000001016
RF,CMAU1008517,pre_gate,32.3,100000001017
RF,SGNG1008518,pre_gate,3.4,100000001018
GP,YMLU1008519,pre_gate,21.7,100000001019
GP,HMMU1008520,pre_gate,20,100000001020
GP,MAEU1008521,pre_gate,19.9,100000001021
DANGER,COSU1008522,pre_gate,11.1,100000001022
GP,EVER1008523,pre_gate,14.3,100000001023
GP,ONEU1008524,pre_gate,27.6,100000001024
GP,CMAU1008525,pre_gate,16.3,100000001025
GP,SGNG1008526,pre_gate,17.6,100000001026
RF,YMLU1008527,pre_gate,15.5,100000001027
GP,HMMU1008528,pre_gate,12.9,100000001028
DANGER,MAEU1008529,pre_gate,23.3,100000001029
RF,COSU1008530,pre_gate,25.2,100000001030
DANGER,EVER1008531,pre_gate,30.7,100000001031
RF,ONEU1008532,pre_gate,32.2,100000001032
RF,CMAU1008533,pre_gate,11.3,100000001033
RF,SGNG1008534,pre_gate,10.7,100000001034
GP,YMLU1008535,pre_gate,8.9,100000001035
GP,HMMU1008536,pre_gate,28.3,100000001036
DANGER,MAEU1008537,pre_gate,8.4,100000001037
DANGER,COSU1008538,pre_gate,4,100000001038
RF,EVER1008539,pre_gate,13.5,100000001039
RF,ONEU1008540,pre_gate,30.5,100000001040
GP,CMAU1008541,pre_gate,3,100000001041
GP,SGNG1008542,pre_gate,12,100000001042
GP,YMLU1008543,pre_gate,31.7,100000001043
GP,HMMU1008544,pre_gate,9.8,100000001044
DANGER,MAEU1008545,pre_gate,8.4,100000001045
GP,COSU1008546,pre_gate,6.4,100000001046
GP,EVER1008547,pre_gate,9.5,100000001047
GP,ONEU1008548,pre_gate,21.8,100000001048
GP,CMAU1008549,pre_gate,8.1,100000001049
GP,SGNG1008550,pre_gate,28.1,100000001050
GP,YMLU1008551,pre_gate,3,100000001051
GP,HMMU1008552,pre_gate,20.4,100000001052
GP,MAEU1008553,pre_gate,29.8,100000001053
GP,COSU1008554,pre_gate,32.3,100000001054
GP,EVER1008555,pre_gate,8.5,100000001055
GP,ONEU1008556,pre_gate,20.5,100000001056
DANGER,CMAU1008557,pre_gate,20,100000001057
RF,SGNG1008558,pre_gate,25.5,100000001058
GP,YMLU1008559,pre_gate,18.6,100000001059
GP,HMMU1008560,pre_gate,29.6,100000001060
GP,MAEU1008561,pre_gate,19.4,100000001061
GP,COSU1008562,pre_gate,31.7,100000001062
GP,EVER1008563,pre_gate,21.2,100000001063
RF,ONEU1008564,pre_gate,6,100000001064
GP,CMAU1008565,pre_gate,5.3,100000001065
GP,SGNG1008566,pre_gate,26.8,100000001066
RF,YMLU1008567,pre_gate,9.9,100000001067
GP,HMMU1008568,pre_gate,25.3,100000001068
RF,MAEU1008569,pre_gate,8.1,100000001069
GP,COSU1008570,pre_gate,30.7,100000001070
RF,EVER1008571,pre_gate,29.5,100000001071
GP,ONEU1008572,pre_gate,4.2,100000001072
GP,CMAU1008573,pre_gate,4,100000001073
DANGER,SGNG1008574,pre_gate,4.9,100000001074
GP,YMLU1008575,pre_gate,10.8,100000001075
DANGER,HMMU1008576,pre_gate,6.7,100000001076
RF,MAEU1008577,pre_gate,3.4,100000001077
DANGER,COSU1008578,pre_gate,3.7,100000001078
GP,EVER1008579,pre_gate,13,100000001079
RF,ONEU1008580,pre_gate,8.4,100000001080
GP,CMAU1008581,pre_gate,31.4,100000001081
RF,SGNG1008582,pre_gate,21.1,100000001082
GP,YMLU1008583,pre_gate,4,100000001083
GP,HMMU1008584,pre_gate,11.6,100000001084
GP,MAEU1008585,pre_gate,29.6,100000001085
DANGER,COSU1008586,pre_gate,24.4,100000001086
GP,EVER1008587,pre_gate,14.8,100000001087
RF,ONEU1008588,pre_gate,18.2,100000001088
GP,CMAU1008589,pre_gate,19,100000001089
GP,SGNG1008590,pre_gate,27.5,100000001090
RF,YMLU1008591,pre_gate,25.2,100000001091
DANGER,HMMU1008592,pre_gate,17.8,100000001092
GP,MAEU1008593,pre_gate,21.5,100000001093
RF,COSU1008594,pre_gate,18.5,100000001094
GP,EVER1008595,pre_gate,8.5,100000001095
GP,ONEU1008596,pre_gate,27.6,100000001096
GP,CMAU1008597,pre_gate,22.3,100000001097
GP,SGNG1008598,pre_gate,25.2,100000001098
RF,YMLU1008599,pre_gate,4.9,100000001099
GP,HMMU1008600,pre_gate,13.4,100000001100
RF,MAEU1008601,pre_gate,31.8,100000001101
DANGER,COSU1008602,pre_gate,17.2,100000001102
RF,EVER1008603,pre_gate,7.8,100000001103
GP,ONEU1008604,pre_gate,13.5,100000001104
GP,CMAU1008605,pre_gate,11.1,100000001105
GP,SGNG1008606,pre_gate,28.5,100000001106
GP,YMLU1008607,pre_gate,19.6,100000001107
GP,HMMU1008608,pre_gate,32.1,100000001108
RF,MAEU1008609,pre_gate,4.2,100000001109
RF,COSU1008610,pre_gate,13.4,100000001110
GP,EVER1008611,pre_gate,2.9,100000001111
GP,ONEU1008612,pre_gate,5.6,100000001112
RF,CMAU1008613,pre_gate,16,100000001113
GP,SGNG1008614,pre_gate,11.5,100000001114
GP,YMLU1008615,pre_gate,16.9,100000001115
GP,HMMU1008616,pre_gate,29.9,100000001116
RF,MAEU1008617,pre_gate,2.5,100000001117
GP,COSU1008618,pre_gate,9.1,100000001118
GP,EVER1008619,pre_gate,20.8,100000001119
GP,ONEU1008620,pre_gate,23.1,100000001120
GP,CMAU1008621,pre_gate,10.2,100000001121
GP,SGNG1008622,pre_gate,11.8,100000001122
GP,YMLU1008623,pre_gate,10.7,100000001123
RF,HMMU1008624,pre_gate,6.4,100000001124
GP,MAEU1008625,pre_gate,22.3,100000001125
GP,COSU1008626,pre_gate,16.6,100000001126
GP,EVER1008627,pre_gate,11.6,100000001127
GP,ONEU1008628,pre_gate,6.1,100000001128
GP,CMAU1008629,pre_gate,30.4,100000001129
RF,SGNG1008630,pre_gate,29.1,100000001130
DANGER,YMLU1008631,pre_gate,8.9,100000001131
RF,HMMU1008632,pre_gate,5.2,100000001132
RF,MAEU1008633,pre_gate,13.4,100000001133
DANGER,COSU1008634,pre_gate,30.1,100000001134
GP,EVER1008635,pre_gate,24.8,100000001135
GP,ONEU1008636,pre_gate,6.9,100000001136
GP,CMAU1008637,pre_gate,10,100000001137
GP,SGNG1008638,pre_gate,25.4,100000001138
RF,YMLU1008639,pre_gate,18,100000001139
RF,HMMU1008640,pre_gate,9.1,100000001140
GP,MAEU1008641,pre_gate,32.1,100000001141
GP,COSU1008642,pre_gate,4.5,100000001142
RF,EVER1008643,pre_gate,13.1,100000001143
GP,ONEU1008644,pre_gate,27.7,100000001144
DANGER,CMAU1008645,pre_gate,4.8,100000001145
GP,SGNG1008646,pre_gate,29.2,100000001146
RF,YMLU1008647,pre_gate,2.9,100000001147
RF,HMMU1008648,pre_gate,25.5,100000001148
GP,MAEU1008649,pre_gate,9.4,100000001149
GP,COSU1008650,pre_gate,24.9,100000001150
GP,EVER1008651,pre_gate,27.5,100000001151
RF,ONEU1008652,pre_gate,24.6,100000001152
RF,CMAU1008653,pre_gate,15.9,100000001153
RF,SGNG1008654,pre_gate,17.6,100000001154
GP,YMLU1008655,pre_gate,19.7,100000001155
GP,HMMU1008656,pre_gate,19.6,100000001156
RF,MAEU1008657,pre_gate,27.6,100000001157
GP,COSU1008658,pre_gate,31.7,100000001158
DANGER,EVER1008659,pre_gate,6.5,100000001159
GP,ONEU1008660,pre_gate,22.4,100000001160
GP,CMAU1008661,pre_gate,26.9,100000001161
GP,SGNG1008662,pre_gate,23.1,100000001162
GP,YMLU1008663,pre_gate,11.4,100000001163
GP,HMMU1008664,pre_gate,13.7,100000001164
GP,MAEU1008665,pre_gate,19.9,100000001165
GP,COSU1008666,pre_gate,24.3,100000001166
RF,EVER1008667,pre_gate,5.5,100000001167
RF,ONEU1008668,pre_gate,6.5,100000001168
GP,CMAU1008669,pre_gate,17.3,100000001169
RF,SGNG1008670,pre_gate,15.2,100000001170
GP,YMLU1008671,pre_gate,22.8,100000001171
GP,HMMU1008672,pre_gate,20.6,100000001172
GP,MAEU1008673,pre_gate,13.1,100000001173
GP,COSU1008674,pre_gate,23.4,100000001174
GP,EVER1008675,pre_gate,22.1,100000001175
GP,ONEU1008676,pre_gate,15.5,100000001176
GP,CMAU1008677,pre_gate,23.7,100000001177
GP,SGNG1008678,pre_gate,5,100000001178
GP,YMLU1008679,pre_gate,14,100000001179
GP,HMMU1008680,pre_gate,26.3,100000001180
RF,MAEU1008681,pre_gate,7.6,100000001181
GP,COSU1008682,pre_gate,3.3,100000001182
GP,EVER1008683,pre_gate,18.6,100000001183
RF,ONEU1008684,pre_gate,16.9,100000001184
GP,CMAU1008685,pre_gate,7.1,100000001185
RF,SGNG1008686,pre_gate,15.2,100000001186
RF,YMLU1008687,pre_gate,23.4,100000001187
GP,HMMU1008688,pre_gate,26.2,100000001188
RF,MAEU1008689,pre_gate,30.3,100000001189
GP,COSU1008690,pre_gate,4.6,100000001190
GP,EVER1008691,pre_gate,16.5,100000001191
RF,ONEU1008692,pre_gate,19.9,100000001192
GP,CMAU1008693,pre_gate,14.3,100000001193
GP,SGNG1008694,pre_gate,8.6,100000001194
RF,YMLU1008695,pre_gate,19.1,100000001195
GP,HMMU1008696,pre_gate,17.1,100000001196
RF,MAEU1008697,pre_gate,15.4,100000001197
RF,COSU1008698,pre_gate,23.6,100000001198
GP,EVER1008699,pre_gate,4.6,100000001199
GP,ONEU1008700,pre_gate,21.1,100000001200
DANGER,CMAU1008701,pre_gate,18.6,100000001201
GP,SGNG1008702,pre_gate,22.7,100000001202
GP,YMLU1008703,pre_gate,20.1,100000001203
GP,HMMU1008704,pre_gate,15.8,100000001204
GP,MAEU1008705,pre_gate,2.6,100000001205
GP,COSU1008706,pre_gate,13.2,100000001206
DANGER,EVER1008707,pre_gate,29.4,100000001207
GP,ONEU1008708,pre_gate,5.3,100000001208
GP,CMAU1008709,pre_gate,29.5,100000001209
RF,SGNG1008710,pre_gate,2.8,100000001210
GP,YMLU1008711,pre_gate,15.7,100000001211
GP,HMMU1008712,pre_gate,17.1,100000001212
GP,MAEU1008713,pre_gate,27.8,100000001213
GP,COSU1008714,pre_gate,8.9,100000001214
GP,EVER1008715,pre_gate,28.9,100000001215
RF,ONEU1008716,pre_gate,19.6,100000001216
GP,CMAU1008717,pre_gate,32.2,100000001217
GP,SGNG1008718,pre_gate,9.5,100000001218
GP,YMLU1008719,pre_gate,18.4,100000001219
GP,HMMU1008720,pre_gate,12.2,100000001220
GP,MAEU1008721,pre_gate,27.9,100000001221
GP,COSU1008722,pre_gate,31.2,100000001222
DANGER,EVER1008723,pre_gate,9.2,100000001223
GP,ONEU1008724,pre_gate,15.3,100000001224
DANGER,CMAU1008725,pre_gate,16,100000001225
GP,SGNG1008726,pre_gate,26.2,100000001226
GP,YMLU1008727,pre_gate,25.7,100000001227
GP,HMMU1008728,pre_gate,6.6,100000001228
RF,MAEU1008729,pre_gate,10.9,100000001229
RF,COSU1008730,pre_gate,17.3,100000001230
GP,EVER1008731,pre_gate,25.2,100000001231
GP,ONEU1008732,pre_gate,12.5,100000001232
GP,CMAU1008733,pre_gate,4.4,100000001233
DANGER,SGNG1008734,pre_gate,7.5,100000001234
GP,YMLU1008735,pre_gate,4.6,100000001235
GP,HMMU1008736,pre_gate,21.3,100000001236
RF,MAEU1008737,pre_gate,12.9,100000001237
GP,COSU1008738,pre_gate,28.6,100000001238
GP,EVER1008739,pre_gate,13.5,100000001239
GP,ONEU1008740,pre_gate,24.3,100000001240
GP,CMAU1008741,pre_gate,22.1,100000001241
DANGER,SGNG1008742,pre_gate,13.7,100000001242
RF,YMLU1008743,pre_gate,30,100000001243
GP,HMMU1008744,pre_gate,25.6,100000001244
GP,MAEU1008745,pre_gate,27.3,100000001245
GP,COSU1008746,pre_gate,3.2,100000001246
GP,EVER1008747,pre_gate,16.3,100000001247
GP,ONEU1008748,pre_gate,4.9,100000001248
GP,CMAU1008749,pre_gate,32,100000001249
GP,SGNG1008750,pre_gate,22.9,100000001250
RF,YMLU1008751,pre_gate,32.1,100000001251
GP,HMMU1008752,pre_gate,10.6,100000001252
GP,MAEU1008753,pre_gate,13.2,100000001253
RF,COSU1008754,pre_gate,18,100000001254
GP,EVER1008755,pre_gate,12.1,100000001255
GP,ONEU1008756,pre_gate,20.2,100000001256
RF,CMAU1008757,pre_gate,4.2,100000001257
GP,SGNG1008758,pre_gate,8.8,100000001258
RF,YMLU1008759,pre_gate,7.9,100000001259
GP,HMMU1008760,pre_gate,24.8,100000001260
GP,MAEU1008761,pre_gate,26.4,100000001261
RF,COSU1008762,pre_gate,3.3,100000001262
GP,EVER1008763,pre_gate,5.5,100000001263
DANGER,ONEU1008764,pre_gate,19.5,100000001264
RF,CMAU1008765,pre_gate,20.7,100000001265
GP,SGNG1008766,pre_gate,28.2,100000001266
GP,YMLU1008767,pre_gate,14.5,100000001267
GP,HMMU1008768,pre_gate,16.6,100000001268
GP,MAEU1008769,pre_gate,9.2,100000001269
DANGER,COSU1008770,pre_gate,4.3,100000001270
GP,EVER1008771,pre_gate,12.1,100000001271
GP,ONEU1008772,pre_gate,30.4,100000001272
GP,CMAU1008773,pre_gate,10.4,100000001273
RF,SGNG1008774,pre_gate,11.5,100000001274
GP,YMLU1008775,pre_gate,9.9,100000001275
GP,HMMU1008776,pre_gate,6.5,100000001276
GP,MAEU1008777,pre_gate,2.5,100000001277
GP,COSU1008778,pre_gate,28.8,100000001278
DANGER,EVER1008779,pre_gate,7.4,100000001279
RF,ONEU1008780,pre_gate,10.1,100000001280
GP,CMAU1008781,pre_gate,24.7,100000001281
GP,SGNG1008782,pre_gate,4.3,100000001282
GP,YMLU1008783,pre_gate,27,100000001283
GP,HMMU1008784,pre_gate,7.3,100000001284
RF,MAEU1008785,pre_gate,18,100000001285
GP,COSU1008786,pre_gate,5,100000001286
GP,EVER1008787,pre_gate,31.3,100000001287
GP,ONEU1008788,pre_gate,13.1,100000001288
GP,CMAU1008789,pre_gate,6.5,100000001289
GP,SGNG1008790,pre_gate,5.3,100000001290
GP,YMLU1008791,pre_gate,15.4,100000001291
GP,HMMU1008792,pre_gate,20.4,100000001292
GP,MAEU1008793,pre_gate,12.9,100000001293
RF,COSU1008794,pre_gate,26.8,100000001294
GP,EVER1008795,pre_gate,13.1,100000001295
GP,ONEU1008796,pre_gate,4,100000001296
GP,CMAU1008797,pre_gate,27.8,100000001297
GP,SGNG1008798,pre_gate,14.5,100000001298
GP,YMLU1008799,pre_gate,22.7,100000001299
GP,HMMU1008800,pre_gate,24.1,100000001300
GP,MAEU1008801,pre_gate,7.8,100000001301
DANGER,COSU1008802,pre_gate,25.3,100000001302
GP,EVER1008803,pre_gate,29.8,100000001303
GP,ONEU1008804,pre_gate,12.7,100000001304
DANGER,CMAU1008805,pre_gate,28.4,100000001305
GP,SGNG1008806,pre_gate,17,100000001306
DANGER,YMLU1008807,pre_gate,24.1,100000001307
GP,HMMU1008808,pre_gate,17.5,100000001308
GP,MAEU1008809,pre_gate,31.2,100000001309
GP,COSU1008810,pre_gate,9,100000001310
RF,EVER1008811,pre_gate,24.5,100000001311
GP,ONEU1008812,pre_gate,15.8,100000001312
GP,CMAU1008813,pre_gate,15.5,100000001313
RF,SGNG1008814,pre_gate,10.1,100000001314
GP,YMLU1008815,pre_gate,4.3,100000001315
GP,HMMU1008816,pre_gate,5.3,100000001316
GP,MAEU1008817,pre_gate,5,100000001317
GP,COSU1008818,pre_gate,18.9,100000001318
GP,EVER1008819,pre_gate,21.4,100000001319
RF,ONEU1008820,pre_gate,9.9,100000001320
GP,CMAU1008821,pre_gate,29.4,100000001321
GP,SGNG1008822,pre_gate,8.9,100000001322
RF,YMLU1008823,pre_gate,28.9,100000001323
GP,HMMU1008824,pre_gate,9.9,100000001324
GP,MAEU1008825,pre_gate,20.4,100000001325
GP,COSU1008826,pre_gate,21.6,100000001326
RF,EVER1008827,pre_gate,16.2,100000001327
RF,ONEU1008828,pre_gate,9,100000001328
RF,CMAU1008829,pre_gate,11.4,100000001329
RF,SGNG1008830,pre_gate,25.1,100000001330
GP,YMLU1008831,pre_gate,3,100000001331
DANGER,HMMU1008832,pre_gate,27.3,100000001332
RF,MAEU1008833,pre_gate,3.9,100000001333
GP,COSU1008834,pre_gate,30.3,100000001334
GP,EVER1008835,pre_gate,10,100000001335
GP,ONEU1008836,pre_gate,11.3,100000001336
GP,CMAU1008837,pre_gate,24.8,100000001337
DANGER,SGNG1008838,pre_gate,8.3,100000001338
GP,YMLU1008839,pre_gate,21.3,100000001339
GP,HMMU1008840,pre_gate,9.3,100000001340
DANGER,MAEU1008841,pre_gate,23.6,100000001341
GP,COSU1008842,pre_gate,16.6,100000001342
GP,EVER1008843,pre_gate,7.9,100000001343
GP,ONEU1008844,pre_gate,29.1,100000001344
GP,CMAU1008845,pre_gate,18.6,100000001345
GP,SGNG1008846,pre_gate,15.4,100000001346
GP,YMLU1008847,pre_gate,12.9,100000001347
RF,HMMU1008848,pre_gate,24.8,100000001348
RF,MAEU1008849,pre_gate,10.2,100000001349
GP,COSU1008850,pre_gate,9.5,100000001350
GP,EVER1008851,pre_gate,18.8,100000001351
GP,ONEU1008852,pre_gate,18.8,100000001352
GP,CMAU1008853,pre_gate,27.9,100000001353
GP,SGNG1008854,pre_gate,4.1,100000001354
GP,YMLU1008855,pre_gate,7.9,100000001355
RF,HMMU1008856,pre_gate,10.6,100000001356
GP,MAEU1008857,pre_gate,25.8,100000001357
GP,COSU1008858,pre_gate,6.8,100000001358
GP,EVER1008859,pre_gate,22.1,100000001359
GP,ONEU1008860,pre_gate,18.2,100000001360
GP,CMAU1008861,pre_gate,22.2,100000001361
GP,SGNG1008862,pre_gate,19.6,100000001362
GP,YMLU1008863,pre_gate,18.6,100000001363
RF,HMMU1008864,pre_gate,18.6,100000001364
DANGER,MAEU1008865,pre_gate,5.8,100000001365
RF,COSU1008866,pre_gate,5.6,100000001366
GP,EVER1008867,pre_gate,21.5,100000001367
GP,ONEU1008868,pre_gate,31.5,100000001368
GP,CMAU1008869,pre_gate,7.5,100000001369
GP,SGNG1008870,pre_gate,32.3,100000001370
GP,YMLU1008871,pre_gate,32,100000001371
GP,HMMU1008872,pre_gate,13.7,100000001372
RF,MAEU1008873,pre_gate,31.6,100000001373
DANGER,COSU1008874,pre_gate,13.1,100000001374
GP,EVER1008875,pre_gate,31.8,100000001375
RF,ONEU1008876,pre_gate,22.3,100000001376
RF,CMAU1008877,pre_gate,4.9,100000001377
GP,SGNG1008878,pre_gate,20.4,100000001378
DANGER,YMLU1008879,pre_gate,23.8,100000001379
GP,HMMU1008880,pre_gate,4.4,100000001380
GP,MAEU1008881,pre_gate,22.2,100000001381
GP,COSU1008882,pre_gate,3.7,100000001382
GP,EVER1008883,pre_gate,20.6,100000001383
RF,ONEU1008884,pre_gate,17.6,100000001384
DANGER,CMAU1008885,pre_gate,12.5,100000001385
GP,SGNG1008886,pre_gate,18.2,100000001386
RF,YMLU1008887,pre_gate,23.5,100000001387
GP,HMMU1008888,pre_gate,22.4,100000001388
GP,MAEU1008889,pre_gate,31.3,100000001389
GP,COSU1008890,pre_gate,14.6,100000001390
GP,EVER1008891,pre_gate,21,100000001391
GP,ONEU1008892,pre_gate,14.3,100000001392
GP,CMAU1008893,pre_gate,7.6,100000001393
GP,SGNG1008894,pre_gate,26.7,100000001394
RF,YMLU1008895,pre_gate,13,100000001395
GP,HMMU1008896,pre_gate,7.5,100000001396
GP,MAEU1008897,pre_gate,16.7,100000001397
GP,COSU1008898,pre_gate,23,100000001398
RF,EVER1008899,pre_gate,3.5,100000001399
GP,ONEU1008900,pre_gate,19.1,100000001400
DANGER,CMAU1008901,pre_gate,7.4,100000001401
GP,SGNG1008902,pre_gate,2.6,100000001402
GP,YMLU1008903,pre_gate,9.2,100000001403
GP,HMMU1008904,pre_gate,15.5,100000001404
GP,MAEU1008905,pre_gate,17.3,100000001405
RF,COSU1008906,pre_gate,2.8,100000001406
GP,EVER1008907,pre_gate,10.7,100000001407
DANGER,ONEU1008908,pre_gate,10.8,100000001408
GP,CMAU1008909,pre_gate,26.8,100000001409
GP,SGNG1008910,pre_gate,26.1,100000001410
GP,YMLU1008911,pre_gate,29.6,100000001411
GP,HMMU1008912,pre_gate,24.4,100000001412
RF,MAEU1008913,pre_gate,8.5,100000001413
DANGER,COSU1008914,pre_gate,15.2,100000001414
GP,EVER1008915,pre_gate,24.7,100000001415
GP,ONEU1008916,pre_gate,26.9,100000001416
GP,CMAU1008917,pre_gate,6.7,100000001417
GP,SGNG1008918,pre_gate,5.7,100000001418
GP,YMLU1008919,pre_gate,5,100000001419
RF,HMMU1008920,pre_gate,18.9,100000001420
RF,MAEU1008921,pre_gate,5.7,100000001421
RF,COSU1008922,pre_gate,25.9,100000001422
GP,EVER1008923,pre_gate,28.5,100000001423
GP,ONEU1008924,pre_gate,19.4,100000001424
RF,CMAU1008925,pre_gate,30.7,100000001425
GP,SGNG1008926,pre_gate,32.1,100000001426
GP,YMLU1008927,pre_gate,15.6,100000001427
GP,HMMU1008928,pre_gate,16.6,100000001428
GP,MAEU1008929,pre_gate,14.9,100000001429
GP,COSU1008930,pre_gate,30.3,100000001430
DANGER,EVER1008931,pre_gate,29,100000001431
GP,ONEU1008932,pre_gate,31.5,100000001432
GP,CMAU1008933,pre_gate,6.5,100000001433
GP,SGNG1008934,pre_gate,30.6,100000001434
RF,YMLU1008935,pre_gate,17.2,100000001435
GP,HMMU1008936,pre_gate,8.1,100000001436
RF,MAEU1008937,pre_gate,28.4,100000001437
DANGER,COSU1008938,pre_gate,11.6,100000001438
GP,EVER1008939,pre_gate,18.6,100000001439
GP,ONEU1008940,pre_gate,27.1,100000001440
GP,CMAU1008941,pre_gate,29.3,100000001441
RF,SGNG1008942,pre_gate,28.7,100000001442
RF,YMLU1008943,pre_gate,5.8,100000001443
GP,HMMU1008944,pre_gate,23.5,100000001444
DANGER,MAEU1008945,pre_gate,30.4,100000001445
GP,COSU1008946,pre_gate,2.7,100000001446
GP,EVER1008947,pre_gate,28.4,100000001447
RF,ONEU1008948,pre_gate,20.2,100000001448
GP,CMAU1008949,pre_gate,8.8,100000001449
GP,SGNG1008950,pre_gate,20,100000001450
GP,YMLU1008951,pre_gate,19.3,100000001451
RF,HMMU1008952,pre_gate,22.1,100000001452
GP,MAEU1008953,pre_gate,3.1,100000001453
RF,COSU1008954,pre_gate,8.7,100000001454
GP,EVER1008955,pre_gate,4.5,100000001455
GP,ONEU1008956,pre_gate,12.2,100000001456
GP,CMAU1008957,pre_gate,4.6,100000001457
GP,SGNG1008958,pre_gate,4.2,100000001458
RF,YMLU1008959,pre_gate,8,100000001459
GP,HMMU1008960,pre_gate,29.3,100000001460
GP,MAEU1008961,pre_gate,25.6,100000001461
GP,COSU1008962,pre_gate,9,100000001462
GP,EVER1008963,pre_gate,7.2,100000001463
GP,ONEU1008964,pre_gate,18.5,100000001464
DANGER,CMAU1008965,pre_gate,9.5,100000001465
RF,SGNG1008966,pre_gate,3.7,100000001466
GP,YMLU1008967,pre_gate,9.2,100000001467
GP,HMMU1008968,pre_gate,10.6,100000001468
GP,MAEU1008969,pre_gate,9.4,100000001469
GP,COSU1008970,pre_gate,9.7,100000001470
GP,EVER1008971,pre_gate,30.3,100000001471
GP,ONEU1008972,pre_gate,26.5,100000001472
GP,CMAU1008973,pre_gate,22.5,100000001473
GP,SGNG1008974,pre_gate,11.5,100000001474
GP,YMLU1008975,pre_gate,22.8,100000001475
GP,HMMU1008976,pre_gate,17.8,100000001476
GP,MAEU1008977,pre_gate,25.2,100000001477
GP,COSU1008978,pre_gate,10.1,100000001478
GP,EVER1008979,pre_gate,29.4,100000001479
GP,ONEU1008980,pre_gate,18.3,100000001480
GP,CMAU1008981,pre_gate,20.3,100000001481
GP,SGNG1008982,pre_gate,11.4,100000001482
RF,YMLU1008983,pre_gate,4,100000001483
RF,HMMU1008984,pre_gate,5.2,100000001484
GP,MAEU1008985,pre_gate,8.6,100000001485
DANGER,COSU1008986,pre_gate,8,100000001486
RF,EVER1008987,pre_gate,16.7,100000001487
GP,ONEU1008988,pre_gate,14.7,100000001488
GP,CMAU1008989,pre_gate,18.3,100000001489
RF,SGNG1008990,pre_gate,27.1,100000001490
RF,YMLU1008991,pre_gate,19.5,100000001491
GP,HMMU1008992,pre_gate,12,100000001492
DANGER,MAEU1008993,pre_gate,5.1,100000001493
GP,COSU1008994,pre_gate,31.3,100000001494
GP,EVER1008995,pre_gate,11,100000001495
RF,ONEU1008996,pre_gate,11.4,100000001496
GP,CMAU1008997,pre_gate,20.5,100000001497
GP,SGNG1008998,pre_gate,25.2,100000001498
GP,YMLU1008999,pre_gate,15.4,100000001499
GP,HMMU1009000,pre_gate,16.5,100000001500
GP,MAEU1009001,pre_gate,3.7,100000000001
GP,COSU1009002,pre_gate,27,100000000002
GP,EVER1009003,pre_gate,29.6,100000000003
DANGER,ONEU1009004,pre_gate,7.2,100000000004
GP,CMAU1009005,pre_gate,11.5,100000000005
GP,SGNG1009006,pre_gate,18.4,100000000006
GP,YMLU1009007,pre_gate,4.1,100000000007
GP,HMMU1009008,pre_gate,14.3,100000000008
GP,MAEU1009009,pre_gate,11.7,100000000009
GP,COSU1009010,pre_gate,4.1,100000000010
DANGER,EVER1009011,pre_gate,25.1,100000000011
RF,ONEU1009012,pre_gate,20.6,100000000012
RF,CMAU1009013,pre_gate,13.4,100000000013
RF,SGNG1009014,pre_gate,15.4,100000000014
RF,YMLU1009015,pre_gate,17.9,100000000015
RF,HMMU1009016,pre_gate,24.6,100000000016
GP,MAEU1009017,pre_gate,8,100000000017
GP,COSU1009018,pre_gate,26.1,100000000018
GP,EVER1009019,pre_gate,3.3,100000000019
GP,ONEU1009020,pre_gate,5.5,100000000020
RF,CMAU1009021,pre_gate,19.3,100000000021
RF,SGNG1009022,pre_gate,9.2,100000000022
RF,YMLU1009023,pre_gate,23.7,100000000023
GP,HMMU1009024,pre_gate,26.3,100000000024
RF,MAEU1009025,pre_gate,8.6,100000000025
GP,COSU1009026,pre_gate,10.4,100000000026
GP,EVER1009027,pre_gate,5.6,100000000027
DANGER,ONEU1009028,pre_gate,16.2,100000000028
RF,CMAU1009029,pre_gate,22.2,100000000029
GP,SGNG1009030,pre_gate,21,100000000030
DANGER,YMLU1009031,pre_gate,18.9,100000000031
GP,HMMU1009032,pre_gate,14.6,100000000032
GP,MAEU1009033,pre_gate,12,100000000033
RF,COSU1009034,pre_gate,3.6,100000000034
DANGER,EVER1009035,pre_gate,21.3,100000000035
GP,ONEU1009036,pre_gate,14.7,100000000036
GP,CMAU1009037,pre_gate,18.6,100000000037
GP,SGNG1009038,pre_gate,10.9,100000000038
GP,YMLU1009039,pre_gate,20,100000000039
GP,HMMU1009040,pre_gate,29,100000000040
RF,MAEU1009041,pre_gate,25.8,100000000041
GP,COSU1009042,pre_gate,24.6,100000000042
GP,EVER1009043,pre_gate,17.4,100000000043
GP,ONEU1009044,pre_gate,21.8,100000000044
RF,CMAU1009045,pre_gate,3.5,100000000045
GP,SGNG1009046,pre_gate,12.5,100000000046
RF,YMLU1009047,pre_gate,28.6,100000000047
DANGER,HMMU1009048,pre_gate,15.3,100000000048
GP,MAEU1009049,pre_gate,12.5,100000000049
GP,COSU1009050,pre_gate,13.8,100000000050
DANGER,EVER1009051,pre_gate,31.6,100000000051
GP,ONEU1009052,pre_gate,6.7,100000000052
DANGER,CMAU1009053,pre_gate,6.2,100000000053
RF,SGNG1009054,pre_gate,22.1,100000000054
GP,YMLU1009055,pre_gate,23.7,100000000055
GP,HMMU1009056,pre_gate,16.6,100000000056
GP,MAEU1009057,pre_gate,18.5,100000000057
RF,COSU1009058,pre_gate,30.9,100000000058
RF,EVER1009059,pre_gate,7.9,100000000059
RF,ONEU1009060,pre_gate,30.1,100000000060
GP,CMAU1009061,pre_gate,10.4,100000000061
GP,SGNG1009062,pre_gate,29.7,100000000062
GP,YMLU1009063,pre_gate,20,100000000063
RF,HMMU1009064,pre_gate,24.6,100000000064
GP,MAEU1009065,pre_gate,21.7,100000000065
GP,COSU1009066,pre_gate,25.3,100000000066
GP,EVER1009067,pre_gate,19.2,100000000067
GP,ONEU1009068,pre_gate,17.3,100000000068
GP,CMAU1009069,pre_gate,10.7,100000000069
RF,SGNG1009070,pre_gate,3,100000000070
RF,YMLU1009071,pre_gate,16,100000000071
RF,HMMU1009072,pre_gate,30.7,100000000072
RF,MAEU1009073,pre_gate,26.2,100000000073
GP,COSU1009074,pre_gate,4.2,100000000074
GP,EVER1009075,pre_gate,25.5,100000000075
RF,ONEU1009076,pre_gate,21.4,100000000076
GP,CMAU1009077,pre_gate,9.1,100000000077
RF,SGNG1009078,pre_gate,21.9,100000000078
GP,YMLU1009079,pre_gate,16.8,100000000079
GP,HMMU1009080,pre_gate,15.7,100000000080
GP,MAEU1009081,pre_gate,16,100000000081
GP,COSU1009082,pre_gate,3.1,100000000082
GP,EVER1009083,pre_gate,9.9,100000000083
GP,ONEU1009084,pre_gate,27.1,100000000084
RF,CMAU1009085,pre_gate,16.7,100000000085
RF,SGNG1009086,pre_gate,8.5,100000000086
RF,YMLU1009087,pre_gate,23.3,100000000087
GP,HMMU1009088,pre_gate,14.3,100000000088
GP,MAEU1009089,pre_gate,29.9,100000000089
GP,COSU1009090,pre_gate,31.9,100000000090
GP,EVER1009091,pre_gate,9.2,100000000091
GP,ONEU1009092,pre_gate,11.1,100000000092
GP,CMAU1009093,pre_gate,32.2,100000000093
DANGER,SGNG1009094,pre_gate,3.4,100000000094
GP,YMLU1009095,pre_gate,31.7,100000000095
DANGER,HMMU1009096,pre_gate,9.2,100000000096
RF,MAEU1009097,pre_gate,3.3,100000000097
GP,COSU1009098,pre_gate,6.6,100000000098
GP,EVER1009099,pre_gate,28.2,100000000099
RF,ONEU1009100,pre_gate,4.2,100000000100
GP,CMAU1009101,pre_gate,6.1,100000000101
GP,SGNG1009102,pre_gate,7.8,100000000102
DANGER,YMLU1009103,pre_gate,14.6,100000000103
GP,HMMU1009104,pre_gate,9.5,100000000104
GP,MAEU1009105,pre_gate,22.6,100000000105
GP,COSU1009106,pre_gate,16.9,100000000106
RF,EVER1009107,pre_gate,29.4,100000000107
GP,ONEU1009108,pre_gate,10.1,100000000108
GP,CMAU1009109,pre_gate,11.5,100000000109
GP,SGNG1009110,pre_gate,6.2,100000000110
DANGER,YMLU1009111,pre_gate,28.2,100000000111
GP,HMMU1009112,pre_gate,12.9,100000000112
RF,MAEU1009113,pre_gate,29.6,100000000113
GP,COSU1009114,pre_gate,5.2,100000000114
RF,EVER1009115,pre_gate,31.6,100000000115
GP,ONEU1009116,pre_gate,28.4,100000000116
GP,CMAU1009117,pre_gate,15.3,100000000117
GP,SGNG1009118,pre_gate,18.2,100000000118
GP,YMLU1009119,pre_gate,25.7,100000000119
GP,HMMU1009120,pre_gate,20,100000000120
GP,MAEU1009121,pre_gate,29.2,100000000121
RF,COSU1009122,pre_gate,25.4,100000000122
RF,EVER1009123,pre_gate,30.4,100000000123
DANGER,ONEU1009124,pre_gate,8.3,100000000124
DANGER,CMAU1009125,pre_gate,23.3,100000000125
GP,SGNG1009126,pre_gate,19.1,100000000126
RF,YMLU1009127,pre_gate,28.4,100000000127
RF,HMMU1009128,pre_gate,22.2,100000000128
GP,MAEU1009129,pre_gate,26.3,100000000129
GP,COSU1009130,pre_gate,29,100000000130
DANGER,EVER1009131,pre_gate,32.1,100000000131
GP,ONEU1009132,pre_gate,4,100000000132
GP,CMAU1009133,pre_gate,9.9,100000000133
DANGER,SGNG1009134,pre_gate,13.5,100000000134
RF,YMLU1009135,pre_gate,17.2,100000000135
GP,HMMU1009136,pre_gate,28.5,100000000136
RF,MAEU1009137,pre_gate,29.9,100000000137
DANGER,COSU1009138,pre_gate,29.4,100000000138
RF,EVER1009139,pre_gate,14,100000000139
GP,ONEU1009140,pre_gate,21.4,100000000140
GP,CMAU1009141,pre_gate,21.1,100000000141
GP,SGNG1009142,pre_gate,18.7,100000000142
GP,YMLU1009143,pre_gate,13.5,100000000143
RF,HMMU1009144,pre_gate,15.3,100000000144
DANGER,MAEU1009145,pre_gate,9,100000000145
GP,COSU1009146,pre_gate,22.1,100000000146
RF,EVER1009147,pre_gate,30.8,100000000147
DANGER,ONEU1009148,pre_gate,15.5,100000000148
GP,CMAU1009149,pre_gate,13.7,100000000149
GP,SGNG1009150,pre_gate,23.9,100000000150
RF,YMLU1009151,pre_gate,12.7,100000000151
RF,HMMU1009152,pre_gate,9.1,100000000152
RF,MAEU1009153,pre_gate,7.3,100000000153
DANGER,COSU1009154,pre_gate,27.2,100000000154
GP,EVER1009155,pre_gate,6.6,100000000155
GP,ONEU1009156,pre_gate,5.9,100000000156
GP,CMAU1009157,pre_gate,30.6,100000000157
GP,SGNG1009158,pre_gate,20.5,100000000158
GP,YMLU1009159,pre_gate,23.3,100000000159
DANGER,HMMU1009160,pre_gate,18.2,100000000160
GP,MAEU1009161,pre_gate,9.1,100000000161
GP,COSU1009162,pre_gate,15.1,100000000162
GP,EVER1009163,pre_gate,31.6,100000000163
GP,ONEU1009164,pre_gate,6.1,100000000164
GP,CMAU1009165,pre_gate,10.2,100000000165
GP,SGNG1009166,pre_gate,7.3,100000000166
GP,YMLU1009167,pre_gate,12.3,100000000167
RF,HMMU1009168,pre_gate,9.3,100000000168
GP,MAEU1009169,pre_gate,19.7,100000000169
RF,COSU1009170,pre_gate,17.4,100000000170
GP,EVER1009171,pre_gate,19.6,100000000171
GP,ONEU1009172,pre_gate,11.9,100000000172
RF,CMAU1009173,pre_gate,27.3,100000000173
GP,SGNG1009174,pre_gate,9.8,100000000174
GP,YMLU1009175,pre_gate,22.4,100000000175
DANGER,HMMU1009176,pre_gate,9.9,100000000176
GP,MAEU1009177,pre_gate,29.7,100000000177
RF,COSU1009178,pre_gate,8.7,100000000178
GP,EVER1009179,pre_gate,19,100000000179
GP,ONEU1009180,pre_gate,18.4,100000000180
DANGER,CMAU1009181,pre_gate,6.6,100000000181
GP,SGNG1009182,pre_gate,2.8,100000000182
GP,YMLU1009183,pre_gate,31.2,100000000183
GP,HMMU1009184,pre_gate,8,100000000184
GP,MAEU1009185,pre_gate,10.9,100000000185
GP,COSU1009186,pre_gate,15.2,100000000186
GP,EVER1009187,pre_gate,10.8,100000000187
GP,ONEU1009188,pre_gate,4.9,100000000188
RF,CMAU1009189,pre_gate,24.2,100000000189
GP,SGNG1009190,pre_gate,2.7,100000000190
GP,YMLU1009191,pre_gate,12.3,100000000191
RF,HMMU1009192,pre_gate,21,100000000192
RF,MAEU1009193,pre_gate,25.4,100000000193
DANGER,COSU1009194,pre_gate,12.4,100000000194
GP,EVER1009195,pre_gate,18.6,100000000195
RF,ONEU1009196,pre_gate,30.5,100000000196
GP,CMAU1009197,pre_gate,8.1,100000000197
GP,SGNG1009198,pre_gate,7.4,100000000198
GP,YMLU1009199,pre_gate,31.3,100000000199
GP,HMMU1009200,pre_gate,23.3,100000000200
RF,MAEU1009201,pre_gate,18.8,100000000201
GP,COSU1009202,pre_gate,11.7,100000000202
RF,EVER1009203,pre_gate,5.1,100000000203
GP,ONEU1009204,pre_gate,23.5,100000000204
GP,CMAU1009205,pre_gate,10.4,100000000205
GP,SGNG1009206,pre_gate,11,100000000206
RF,YMLU1009207,pre_gate,5.5,100000000207
DANGER,HMMU1009208,pre_gate,5,100000000208
RF,MAEU1009209,pre_gate,21.2,100000000209
GP,COSU1009210,pre_gate,23.3,100000000210
RF,EVER1009211,pre_gate,24.6,100000000211
RF,ONEU1009212,pre_gate,7.7,100000000212
GP,CMAU1009213,pre_gate,5.6,100000000213
GP,SGNG1009214,pre_gate,26.2,100000000214
GP,YMLU1009215,pre_gate,11.2,100000000215
DANGER,HMMU1009216,pre_gate,26.4,100000000216
GP,MAEU1009217,pre_gate,5,100000000217
RF,COSU1009218,pre_gate,22.9,100000000218
GP,EVER1009219,pre_gate,8.3,100000000219
GP,ONEU1009220,pre_gate,7.4,100000000220
GP,CMAU1009221,pre_gate,16.7,100000000221
RF,SGNG1009222,pre_gate,25.5,100000000222
GP,YMLU1009223,pre_gate,12.9,100000000223
RF,HMMU1009224,pre_gate,23.4,100000000224
GP,MAEU1009225,pre_gate,19.6,100000000225
GP,COSU1009226,pre_gate,25.4,100000000226
GP,EVER1009227,pre_gate,15.9,100000000227
GP,ONEU1009228,pre_gate,14.8,100000000228
GP,CMAU1009229,pre_gate,21.9,100000000229
RF,SGNG1009230,pre_gate,26.9,100000000230
GP,YMLU1009231,pre_gate,6.5,100000000231
RF,HMMU1009232,pre_gate,18.2,100000000232
GP,MAEU1009233,pre_gate,29.1,100000000233
RF,COSU1009234,pre_gate,22.3,100000000234
GP,EVER1009235,pre_gate,2.7,100000000235
RF,ONEU1009236,pre_gate,4.2,100000000236
GP,CMAU1009237,pre_gate,15.7,100000000237
GP,SGNG1009238,pre_gate,6.8,100000000238
GP,YMLU1009239,pre_gate,12.6,100000000239
GP,HMMU1009240,pre_gate,26.1,100000000240
DANGER,MAEU1009241,pre_gate,20.8,100000000241
RF,COSU1009242,pre_gate,20.7,100000000242
RF,EVER1009243,pre_gate,16.6,100000000243
RF,ONEU1009244,pre_gate,9.4,100000000244
GP,CMAU1009245,pre_gate,5.3,100000000245
RF,SGNG1009246,pre_gate,11.3,100000000246
GP,YMLU1009247,pre_gate,3.5,100000000247
GP,HMMU1009248,pre_gate,30.7,100000000248
GP,MAEU1009249,pre_gate,32.1,100000000249
GP,COSU1009250,pre_gate,14.4,100000000250
RF,EVER1009251,pre_gate,11.7,100000000251
RF,ONEU1009252,pre_gate,18.6,100000000252
RF,CMAU1009253,pre_gate,4,100000000253
RF,SGNG1009254,pre_gate,23.9,100000000254
RF,YMLU1009255,pre_gate,29.3,100000000255
GP,HMMU1009256,pre_gate,14.9,100000000256
RF,MAEU1009257,pre_gate,27.2,100000000257
DANGER,COSU1009258,pre_gate,19.6,100000000258
GP,EVER1009259,pre_gate,19.3,100000000259
GP,ONEU1009260,pre_gate,9.2,100000000260
GP,CMAU1009261,pre_gate,22.5,100000000261
GP,SGNG1009262,pre_gate,23.9,100000000262
GP,YMLU1009263,pre_gate,25.5,100000000263
RF,HMMU1009264,pre_gate,31.1,100000000264
GP,MAEU1009265,pre_gate,5,100000000265
GP,COSU1009266,pre_gate,11.8,100000000266
GP,EVER1009267,pre_gate,5.4,100000000267
GP,ONEU1009268,pre_gate,30.3,100000000268
GP,CMAU1009269,pre_gate,28,100000000269
DANGER,SGNG1009270,pre_gate,16.3,100000000270
GP,YMLU1009271,pre_gate,20.4,100000000271
DANGER,HMMU1009272,pre_gate,8.8,100000000272
GP,MAEU1009273,pre_gate,26.6,100000000273
GP,COSU1009274,pre_gate,29,100000000274
GP,EVER1009275,pre_gate,31.7,100000000275
GP,ONEU1009276,pre_gate,32.5,100000000276
GP,CMAU1009277,pre_gate,9.3,100000000277
RF,SGNG1009278,pre_gate,29,100000000278
GP,YMLU1009279,pre_gate,20.3,100000000279
RF,HMMU1009280,pre_gate,26.1,100000000280
GP,MAEU1009281,pre_gate,27,100000000281
GP,COSU1009282,pre_gate,19.2,100000000282
RF,EVER1009283,pre_gate,24.8,100000000283
RF,ONEU1009284,pre_gate,14.5,100000000284
GP,CMAU1009285,pre_gate,3.2,100000000285
GP,SGNG1009286,pre_gate,27.8,100000000286
RF,YMLU1009287,pre_gate,10.4,100000000287
DANGER,HMMU1009288,pre_gate,14.4,100000000288
RF,MAEU1009289,pre_gate,26.7,100000000289
GP,COSU1009290,pre_gate,29.7,100000000290
RF,EVER1009291,pre_gate,29.8,100000000291
GP,ONEU1009292,pre_gate,3.1,100000000292
GP,CMAU1009293,pre_gate,28.1,100000000293
GP,SGNG1009294,pre_gate,7.5,100000000294
GP,YMLU1009295,pre_gate,24.8,100000000295
GP,HMMU1009296,pre_gate,17.8,100000000296
GP,MAEU1009297,pre_gate,16.6,100000000297
GP,COSU1009298,pre_gate,19.9,100000000298
GP,EVER1009299,pre_gate,23.4,100000000299
GP,ONEU1009300,pre_gate,19.8,100000000300
GP,CMAU1009301,pre_gate,28.1,100000000301
RF,SGNG1009302,pre_gate,28.2,100000000302
RF,YMLU1009303,pre_gate,26.6,100000000303
RF,HMMU1009304,pre_gate,17,100000000304
GP,MAEU1009305,pre_gate,11.2,100000000305
RF,COSU1009306,pre_gate,29.1,100000000306
GP,EVER1009307,pre_gate,8.9,100000000307
GP,ONEU1009308,pre_gate,8.5,100000000308
RF,CMAU1009309,pre_gate,24.3,100000000309
RF,SGNG1009310,pre_gate,26.8,100000000310
GP,YMLU1009311,pre_gate,30.5,100000000311
RF,HMMU1009312,pre_gate,13.4,100000000312
GP,MAEU1009313,pre_gate,6.3,100000000313
GP,COSU1009314,pre_gate,27.5,100000000314
GP,EVER1009315,pre_gate,25.9,100000000315
GP,ONEU1009316,pre_gate,26.2,100000000316
GP,CMAU1009317,pre_gate,14.1,100000000317
RF,SGNG1009318,pre_gate,32,100000000318
GP,YMLU1009319,pre_gate,16.7,100000000319
GP,HMMU1009320,pre_gate,19.7,100000000320
DANGER,MAEU1009321,pre_gate,5.6,100000000321
GP,COSU1009322,pre_gate,17,100000000322
DANGER,EVER1009323,pre_gate,26.9,100000000323
RF,ONEU1009324,pre_gate,29.1,100000000324
GP,CMAU1009325,pre_gate,9.7,100000000325
GP,SGNG1009326,pre_gate,4,100000000326
GP,YMLU1009327,pre_gate,5.7,100000000327
GP,HMMU1009328,pre_gate,11.4,100000000328
GP,MAEU1009329,pre_gate,22.6,100000000329
DANGER,COSU1009330,pre_gate,17.6,100000000330
GP,EVER1009331,pre_gate,7.5,100000000331
GP,ONEU1009332,pre_gate,14.6,100000000332
GP,CMAU1009333,pre_gate,4.8,100000000333
RF,SGNG1009334,pre_gate,5.7,100000000334
GP,YMLU1009335,pre_gate,3.7,100000000335
RF,HMMU1009336,pre_gate,12.5,100000000336
RF,MAEU1009337,pre_gate,29,100000000337
RF,COSU1009338,pre_gate,31.3,100000000338
GP,EVER1009339,pre_gate,6.6,100000000339
GP,ONEU1009340,pre_gate,32.5,100000000340
GP,CMAU1009341,pre_gate,19.8,100000000341
GP,SGNG1009342,pre_gate,11.4,100000000342
GP,YMLU1009343,pre_gate,11.7,100000000343
GP,HMMU1009344,pre_gate,28,100000000344
GP,MAEU1009345,pre_gate,25.4,100000000345
GP,COSU1009346,pre_gate,8.4,100000000346
GP,EVER1009347,pre_gate,14.6,100000000347
RF,ONEU1009348,pre_gate,29.8,100000000348
GP,CMAU1009349,pre_gate,15.5,100000000349
GP,SGNG1009350,pre_gate,6.4,100000000350
GP,YMLU1009351,pre_gate,5.2,100000000351
DANGER,HMMU1009352,pre_gate,11.2,100000000352
GP,MAEU1009353,pre_gate,16.5,100000000353
GP,COSU1009354,pre_gate,20.2,100000000354
DANGER,EVER1009355,pre_gate,19.7,100000000355
GP,ONEU1009356,pre_gate,8,100000000356
GP,CMAU1009357,pre_gate,19.8,100000000357
GP,SGNG1009358,pre_gate,26.8,100000000358
GP,YMLU1009359,pre_gate,12.7,100000000359
GP,HMMU1009360,pre_gate,32.1,100000000360
GP,MAEU1009361,pre_gate,24.6,100000000361
RF,COSU1009362,pre_gate,10.5,100000000362
GP,EVER1009363,pre_gate,32.1,100000000363
RF,ONEU1009364,pre_gate,31.4,100000000364
GP,CMAU1009365,pre_gate,29.4,100000000365
GP,SGNG1009366,pre_gate,27.4,100000000366
RF,YMLU1009367,pre_gate,5.6,100000000367
GP,HMMU1009368,pre_gate,28.7,100000000368
GP,MAEU1009369,pre_gate,4.8,100000000369
GP,COSU1009370,pre_gate,8.4,100000000370
GP,EVER1009371,pre_gate,32.3,100000000371
GP,ONEU1009372,pre_gate,14.2,100000000372
DANGER,CMAU1009373,pre_gate,28.7,100000000373
GP,SGNG1009374,pre_gate,28.6,100000000374
GP,YMLU1009375,pre_gate,23.3,100000000375
RF,HMMU1009376,pre_gate,6.2,100000000376
GP,MAEU1009377,pre_gate,6.1,100000000377
GP,COSU1009378,pre_gate,12.5,100000000378
RF,EVER1009379,pre_gate,3.5,100000000379
GP,ONEU1009380,pre_gate,26.4,100000000380
RF,CMAU1009381,pre_gate,11.2,100000000381
GP,SGNG1009382,pre_gate,32.1,100000000382
RF,YMLU1009383,pre_gate,6.2,100000000383
GP,HMMU1009384,pre_gate,16.9,100000000384
RF,MAEU1009385,pre_gate,24.8,100000000385
GP,COSU1009386,pre_gate,4.8,100000000386
RF,EVER1009387,pre_gate,17.7,100000000387
GP,ONEU1009388,pre_gate,2.6,100000000388
GP,CMAU1009389,pre_gate,29.3,100000000389
GP,SGNG1009390,pre_gate,29.6,100000000390
RF,YMLU1009391,pre_gate,21.2,100000000391
GP,HMMU1009392,pre_gate,14.4,100000000392
RF,MAEU1009393,pre_gate,19.5,100000000393
GP,COSU1009394,pre_gate,29.6,100000000394
GP,EVER1009395,pre_gate,21.8,100000000395
DANGER,ONEU1009396,pre_gate,9.4,100000000396
GP,CMAU1009397,pre_gate,22.1,100000000397
GP,SGNG1009398,pre_gate,26.6,100000000398
DANGER,YMLU1009399,pre_gate,4.9,100000000399
GP,HMMU1009400,pre_gate,31.7,100000000400
RF,MAEU1009401,pre_gate,14.8,100000000401
RF,COSU1009402,pre_gate,26.7,100000000402
RF,EVER1009403,pre_gate,20.1,100000000403
DANGER,ONEU1009404,pre_gate,14.6,100000000404
GP,CMAU1009405,pre_gate,28.3,100000000405
DANGER,SGNG1009406,pre_gate,16.8,100000000406
DANGER,YMLU1009407,pre_gate,12.9,100000000407
GP,HMMU1009408,pre_gate,13.7,100000000408
GP,MAEU1009409,pre_gate,30,100000000409
GP,COSU1009410,pre_gate,12.9,100000000410
GP,EVER1009411,pre_gate,18.3,100000000411
GP,ONEU1009412,pre_gate,26.2,100000000412
GP,CMAU1009413,pre_gate,14.3,100000000413
RF,SGNG1009414,pre_gate,26.8,100000000414
GP,YMLU1009415,pre_gate,2.8,100000000415
GP,HMMU1009416,pre_gate,25.6,100000000416
DANGER,MAEU1009417,pre_gate,23,100000000417
GP,COSU1009418,pre_gate,31.5,100000000418
RF,EVER1009419,pre_gate,30.1,100000000419
RF,ONEU1009420,pre_gate,28.3,100000000420
RF,CMAU1009421,pre_gate,22.2,100000000421
GP,SGNG1009422,pre_gate,25.7,100000000422
GP,YMLU1009423,pre_gate,19.7,100000000423
GP,HMMU1009424,pre_gate,12.6,100000000424
DANGER,MAEU1009425,pre_gate,30.9,100000000425
GP,COSU1009426,pre_gate,16.3,100000000426
GP,EVER1009427,pre_gate,17.2,100000000427
DANGER,ONEU1009428,pre_gate,3.5,100000000428
GP,CMAU1009429,pre_gate,32.4,100000000429
GP,SGNG1009430,pre_gate,13.5,100000000430
GP,YMLU1009431,pre_gate,3.4,100000000431
RF,HMMU1009432,pre_gate,20.8,100000000432
GP,MAEU1009433,pre_gate,5.6,100000000433
RF,COSU1009434,pre_gate,6.9,100000000434
RF,EVER1009435,pre_gate,15.4,100000000435
GP,ONEU1009436,pre_gate,29.5,100000000436
GP,CMAU1009437,pre_gate,13.4,100000000437
GP,SGNG1009438,pre_gate,21.9,100000000438
GP,YMLU1009439,pre_gate,9.6,100000000439
GP,HMMU1009440,pre_gate,20.8,100000000440
RF,MAEU1009441,pre_gate,27.1,100000000441
DANGER,COSU1009442,pre_gate,30,100000000442
GP,EVER1009443,pre_gate,15.4,100000000443
GP,ONEU1009444,pre_gate,22.1,100000000444
GP,CMAU1009445,pre_gate,20.5,100000000445
RF,SGNG1009446,pre_gate,11.6,100000000446
GP,YMLU1009447,pre_gate,25.3,100000000447
GP,HMMU1009448,pre_gate,30.7,100000000448
RF,MAEU1009449,pre_gate,2.7,100000000449
GP,COSU1009450,pre_gate,5.5,100000000450
GP,EVER1009451,pre_gate,10.4,100000000451
GP,ONEU1009452,pre_gate,27.1,100000000452
GP,CMAU1009453,pre_gate,7.8,100000000453
GP,SGNG1009454,pre_gate,11.3,100000000454
GP,YMLU1009455,pre_gate,13.5,100000000455
RF,HMMU1009456,pre_gate,21.6,100000000456
GP,MAEU1009457,pre_gate,25.6,100000000457
DANGER,COSU1009458,pre_gate,5.8,100000000458
GP,EVER1009459,pre_gate,2.9,100000000459
GP,ONEU1009460,pre_gate,17.3,100000000460
RF,CMAU1009461,pre_gate,10.7,100000000461
RF,SGNG1009462,pre_gate,20,100000000462
GP,YMLU1009463,pre_gate,3.7,100000000463
DANGER,HMMU1009464,pre_gate,26.2,100000000464
GP,MAEU1009465,pre_gate,5.6,100000000465
GP,COSU1009466,pre_gate,11.4,100000000466
DANGER,EVER1009467,pre_gate,4.5,100000000467
GP,ONEU1009468,pre_gate,3.5,100000000468
GP,CMAU1009469,pre_gate,21.6,100000000469
GP,SGNG1009470,pre_gate,16.4,100000000470
GP,YMLU1009471,pre_gate,21.3,100000000471
GP,HMMU1009472,pre_gate,7.1,100000000472
GP,MAEU1009473,pre_gate,23,100000000473
DANGER,COSU1009474,pre_gate,2.8,100000000474
GP,EVER1009475,pre_gate,20.4,100000000475
GP,ONEU1009476,pre_gate,32.3,100000000476
RF,CMAU1009477,pre_gate,16.7,100000000477
GP,SGNG1009478,pre_gate,16.2,100000000478
GP,YMLU1009479,pre_gate,26.8,100000000479
GP,HMMU1009480,pre_gate,21.2,100000000480
RF,MAEU1009481,pre_gate,20.3,100000000481
GP,COSU1009482,pre_gate,17.5,100000000482
GP,EVER1009483,pre_gate,19.7,100000000483
GP,ONEU1009484,pre_gate,10.5,100000000484
GP,CMAU1009485,pre_gate,26.3,100000000485
RF,SGNG1009486,pre_gate,25.8,100000000486
GP,YMLU1009487,pre_gate,21.3,100000000487
GP,HMMU1009488,pre_gate,5.2,100000000488
RF,MAEU1009489,pre_gate,9.5,100000000489
GP,COSU1009490,pre_gate,3.7,100000000490
DANGER,EVER1009491,pre_gate,15.3,100000000491
GP,ONEU1009492,pre_gate,7.3,100000000492
RF,CMAU1009493,pre_gate,32.4,100000000493
GP,SGNG1009494,pre_gate,30.2,100000000494
GP,YMLU1009495,pre_gate,25.5,100000000495
DANGER,HMMU1009496,pre_gate,9,100000000496
RF,MAEU1009497,pre_gate,25.8,100000000497
RF,COSU1009498,pre_gate,21,100000000498
RF,EVER1009499,pre_gate,28.8,100000000499
DANGER,ONEU1009500,pre_gate,22.8,100000000500
GP,CMAU1009501,pre_gate,21.5,100000000501
GP,SGNG1009502,pre_gate,20.1,100000000502
DANGER,YMLU1009503,pre_gate,17,100000000503
GP,HMMU1009504,pre_gate,21.1,100000000504
GP,MAEU1009505,pre_gate,25.6,100000000505
GP,COSU1009506,pre_gate,7.9,100000000506
GP,EVER1009507,pre_gate,19.9,100000000507
RF,ONEU1009508,pre_gate,20,100000000508
RF,CMAU1009509,pre_gate,2.9,100000000509
GP,SGNG1009510,pre_gate,5.7,100000000510
GP,YMLU1009511,pre_gate,11.5,100000000511
GP,HMMU1009512,pre_gate,16.6,100000000512
GP,MAEU1009513,pre_gate,3.3,100000000513
RF,COSU1009514,pre_gate,11.1,100000000514
GP,EVER1009515,pre_gate,15.6,100000000515
RF,ONEU1009516,pre_gate,10.9,100000000516
GP,CMAU1009517,pre_gate,26.7,100000000517
GP,SGNG1009518,pre_gate,26.9,100000000518
RF,YMLU1009519,pre_gate,14.4,100000000519
GP,HMMU1009520,pre_gate,26.8,100000000520
RF,MAEU1009521,pre_gate,27.3,100000000521
GP,COSU1009522,pre_gate,6.8,100000000522
GP,EVER1009523,pre_gate,21.4,100000000523
GP,ONEU1009524,pre_gate,11.1,100000000524
DANGER,CMAU1009525,pre_gate,21.8,100000000525
GP,SGNG1009526,pre_gate,7.5,100000000526
DANGER,YMLU1009527,pre_gate,15.4,100000000527
GP,HMMU1009528,pre_gate,11.8,100000000528
GP,MAEU1009529,pre_gate,22,100000000529
GP,COSU1009530,pre_gate,7.7,100000000530
GP,EVER1009531,pre_gate,22.4,100000000531
GP,ONEU1009532,pre_gate,6.1,100000000532
GP,CMAU1009533,pre_gate,24.9,100000000533
GP,SGNG1009534,pre_gate,31.7,100000000534
GP,YMLU1009535,pre_gate,8.6,100000000535
GP,HMMU1009536,pre_gate,16,100000000536
RF,MAEU1009537,pre_gate,4.3,100000000537
GP,COSU1009538,pre_gate,26.6,100000000538
DANGER,EVER1009539,pre_gate,9.5,100000000539
GP,ONEU1009540,pre_gate,29.2,100000000540
GP,CMAU1009541,pre_gate,22,100000000541
GP,SGNG1009542,pre_gate,10,100000000542
GP,YMLU1009543,pre_gate,18.6,100000000543
GP,HMMU1009544,pre_gate,9.9,100000000544
GP,MAEU1009545,pre_gate,16.4,100000000545
GP,COSU1009546,pre_gate,12.8,100000000546
GP,EVER1009547,pre_gate,28.9,100000000547
RF,ONEU1009548,pre_gate,13.6,100000000548
GP,CMAU1009549,pre_gate,23.1,100000000549
GP,SGNG1009550,pre_gate,28.1,100000000550
GP,YMLU1009551,pre_gate,15.2,100000000551
GP,HMMU1009552,pre_gate,7.9,100000000552
GP,MAEU1009553,pre_gate,24.6,100000000553
GP,COSU1009554,pre_gate,29.1,100000000554
GP,EVER1009555,pre_gate,19.1,100000000555
GP,ONEU1009556,pre_gate,15.5,100000000556
RF,CMAU1009557,pre_gate,24.3,100000000557
RF,SGNG1009558,pre_gate,22.3,100000000558
GP,YMLU1009559,pre_gate,31.3,100000000559
DANGER,HMMU1009560,pre_gate,17.5,100000000560
RF,MAEU1009561,pre_gate,5.1,100000000561
GP,COSU1009562,pre_gate,16.7,100000000562
GP,EVER1009563,pre_gate,26.9,100000000563
GP,ONEU1009564,pre_gate,5.3,100000000564
DANGER,CMAU1009565,pre_gate,22.1,100000000565
GP,SGNG1009566,pre_gate,6.5,100000000566
GP,YMLU1009567,pre_gate,17,100000000567
GP,HMMU1009568,pre_gate,18.6,100000000568
GP,MAEU1009569,pre_gate,5.5,100000000569
GP,COSU1009570,pre_gate,10.9,100000000570
GP,EVER1009571,pre_gate,27.7,100000000571
RF,ONEU1009572,pre_gate,18.9,100000000572
GP,CMAU1009573,pre_gate,9.6,100000000573
RF,SGNG1009574,pre_gate,23.9,100000000574
GP,YMLU1009575,pre_gate,22.4,100000000575
GP,HMMU1009576,pre_gate,20.5,100000000576
RF,MAEU1009577,pre_gate,8.8,100000000577
GP,COSU1009578,pre_gate,18.1,100000000578
RF,EVER1009579,pre_gate,13.5,100000000579
DANGER,ONEU1009580,pre_gate,16.9,100000000580
GP,CMAU1009581,pre_gate,16.6,100000000581
GP,SGNG1009582,pre_gate,17.4,100000000582
DANGER,YMLU1009583,pre_gate,21.2,100000000583
GP,HMMU1009584,pre_gate,11.8,100000000584
RF,MAEU1009585,pre_gate,20.3,100000000585
GP,COSU1009586,pre_gate,29,100000000586
RF,EVER1009587,pre_gate,31.7,100000000587
GP,ONEU1009588,pre_gate,19.7,100000000588
GP,CMAU1009589,pre_gate,16.3,100000000589
GP,SGNG1009590,pre_gate,20.3,100000000590
GP,YMLU1009591,pre_gate,19.7,100000000591
GP,HMMU1009592,pre_gate,4.3,100000000592
GP,MAEU1009593,pre_gate,29.5,100000000593
RF,COSU1009594,pre_gate,16,100000000594
GP,EVER1009595,pre_gate,6.4,100000000595
GP,ONEU1009596,pre_gate,25.2,100000000596
DANGER,CMAU1009597,pre_gate,25,100000000597
GP,SGNG1009598,pre_gate,3.5,100000000598
RF,YMLU1009599,pre_gate,28.3,100000000599
GP,HMMU1009600,pre_gate,8.2,100000000600
GP,MAEU1009601,pre_gate,16.2,100000000601
GP,COSU1009602,pre_gate,24.3,100000000602
RF,EVER1009603,pre_gate,18,100000000603
RF,ONEU1009604,pre_gate,11.4,100000000604
GP,CMAU1009605,pre_gate,12.8,100000000605
GP,SGNG1009606,pre_gate,17.3,100000000606
GP,YMLU1009607,pre_gate,5.9,100000000607
GP,HMMU1009608,pre_gate,11.4,100000000608
GP,MAEU1009609,pre_gate,11.1,100000000609
GP,COSU1009610,pre_gate,5.5,100000000610
RF,EVER1009611,pre_gate,8.2,100000000611
GP,ONEU1009612,pre_gate,6.2,100000000612
GP,CMAU1009613,pre_gate,29.6,100000000613
GP,SGNG1009614,pre_gate,12,100000000614
GP,YMLU1009615,pre_gate,28.9,100000000615
GP,HMMU1009616,pre_gate,24.2,100000000616
RF,MAEU1009617,pre_gate,20.1,100000000617
GP,COSU1009618,pre_gate,20.4,100000000618
GP,EVER1009619,pre_gate,4.9,100000000619
RF,ONEU1009620,pre_gate,22.6,100000000620
GP,CMAU1009621,pre_gate,21.2,100000000621
GP,SGNG1009622,pre_gate,3.4,100000000622
GP,YMLU1009623,pre_gate,30.4,100000000623
DANGER,HMMU1009624,pre_gate,23.7,100000000624
GP,MAEU1009625,pre_gate,11.8,100000000625
GP,COSU1009626,pre_gate,16.4,100000000626
GP,EVER1009627,pre_gate,28.4,100000000627
GP,ONEU1009628,pre_gate,5.6,100000000628
GP,CMAU1009629,pre_gate,32.3,100000000629
GP,SGNG1009630,pre_gate,12.3,100000000630
GP,YMLU1009631,pre_gate,3,100000000631
GP,HMMU1009632,pre_gate,7.3,100000000632
GP,MAEU1009633,pre_gate,26.8,100000000633
GP,COSU1009634,pre_gate,23,100000000634
GP,EVER1009635,pre_gate,23.1,100000000635
RF,ONEU1009636,pre_gate,21.6,100000000636
RF,CMAU1009637,pre_gate,27.5,100000000637
GP,SGNG1009638,pre_gate,15.2,100000000638
GP,YMLU1009639,pre_gate,29.5,100000000639
RF,HMMU1009640,pre_gate,32.2,100000000640
GP,MAEU1009641,pre_gate,19.1,100000000641
RF,COSU1009642,pre_gate,22.7,100000000642
GP,EVER1009643,pre_gate,22.9,100000000643
RF,ONEU1009644,pre_gate,18,100000000644
GP,CMAU1009645,pre_gate,28.9,100000000645
RF,SGNG1009646,pre_gate,30.2,100000000646
RF,YMLU1009647,pre_gate,31.6,100000000647
RF,HMMU1009648,pre_gate,26.4,100000000648
RF,MAEU1009649,pre_gate,16.8,100000000649
GP,COSU1009650,pre_gate,30.2,100000000650
RF,EVER1009651,pre_gate,18.2,100000000651
GP,ONEU1009652,pre_gate,19.7,100000000652
GP,CMAU1009653,pre_gate,15.3,100000000653
GP,SGNG1009654,pre_gate,7.5,100000000654
RF,YMLU1009655,pre_gate,10,100000000655
GP,HMMU1009656,pre_gate,23.6,100000000656
GP,MAEU1009657,pre_gate,10.3,100000000657
GP,COSU1009658,pre_gate,24.3,100000000658
GP,EVER1009659,pre_gate,27,100000000659
GP,ONEU1009660,pre_gate,3.4,100000000660
GP,CMAU1009661,pre_gate,17.2,100000000661
RF,SGNG1009662,pre_gate,5.6,100000000662
GP,YMLU1009663,pre_gate,21.7,100000000663
RF,HMMU1009664,pre_gate,25.5,100000000664
RF,MAEU1009665,pre_gate,2.5,100000000665
GP,COSU1009666,pre_gate,14.3,100000000666
DANGER,EVER1009667,pre_gate,12.6,100000000667
RF,ONEU1009668,pre_gate,11.7,100000000668
RF,CMAU1009669,pre_gate,14.4,100000000669
RF,SGNG1009670,pre_gate,21.5,100000000670
GP,YMLU1009671,pre_gate,16.1,100000000671
GP,HMMU1009672,pre_gate,11.5,100000000672
GP,MAEU1009673,pre_gate,20.9,100000000673
RF,COSU1009674,pre_gate,22,100000000674
GP,EVER1009675,pre_gate,6.3,100000000675
DANGER,ONEU1009676,pre_gate,29.4,100000000676
DANGER,CMAU1009677,pre_gate,6.7,100000000677
RF,SGNG1009678,pre_gate,25,100000000678
GP,YMLU1009679,pre_gate,29.8,100000000679
GP,HMMU1009680,pre_gate,22,100000000680
RF,MAEU1009681,pre_gate,12.1,100000000681
GP,COSU1009682,pre_gate,8,100000000682
RF,EVER1009683,pre_gate,17.5,100000000683
GP,ONEU1009684,pre_gate,5.6,100000000684
GP,CMAU1009685,pre_gate,18.1,100000000685
GP,SGNG1009686,pre_gate,12.7,100000000686
DANGER,YMLU1009687,pre_gate,12.3,100000000687
RF,HMMU1009688,pre_gate,21.4,100000000688
GP,MAEU1009689,pre_gate,23.9,100000000689
DANGER,COSU1009690,pre_gate,16.5,100000000690
GP,EVER1009691,pre_gate,9.6,100000000691
RF,ONEU1009692,pre_gate,22.6,100000000692
GP,CMAU1009693,pre_gate,8.7,100000000693
GP,SGNG1009694,pre_gate,24.9,100000000694
RF,YMLU1009695,pre_gate,10.8,100000000695
GP,HMMU1009696,pre_gate,29.1,100000000696
GP,MAEU1009697,pre_gate,11.6,100000000697
GP,COSU1009698,pre_gate,18.6,100000000698
GP,EVER1009699,pre_gate,20.9,100000000699
GP,ONEU1009700,pre_gate,30.9,100000000700
RF,CMAU1009701,pre_gate,25.6,100000000701
GP,SGNG1009702,pre_gate,27.2,100000000702
DANGER,YMLU1009703,pre_gate,26.1,100000000703
GP,HMMU1009704,pre_gate,7.3,100000000704
RF,MAEU1009705,pre_gate,12.2,100000000705
GP,COSU1009706,pre_gate,21.1,100000000706
DANGER,EVER1009707,pre_gate,28.3,100000000707
GP,ONEU1009708,pre_gate,12.8,100000000708
RF,CMAU1009709,pre_gate,28.4,100000000709
RF,SGNG1009710,pre_gate,14.6,100000000710
GP,YMLU1009711,pre_gate,16.9,100000000711
GP,HMMU1009712,pre_gate,26.4,100000000712
GP,MAEU1009713,pre_gate,20.8,100000000713
GP,COSU1009714,pre_gate,10.9,100000000714
DANGER,EVER1009715,pre_gate,21.7,100000000715
GP,ONEU1009716,pre_gate,10,100000000716
RF,CMAU1009717,pre_gate,9.8,100000000717
DANGER,SGNG1009718,pre_gate,16.7,100000000718
GP,YMLU1009719,pre_gate,13.9,100000000719
RF,HMMU1009720,pre_gate,21.3,100000000720
GP,MAEU1009721,pre_gate,24.6,100000000721
GP,COSU1009722,pre_gate,29.1,100000000722
GP,EVER1009723,pre_gate,4.5,100000000723
GP,ONEU1009724,pre_gate,29.7,100000000724
RF,CMAU1009725,pre_gate,22.5,100000000725
DANGER,SGNG1009726,pre_gate,17,100000000726
GP,YMLU1009727,pre_gate,16.6,100000000727
DANGER,HMMU1009728,pre_gate,23.5,100000000728
GP,MAEU1009729,pre_gate,23.3,100000000729
GP,COSU1009730,pre_gate,31,100000000730
GP,EVER1009731,pre_gate,25.7,100000000731
GP,ONEU1009732,pre_gate,7.1,100000000732
RF,CMAU1009733,pre_gate,17.9,100000000733
RF,SGNG1009734,pre_gate,31.9,100000000734
GP,YMLU1009735,pre_gate,16.7,100000000735
RF,HMMU1009736,pre_gate,4.2,100000000736
GP,MAEU1009737,pre_gate,15.5,100000000737
DANGER,COSU1009738,pre_gate,28.5,100000000738
GP,EVER1009739,pre_gate,3.5,100000000739
GP,ONEU1009740,pre_gate,17.7,100000000740
RF,CMAU1009741,pre_gate,13.8,100000000741
GP,SGNG1009742,pre_gate,8,100000000742
DANGER,YMLU1009743,pre_gate,15.4,100000000743
GP,HMMU1009744,pre_gate,17.1,100000000744
GP,MAEU1009745,pre_gate,26.6,100000000745
RF,COSU1009746,pre_gate,18.5,100000000746
GP,EVER1009747,pre_gate,11.1,100000000747
RF,ONEU1009748,pre_gate,27.4,100000000748
DANGER,CMAU1009749,pre_gate,10,100000000749
DANGER,SGNG1009750,pre_gate,29.6,100000000750
RF,YMLU1009751,pre_gate,8.5,100000000751
GP,HMMU1009752,pre_gate,22.5,100000000752
GP,MAEU1009753,pre_gate,15.3,100000000753
RF,COSU1009754,pre_gate,13.1,100000000754
GP,EVER1009755,pre_gate,19.2,100000000755
GP,ONEU1009756,pre_gate,28.8,100000000756
GP,CMAU1009757,pre_gate,14.9,100000000757
GP,SGNG1009758,pre_gate,23.6,100000000758
GP,YMLU1009759,pre_gate,3.8,100000000759
RF,HMMU1009760,pre_gate,9.3,100000000760
RF,MAEU1009761,pre_gate,23.9,100000000761
GP,COSU1009762,pre_gate,15.9,100000000762
GP,EVER1009763,pre_gate,5.4,100000000763
RF,ONEU1009764,pre_gate,19.5,100000000764
GP,CMAU1009765,pre_gate,17,100000000765
RF,SGNG1009766,pre_gate,26.7,100000000766
GP,YMLU1009767,pre_gate,18.1,100000000767
GP,HMMU1009768,pre_gate,25.9,100000000768
GP,MAEU1009769,pre_gate,22.2,100000000769
GP,COSU1009770,pre_gate,31.7,100000000770
RF,EVER1009771,pre_gate,10.1,100000000771
GP,ONEU1009772,pre_gate,12.3,100000000772
GP,CMAU1009773,pre_gate,28.2,100000000773
RF,SGNG1009774,pre_gate,31.7,100000000774
RF,YMLU1009775,pre_gate,30.8,100000000775
GP,HMMU1009776,pre_gate,31.5,100000000776
GP,MAEU1009777,pre_gate,10.2,100000000777
RF,COSU1009778,pre_gate,27.6,100000000778
GP,EVER1009779,pre_gate,4.7,100000000779
GP,ONEU1009780,pre_gate,27.4,100000000780
RF,CMAU1009781,pre_gate,25.1,100000000781
GP,SGNG1009782,pre_gate,18.9,100000000782
GP,YMLU1009783,pre_gate,2.9,100000000783
GP,HMMU1009784,pre_gate,25.3,100000000784
RF,MAEU1009785,pre_gate,24.2,100000000785
GP,COSU1009786,pre_gate,30.7,100000000786
RF,EVER1009787,pre_gate,13.8,100000000787
RF,ONEU1009788,pre_gate,20.7,100000000788
RF,CMAU1009789,pre_gate,27.8,100000000789
GP,SGNG1009790,pre_gate,17.1,100000000790
GP,YMLU1009791,pre_gate,10.3,100000000791
GP,HMMU1009792,pre_gate,26.1,100000000792
GP,MAEU1009793,pre_gate,4.6,100000000793
RF,COSU1009794,pre_gate,32.5,100000000794
GP,EVER1009795,pre_gate,15.8,100000000795
RF,ONEU1009796,pre_gate,26.2,100000000796
GP,CMAU1009797,pre_gate,10,100000000797
GP,SGNG1009798,pre_gate,23.7,100000000798
GP,YMLU1009799,pre_gate,13.4,100000000799
GP,HMMU1009800,pre_gate,27,100000000800
DANGER,MAEU1009801,pre_gate,2.9,100000000801
RF,COSU1009802,pre_gate,17.2,100000000802
RF,EVER1009803,pre_gate,18.7,100000000803
GP,ONEU1009804,pre_gate,7.9,100000000804
GP,CMAU1009805,pre_gate,3.6,100000000805
GP,SGNG1009806,pre_gate,8.6,100000000806
RF,YMLU1009807,pre_gate,17.4,100000000807
RF,HMMU1009808,pre_gate,21.2,100000000808
GP,MAEU1009809,pre_gate,11.6,100000000809
RF,COSU1009810,pre_gate,13.9,100000000810
DANGER,EVER1009811,pre_gate,30.5,100000000811
GP,ONEU1009812,pre_gate,30.6,100000000812
DANGER,CMAU1009813,pre_gate,14.1,100000000813
GP,SGNG1009814,pre_gate,3,100000000814
RF,YMLU1009815,pre_gate,20.8,100000000815
GP,HMMU1009816,pre_gate,20.8,100000000816
RF,MAEU1009817,pre_gate,24.2,100000000817
RF,COSU1009818,pre_gate,2.6,100000000818
GP,EVER1009819,pre_gate,7.7,100000000819
GP,ONEU1009820,pre_gate,31.3,100000000820
GP,CMAU1009821,pre_gate,29.6,100000000821
RF,SGNG1009822,pre_gate,13.4,100000000822
GP,YMLU1009823,pre_gate,9.4,100000000823
RF,HMMU1009824,pre_gate,32.2,100000000824
GP,MAEU1009825,pre_gate,11.8,100000000825
GP,COSU1009826,pre_gate,11.2,100000000826
GP,EVER1009827,pre_gate,13.3,100000000827
GP,ONEU1009828,pre_gate,16.2,100000000828
GP,CMAU1009829,pre_gate,26.8,100000000829
GP,SGNG1009830,pre_gate,5.4,100000000830
GP,YMLU1009831,pre_gate,28.9,100000000831
GP,HMMU1009832,pre_gate,9.4,100000000832
GP,MAEU1009833,pre_gate,31.3,100000000833
GP,COSU1009834,pre_gate,28.7,100000000834
RF,EVER1009835,pre_gate,13,100000000835
GP,ONEU1009836,pre_gate,11,100000000836
GP,CMAU1009837,pre_gate,27.3,100000000837
GP,SGNG1009838,pre_gate,12.9,100000000838
GP,YMLU1009839,pre_gate,14.8,100000000839
RF,HMMU1009840,pre_gate,27.6,100000000840
GP,MAEU1009841,pre_gate,19.3,100000000841
GP,COSU1009842,pre_gate,8.2,100000000842
RF,EVER1009843,pre_gate,29.6,100000000843
RF,ONEU1009844,pre_gate,10.5,100000000844
DANGER,CMAU1009845,pre_gate,13.7,100000000845
DANGER,SGNG1009846,pre_gate,31.6,100000000846
RF,YMLU1009847,pre_gate,4.6,100000000847
GP,HMMU1009848,pre_gate,13.2,100000000848
GP,MAEU1009849,pre_gate,13.3,100000000849
GP,COSU1009850,pre_gate,17.2,100000000850
DANGER,EVER1009851,pre_gate,13.2,100000000851
RF,ONEU1009852,pre_gate,5.2,100000000852
GP,CMAU1009853,pre_gate,28.1,100000000853
GP,SGNG1009854,pre_gate,15.1,100000000854
GP,YMLU1009855,pre_gate,4.6,100000000855
GP,HMMU1009856,pre_gate,15.1,100000000856
DANGER,MAEU1009857,pre_gate,6.5,100000000857
GP,COSU1009858,pre_gate,15.2,100000000858
RF,EVER1009859,pre_gate,27.6,100000000859
GP,ONEU1009860,pre_gate,11.8,100000000860
DANGER,CMAU1009861,pre_gate,20.1,100000000861
RF,SGNG1009862,pre_gate,10.1,100000000862
GP,YMLU1009863,pre_gate,25.7,100000000863
RF,HMMU1009864,pre_gate,13.8,100000000864
RF,MAEU1009865,pre_gate,17.4,100000000865
GP,COSU1009866,pre_gate,14.5,100000000866
RF,EVER1009867,pre_gate,28,100000000867
GP,ONEU1009868,pre_gate,2.9,100000000868
RF,CMAU1009869,pre_gate,27.3,100000000869
DANGER,SGNG1009870,pre_gate,27.9,100000000870
GP,YMLU1009871,pre_gate,3.2,100000000871
GP,HMMU1009872,pre_gate,28.2,100000000872
RF,MAEU1009873,pre_gate,9.2,100000000873
GP,COSU1009874,pre_gate,16.4,100000000874
RF,EVER1009875,pre_gate,30.1,100000000875
GP,ONEU1009876,pre_gate,13.9,100000000876
GP,CMAU1009877,pre_gate,21.3,100000000877
GP,SGNG1009878,pre_gate,2.6,100000000878
GP,YMLU1009879,pre_gate,12.4,100000000879
GP,HMMU1009880,pre_gate,27.9,100000000880
GP,MAEU1009881,pre_gate,24.5,100000000881
GP,COSU1009882,pre_gate,3.3,100000000882
GP,EVER1009883,pre_gate,19.7,100000000883
GP,ONEU1009884,pre_gate,28.6,100000000884
GP,CMAU1009885,pre_gate,17.9,100000000885
GP,SGNG1009886,pre_gate,7.8,100000000886
GP,YMLU1009887,pre_gate,29.3,100000000887
GP,HMMU1009888,pre_gate,23.3,100000000888
GP,MAEU1009889,pre_gate,5.1,100000000889
GP,COSU1009890,pre_gate,30.9,100000000890
RF,EVER1009891,pre_gate,7,100000000891
GP,ONEU1009892,pre_gate,27.9,100000000892
GP,CMAU1009893,pre_gate,15.9,100000000893
GP,SGNG1009894,pre_gate,28.6,100000000894
GP,YMLU1009895,pre_gate,30,100000000895
DANGER,HMMU1009896,pre_gate,7.8,100000000896
GP,MAEU1009897,pre_gate,9.1,100000000897
GP,COSU1009898,pre_gate,26.4,100000000898
GP,EVER1009899,pre_gate,17.4,100000000899
GP,ONEU1009900,pre_gate,16,100000000900
RF,CMAU1009901,pre_gate,12.8,100000000901
RF,SGNG1009902,pre_gate,19.6,100000000902
GP,YMLU1009903,pre_gate,26.4,100000000903
GP,HMMU1009904,pre_gate,30.3,100000000904
DANGER,MAEU1009905,pre_gate,26,100000000905
RF,COSU1009906,pre_gate,9.3,100000000906
GP,EVER1009907,pre_gate,25,100000000907
GP,ONEU1009908,pre_gate,18.3,100000000908
DANGER,CMAU1009909,pre_gate,5,100000000909
RF,SGNG1009910,pre_gate,29.9,100000000910
DANGER,YMLU1009911,pre_gate,16.5,100000000911
GP,HMMU1009912,pre_gate,9,100000000912
GP,MAEU1009913,pre_gate,25.8,100000000913
RF,COSU1009914,pre_gate,15,100000000914
RF,EVER1009915,pre_gate,13.3,100000000915
GP,ONEU1009916,pre_gate,20.2,100000000916
RF,CMAU1009917,pre_gate,14.6,100000000917
GP,SGNG1009918,pre_gate,24.3,100000000918
GP,YMLU1009919,pre_gate,31.1,100000000919
GP,HMMU1009920,pre_gate,10.3,100000000920
GP,MAEU1009921,pre_gate,7,100000000921
DANGER,COSU1009922,pre_gate,31.3,100000000922
GP,EVER1009923,pre_gate,11.4,100000000923
GP,ONEU1009924,pre_gate,26.8,100000000924
GP,CMAU1009925,pre_gate,31.1,100000000925
GP,SGNG1009926,pre_gate,4.6,100000000926
DANGER,YMLU1009927,pre_gate,29,100000000927
DANGER,HMMU1009928,pre_gate,10.3,100000000928
RF,MAEU1009929,pre_gate,6.8,100000000929
GP,COSU1009930,pre_gate,16.7,100000000930
RF,EVER1009931,pre_gate,20.2,100000000931
GP,ONEU1009932,pre_gate,31.5,100000000932
GP,CMAU1009933,pre_gate,23.9,100000000933
RF,SGNG1009934,pre_gate,27.3,100000000934
GP,YMLU1009935,pre_gate,4.5,100000000935
RF,HMMU1009936,pre_gate,19.7,100000000936
RF,MAEU1009937,pre_gate,19.4,100000000937
RF,COSU1009938,pre_gate,26.6,100000000938
GP,EVER1009939,pre_gate,20.4,100000000939
GP,ONEU1009940,pre_gate,14.3,100000000940
DANGER,CMAU1009941,pre_gate,18.4,100000000941
RF,SGNG1009942,pre_gate,7.4,100000000942
RF,YMLU1009943,pre_gate,14.9,100000000943
GP,HMMU1009944,pre_gate,7.8,100000000944
GP,MAEU1009945,pre_gate,24.3,100000000945
GP,COSU1009946,pre_gate,11.3,100000000946
GP,EVER1009947,pre_gate,5.5,100000000947
GP,ONEU1009948,pre_gate,27.8,100000000948
GP,CMAU1009949,pre_gate,4.8,100000000949
GP,SGNG1009950,pre_gate,16.1,100000000950
GP,YMLU1009951,pre_gate,30.9,100000000951
GP,HMMU1009952,pre_gate,24.5,100000000952
GP,MAEU1009953,pre_gate,20.3,100000000953
GP,COSU1009954,pre_gate,6.9,100000000954
RF,EVER1009955,pre_gate,27.2,100000000955
GP,ONEU1009956,pre_gate,27.3,100000000956
GP,CMAU1009957,pre_gate,5.4,100000000957
GP,SGNG1009958,pre_gate,15.3,100000000958
GP,YMLU1009959,pre_gate,18.8,100000000959
GP,HMMU1009960,pre_gate,10.9,100000000960
GP,MAEU1009961,pre_gate,28.1,100000000961
RF,COSU1009962,pre_gate,29.1,100000000962
GP,EVER1009963,pre_gate,11.9,100000000963
GP,ONEU1009964,pre_gate,25.9,100000000964
GP,CMAU1009965,pre_gate,5.6,100000000965
GP,SGNG1009966,pre_gate,8.9,100000000966
GP,YMLU1009967,pre_gate,3.1,100000000967
GP,HMMU1009968,pre_gate,29.6,100000000968
RF,MAEU1009969,pre_gate,4.2,100000000969
DANGER,COSU1009970,pre_gate,31.1,100000000970
GP,EVER1009971,pre_gate,9.5,100000000971
RF,ONEU1009972,pre_gate,31.5,100000000972
DANGER,CMAU1009973,pre_gate,16,100000000973
GP,SGNG1009974,pre_gate,23.1,100000000974
GP,YMLU1009975,pre_gate,10.1,100000000975
GP,HMMU1009976,pre_gate,24.4,100000000976
GP,MAEU1009977,pre_gate,13.8,100000000977
RF,COSU1009978,pre_gate,24.5,100000000978
GP,EVER1009979,pre_gate,24.7,100000000979
RF,ONEU1009980,pre_gate,30.2,100000000980
GP,CMAU1009981,pre_gate,4.2,100000000981
RF,SGNG1009982,pre_gate,20,100000000982
GP,YMLU1009983,pre_gate,18.8,100000000983
DANGER,HMMU1009984,pre_gate,23.4,100000000984
GP,MAEU1009985,pre_gate,10.1,100000000985
GP,COSU1009986,pre_gate,21.2,100000000986
GP,EVER1009987,pre_gate,16,100000000987
RF,ONEU1009988,pre_gate,13.7,100000000988
GP,CMAU1009989,pre_gate,11.9,100000000989
GP,SGNG1009990,pre_gate,8.3,100000000990
RF,YMLU1009991,pre_gate,16.8,100000000991
GP,HMMU1009992,pre_gate,32.4,100000000992
GP,MAEU1009993,pre_gate,9.2,100000000993
DANGER,COSU1009994,pre_gate,16.1,100000000994
RF,EVER1009995,pre_gate,5.7,100000000995
GP,ONEU1009996,pre_gate,6.2,100000000996
GP,CMAU1009997,pre_gate,6.3,100000000997
GP,SGNG1009998,pre_gate,3.8,100000000998
GP,YMLU1009999,pre_gate,14.7,100000000999
GP,HMMU1010000,pre_gate,19.7,100000001000
